ISO-10303-21;
HEADER;
/* Generated by software containing ST-Developer
 * from STEP Tools, Inc. (www.steptools.com) 
 */

FILE_DESCRIPTION(
/* description */ (''),
/* implementation_level */ '2;1');

FILE_NAME(
/* name */ 'NanoVTXheatsink v11.step',
/* time_stamp */ '2023-09-12T21:41:11+08:00',
/* author */ (''),
/* organization */ (''),
/* preprocessor_version */ 'ST-DEVELOPER v20',
/* originating_system */ 'Autodesk Translation Framework v12.9.0.99',
/* authorisation */ '');

FILE_SCHEMA (('AUTOMOTIVE_DESIGN { 1 0 10303 214 3 1 1 }'));
ENDSEC;

DATA;
#10=MECHANICAL_DESIGN_GEOMETRIC_PRESENTATION_REPRESENTATION('',(#13,#14,
#15),#6209);
#11=SHAPE_REPRESENTATION_RELATIONSHIP('SRR','None',#6216,#12);
#12=ADVANCED_BREP_SHAPE_REPRESENTATION('',(#16,#17,#18),#6208);
#13=STYLED_ITEM('',(#6225),#16);
#14=STYLED_ITEM('',(#6225),#17);
#15=STYLED_ITEM('',(#6225),#18);
#16=MANIFOLD_SOLID_BREP('Body6',#3682);
#17=MANIFOLD_SOLID_BREP('Body7',#3683);
#18=MANIFOLD_SOLID_BREP('Body9',#3684);
#19=FACE_BOUND('',#464,.T.);
#20=FACE_BOUND('',#467,.T.);
#21=FACE_BOUND('',#470,.T.);
#22=FACE_BOUND('',#473,.T.);
#23=FACE_BOUND('',#479,.T.);
#24=FACE_BOUND('',#480,.T.);
#25=FACE_BOUND('',#482,.T.);
#26=FACE_BOUND('',#483,.T.);
#27=FACE_BOUND('',#513,.T.);
#28=FACE_BOUND('',#514,.T.);
#29=FACE_BOUND('',#515,.T.);
#30=FACE_BOUND('',#516,.T.);
#31=FACE_BOUND('',#527,.T.);
#32=FACE_BOUND('',#528,.T.);
#33=FACE_BOUND('',#529,.T.);
#34=FACE_BOUND('',#555,.T.);
#35=FACE_BOUND('',#591,.T.);
#36=FACE_BOUND('',#594,.T.);
#37=FACE_BOUND('',#596,.T.);
#38=FACE_BOUND('',#599,.T.);
#39=FACE_BOUND('',#601,.T.);
#40=FACE_BOUND('',#651,.T.);
#41=FACE_BOUND('',#652,.T.);
#42=FACE_BOUND('',#653,.T.);
#43=FACE_BOUND('',#654,.T.);
#44=FACE_BOUND('',#655,.T.);
#45=PLANE('',#3701);
#46=PLANE('',#3706);
#47=PLANE('',#3711);
#48=PLANE('',#3716);
#49=PLANE('',#3726);
#50=PLANE('',#3728);
#51=PLANE('',#3730);
#52=PLANE('',#3732);
#53=PLANE('',#3736);
#54=PLANE('',#3737);
#55=PLANE('',#3738);
#56=PLANE('',#3739);
#57=PLANE('',#3742);
#58=PLANE('',#3743);
#59=PLANE('',#3744);
#60=PLANE('',#3745);
#61=PLANE('',#3746);
#62=PLANE('',#3747);
#63=PLANE('',#3748);
#64=PLANE('',#3749);
#65=PLANE('',#3750);
#66=PLANE('',#3751);
#67=PLANE('',#3753);
#68=PLANE('',#3754);
#69=PLANE('',#3755);
#70=PLANE('',#3756);
#71=PLANE('',#3757);
#72=PLANE('',#3758);
#73=PLANE('',#3759);
#74=PLANE('',#3760);
#75=PLANE('',#3761);
#76=PLANE('',#3762);
#77=PLANE('',#3763);
#78=PLANE('',#3764);
#79=PLANE('',#3765);
#80=PLANE('',#3766);
#81=PLANE('',#3767);
#82=PLANE('',#3768);
#83=PLANE('',#3769);
#84=PLANE('',#3770);
#85=PLANE('',#3774);
#86=PLANE('',#3775);
#87=PLANE('',#3776);
#88=PLANE('',#3777);
#89=PLANE('',#3778);
#90=PLANE('',#3779);
#91=PLANE('',#3780);
#92=PLANE('',#3781);
#93=PLANE('',#3786);
#94=PLANE('',#3787);
#95=PLANE('',#3788);
#96=PLANE('',#3790);
#97=PLANE('',#3793);
#98=PLANE('',#3794);
#99=PLANE('',#3795);
#100=PLANE('',#3796);
#101=PLANE('',#3797);
#102=PLANE('',#3800);
#103=PLANE('',#3801);
#104=PLANE('',#3802);
#105=PLANE('',#3803);
#106=PLANE('',#3804);
#107=PLANE('',#3805);
#108=PLANE('',#3806);
#109=PLANE('',#3807);
#110=PLANE('',#3808);
#111=PLANE('',#3809);
#112=PLANE('',#3810);
#113=PLANE('',#3811);
#114=PLANE('',#3812);
#115=PLANE('',#3813);
#116=PLANE('',#3814);
#117=PLANE('',#3815);
#118=PLANE('',#3816);
#119=PLANE('',#3817);
#120=PLANE('',#3818);
#121=PLANE('',#3819);
#122=PLANE('',#3820);
#123=PLANE('',#3821);
#124=PLANE('',#3822);
#125=PLANE('',#3823);
#126=PLANE('',#3824);
#127=PLANE('',#3825);
#128=PLANE('',#3826);
#129=PLANE('',#3827);
#130=PLANE('',#3828);
#131=PLANE('',#3829);
#132=PLANE('',#3830);
#133=PLANE('',#3831);
#134=PLANE('',#3832);
#135=PLANE('',#3833);
#136=PLANE('',#3834);
#137=PLANE('',#3841);
#138=PLANE('',#3846);
#139=PLANE('',#3848);
#140=PLANE('',#3853);
#141=PLANE('',#3855);
#142=PLANE('',#3856);
#143=PLANE('',#3857);
#144=PLANE('',#3858);
#145=PLANE('',#3859);
#146=PLANE('',#3860);
#147=PLANE('',#3861);
#148=PLANE('',#3862);
#149=PLANE('',#3863);
#150=PLANE('',#3864);
#151=PLANE('',#3865);
#152=PLANE('',#3866);
#153=PLANE('',#3867);
#154=PLANE('',#3868);
#155=PLANE('',#3869);
#156=PLANE('',#3870);
#157=PLANE('',#3871);
#158=PLANE('',#3872);
#159=PLANE('',#3873);
#160=PLANE('',#3874);
#161=PLANE('',#3875);
#162=PLANE('',#3876);
#163=PLANE('',#3877);
#164=PLANE('',#3878);
#165=PLANE('',#3879);
#166=PLANE('',#3880);
#167=PLANE('',#3881);
#168=PLANE('',#3882);
#169=PLANE('',#3883);
#170=PLANE('',#3884);
#171=PLANE('',#3885);
#172=PLANE('',#3886);
#173=PLANE('',#3887);
#174=PLANE('',#3888);
#175=PLANE('',#3889);
#176=PLANE('',#3890);
#177=PLANE('',#3891);
#178=PLANE('',#3892);
#179=PLANE('',#3901);
#180=PLANE('',#3902);
#181=PLANE('',#3903);
#182=PLANE('',#3904);
#183=PLANE('',#3905);
#184=PLANE('',#3906);
#185=PLANE('',#3907);
#186=PLANE('',#3908);
#187=PLANE('',#3909);
#188=PLANE('',#3910);
#189=PLANE('',#3911);
#190=PLANE('',#3912);
#191=PLANE('',#3913);
#192=PLANE('',#3914);
#193=PLANE('',#3915);
#194=PLANE('',#3916);
#195=PLANE('',#3917);
#196=PLANE('',#3918);
#197=PLANE('',#3919);
#198=PLANE('',#3920);
#199=PLANE('',#3921);
#200=PLANE('',#3922);
#201=PLANE('',#3923);
#202=PLANE('',#3924);
#203=PLANE('',#3925);
#204=PLANE('',#3926);
#205=CIRCLE('',#3699,0.75);
#206=CIRCLE('',#3700,0.75);
#207=CIRCLE('',#3702,0.6);
#208=CIRCLE('',#3704,0.750000000000002);
#209=CIRCLE('',#3705,0.750000000000002);
#210=CIRCLE('',#3707,0.599999999999996);
#211=CIRCLE('',#3709,0.75);
#212=CIRCLE('',#3710,0.75);
#213=CIRCLE('',#3712,0.6);
#214=CIRCLE('',#3714,0.750000000000002);
#215=CIRCLE('',#3715,0.750000000000002);
#216=CIRCLE('',#3717,0.599999999999996);
#217=CIRCLE('',#3719,0.599999999999996);
#218=CIRCLE('',#3721,0.6);
#219=CIRCLE('',#3723,0.599999999999996);
#220=CIRCLE('',#3725,0.6);
#221=CIRCLE('',#3727,0.5);
#222=CIRCLE('',#3729,0.499999999999998);
#223=CIRCLE('',#3731,0.499999999999998);
#224=CIRCLE('',#3733,0.500475976323203);
#225=CIRCLE('',#3735,0.5);
#226=CIRCLE('',#3741,0.499999999999998);
#227=CIRCLE('',#3752,0.500475976323203);
#228=CIRCLE('',#3771,1.);
#229=CIRCLE('',#3772,1.);
#230=CIRCLE('',#3773,1.);
#231=CIRCLE('',#3783,1.);
#232=CIRCLE('',#3785,1.);
#233=CIRCLE('',#3792,0.499999999999998);
#234=CIRCLE('',#3799,1.);
#235=CIRCLE('',#3836,0.999999999999999);
#236=CIRCLE('',#3837,0.999999999999999);
#237=CIRCLE('',#3839,0.999999999999999);
#238=CIRCLE('',#3840,0.999999999999999);
#239=CIRCLE('',#3842,0.600000000000002);
#240=CIRCLE('',#3844,1.00000000000001);
#241=CIRCLE('',#3845,1.00000000000001);
#242=CIRCLE('',#3847,0.599999999999996);
#243=CIRCLE('',#3849,0.600000000000001);
#244=CIRCLE('',#3851,0.999999999999996);
#245=CIRCLE('',#3852,0.999999999999996);
#246=CIRCLE('',#3854,0.599999999999996);
#247=CIRCLE('',#3894,0.599999999999996);
#248=CIRCLE('',#3896,0.600000000000001);
#249=CIRCLE('',#3898,0.599999999999996);
#250=CIRCLE('',#3900,0.600000000000002);
#251=CYLINDRICAL_SURFACE('',#3698,0.75);
#252=CYLINDRICAL_SURFACE('',#3703,0.750000000000002);
#253=CYLINDRICAL_SURFACE('',#3708,0.75);
#254=CYLINDRICAL_SURFACE('',#3713,0.750000000000002);
#255=CYLINDRICAL_SURFACE('',#3718,0.599999999999996);
#256=CYLINDRICAL_SURFACE('',#3720,0.6);
#257=CYLINDRICAL_SURFACE('',#3722,0.599999999999996);
#258=CYLINDRICAL_SURFACE('',#3724,0.6);
#259=CYLINDRICAL_SURFACE('',#3734,0.5);
#260=CYLINDRICAL_SURFACE('',#3740,0.499999999999998);
#261=CYLINDRICAL_SURFACE('',#3782,1.);
#262=CYLINDRICAL_SURFACE('',#3784,1.);
#263=CYLINDRICAL_SURFACE('',#3789,0.500475976323203);
#264=CYLINDRICAL_SURFACE('',#3791,0.499999999999998);
#265=CYLINDRICAL_SURFACE('',#3798,1.);
#266=CYLINDRICAL_SURFACE('',#3835,0.999999999999999);
#267=CYLINDRICAL_SURFACE('',#3838,0.999999999999999);
#268=CYLINDRICAL_SURFACE('',#3843,1.00000000000001);
#269=CYLINDRICAL_SURFACE('',#3850,0.999999999999996);
#270=CYLINDRICAL_SURFACE('',#3893,0.599999999999996);
#271=CYLINDRICAL_SURFACE('',#3895,0.600000000000001);
#272=CYLINDRICAL_SURFACE('',#3897,0.599999999999996);
#273=CYLINDRICAL_SURFACE('',#3899,0.600000000000002);
#274=FACE_OUTER_BOUND('',#461,.T.);
#275=FACE_OUTER_BOUND('',#462,.T.);
#276=FACE_OUTER_BOUND('',#463,.T.);
#277=FACE_OUTER_BOUND('',#465,.T.);
#278=FACE_OUTER_BOUND('',#466,.T.);
#279=FACE_OUTER_BOUND('',#468,.T.);
#280=FACE_OUTER_BOUND('',#469,.T.);
#281=FACE_OUTER_BOUND('',#471,.T.);
#282=FACE_OUTER_BOUND('',#472,.T.);
#283=FACE_OUTER_BOUND('',#474,.T.);
#284=FACE_OUTER_BOUND('',#475,.T.);
#285=FACE_OUTER_BOUND('',#476,.T.);
#286=FACE_OUTER_BOUND('',#477,.T.);
#287=FACE_OUTER_BOUND('',#478,.T.);
#288=FACE_OUTER_BOUND('',#481,.T.);
#289=FACE_OUTER_BOUND('',#484,.T.);
#290=FACE_OUTER_BOUND('',#485,.T.);
#291=FACE_OUTER_BOUND('',#486,.T.);
#292=FACE_OUTER_BOUND('',#487,.T.);
#293=FACE_OUTER_BOUND('',#488,.T.);
#294=FACE_OUTER_BOUND('',#489,.T.);
#295=FACE_OUTER_BOUND('',#490,.T.);
#296=FACE_OUTER_BOUND('',#491,.T.);
#297=FACE_OUTER_BOUND('',#492,.T.);
#298=FACE_OUTER_BOUND('',#493,.T.);
#299=FACE_OUTER_BOUND('',#494,.T.);
#300=FACE_OUTER_BOUND('',#495,.T.);
#301=FACE_OUTER_BOUND('',#496,.T.);
#302=FACE_OUTER_BOUND('',#497,.T.);
#303=FACE_OUTER_BOUND('',#498,.T.);
#304=FACE_OUTER_BOUND('',#499,.T.);
#305=FACE_OUTER_BOUND('',#500,.T.);
#306=FACE_OUTER_BOUND('',#501,.T.);
#307=FACE_OUTER_BOUND('',#502,.T.);
#308=FACE_OUTER_BOUND('',#503,.T.);
#309=FACE_OUTER_BOUND('',#504,.T.);
#310=FACE_OUTER_BOUND('',#505,.T.);
#311=FACE_OUTER_BOUND('',#506,.T.);
#312=FACE_OUTER_BOUND('',#507,.T.);
#313=FACE_OUTER_BOUND('',#508,.T.);
#314=FACE_OUTER_BOUND('',#509,.T.);
#315=FACE_OUTER_BOUND('',#510,.T.);
#316=FACE_OUTER_BOUND('',#511,.T.);
#317=FACE_OUTER_BOUND('',#512,.T.);
#318=FACE_OUTER_BOUND('',#517,.T.);
#319=FACE_OUTER_BOUND('',#518,.T.);
#320=FACE_OUTER_BOUND('',#519,.T.);
#321=FACE_OUTER_BOUND('',#520,.T.);
#322=FACE_OUTER_BOUND('',#521,.T.);
#323=FACE_OUTER_BOUND('',#522,.T.);
#324=FACE_OUTER_BOUND('',#523,.T.);
#325=FACE_OUTER_BOUND('',#524,.T.);
#326=FACE_OUTER_BOUND('',#525,.T.);
#327=FACE_OUTER_BOUND('',#526,.T.);
#328=FACE_OUTER_BOUND('',#530,.T.);
#329=FACE_OUTER_BOUND('',#531,.T.);
#330=FACE_OUTER_BOUND('',#532,.T.);
#331=FACE_OUTER_BOUND('',#533,.T.);
#332=FACE_OUTER_BOUND('',#534,.T.);
#333=FACE_OUTER_BOUND('',#535,.T.);
#334=FACE_OUTER_BOUND('',#536,.T.);
#335=FACE_OUTER_BOUND('',#537,.T.);
#336=FACE_OUTER_BOUND('',#538,.T.);
#337=FACE_OUTER_BOUND('',#539,.T.);
#338=FACE_OUTER_BOUND('',#540,.T.);
#339=FACE_OUTER_BOUND('',#541,.T.);
#340=FACE_OUTER_BOUND('',#542,.T.);
#341=FACE_OUTER_BOUND('',#543,.T.);
#342=FACE_OUTER_BOUND('',#544,.T.);
#343=FACE_OUTER_BOUND('',#545,.T.);
#344=FACE_OUTER_BOUND('',#546,.T.);
#345=FACE_OUTER_BOUND('',#547,.T.);
#346=FACE_OUTER_BOUND('',#548,.T.);
#347=FACE_OUTER_BOUND('',#549,.T.);
#348=FACE_OUTER_BOUND('',#550,.T.);
#349=FACE_OUTER_BOUND('',#551,.T.);
#350=FACE_OUTER_BOUND('',#552,.T.);
#351=FACE_OUTER_BOUND('',#553,.T.);
#352=FACE_OUTER_BOUND('',#554,.T.);
#353=FACE_OUTER_BOUND('',#556,.T.);
#354=FACE_OUTER_BOUND('',#557,.T.);
#355=FACE_OUTER_BOUND('',#558,.T.);
#356=FACE_OUTER_BOUND('',#559,.T.);
#357=FACE_OUTER_BOUND('',#560,.T.);
#358=FACE_OUTER_BOUND('',#561,.T.);
#359=FACE_OUTER_BOUND('',#562,.T.);
#360=FACE_OUTER_BOUND('',#563,.T.);
#361=FACE_OUTER_BOUND('',#564,.T.);
#362=FACE_OUTER_BOUND('',#565,.T.);
#363=FACE_OUTER_BOUND('',#566,.T.);
#364=FACE_OUTER_BOUND('',#567,.T.);
#365=FACE_OUTER_BOUND('',#568,.T.);
#366=FACE_OUTER_BOUND('',#569,.T.);
#367=FACE_OUTER_BOUND('',#570,.T.);
#368=FACE_OUTER_BOUND('',#571,.T.);
#369=FACE_OUTER_BOUND('',#572,.T.);
#370=FACE_OUTER_BOUND('',#573,.T.);
#371=FACE_OUTER_BOUND('',#574,.T.);
#372=FACE_OUTER_BOUND('',#575,.T.);
#373=FACE_OUTER_BOUND('',#576,.T.);
#374=FACE_OUTER_BOUND('',#577,.T.);
#375=FACE_OUTER_BOUND('',#578,.T.);
#376=FACE_OUTER_BOUND('',#579,.T.);
#377=FACE_OUTER_BOUND('',#580,.T.);
#378=FACE_OUTER_BOUND('',#581,.T.);
#379=FACE_OUTER_BOUND('',#582,.T.);
#380=FACE_OUTER_BOUND('',#583,.T.);
#381=FACE_OUTER_BOUND('',#584,.T.);
#382=FACE_OUTER_BOUND('',#585,.T.);
#383=FACE_OUTER_BOUND('',#586,.T.);
#384=FACE_OUTER_BOUND('',#587,.T.);
#385=FACE_OUTER_BOUND('',#588,.T.);
#386=FACE_OUTER_BOUND('',#589,.T.);
#387=FACE_OUTER_BOUND('',#590,.T.);
#388=FACE_OUTER_BOUND('',#592,.T.);
#389=FACE_OUTER_BOUND('',#593,.T.);
#390=FACE_OUTER_BOUND('',#595,.T.);
#391=FACE_OUTER_BOUND('',#597,.T.);
#392=FACE_OUTER_BOUND('',#598,.T.);
#393=FACE_OUTER_BOUND('',#600,.T.);
#394=FACE_OUTER_BOUND('',#602,.T.);
#395=FACE_OUTER_BOUND('',#603,.T.);
#396=FACE_OUTER_BOUND('',#604,.T.);
#397=FACE_OUTER_BOUND('',#605,.T.);
#398=FACE_OUTER_BOUND('',#606,.T.);
#399=FACE_OUTER_BOUND('',#607,.T.);
#400=FACE_OUTER_BOUND('',#608,.T.);
#401=FACE_OUTER_BOUND('',#609,.T.);
#402=FACE_OUTER_BOUND('',#610,.T.);
#403=FACE_OUTER_BOUND('',#611,.T.);
#404=FACE_OUTER_BOUND('',#612,.T.);
#405=FACE_OUTER_BOUND('',#613,.T.);
#406=FACE_OUTER_BOUND('',#614,.T.);
#407=FACE_OUTER_BOUND('',#615,.T.);
#408=FACE_OUTER_BOUND('',#616,.T.);
#409=FACE_OUTER_BOUND('',#617,.T.);
#410=FACE_OUTER_BOUND('',#618,.T.);
#411=FACE_OUTER_BOUND('',#619,.T.);
#412=FACE_OUTER_BOUND('',#620,.T.);
#413=FACE_OUTER_BOUND('',#621,.T.);
#414=FACE_OUTER_BOUND('',#622,.T.);
#415=FACE_OUTER_BOUND('',#623,.T.);
#416=FACE_OUTER_BOUND('',#624,.T.);
#417=FACE_OUTER_BOUND('',#625,.T.);
#418=FACE_OUTER_BOUND('',#626,.T.);
#419=FACE_OUTER_BOUND('',#627,.T.);
#420=FACE_OUTER_BOUND('',#628,.T.);
#421=FACE_OUTER_BOUND('',#629,.T.);
#422=FACE_OUTER_BOUND('',#630,.T.);
#423=FACE_OUTER_BOUND('',#631,.T.);
#424=FACE_OUTER_BOUND('',#632,.T.);
#425=FACE_OUTER_BOUND('',#633,.T.);
#426=FACE_OUTER_BOUND('',#634,.T.);
#427=FACE_OUTER_BOUND('',#635,.T.);
#428=FACE_OUTER_BOUND('',#636,.T.);
#429=FACE_OUTER_BOUND('',#637,.T.);
#430=FACE_OUTER_BOUND('',#638,.T.);
#431=FACE_OUTER_BOUND('',#639,.T.);
#432=FACE_OUTER_BOUND('',#640,.T.);
#433=FACE_OUTER_BOUND('',#641,.T.);
#434=FACE_OUTER_BOUND('',#642,.T.);
#435=FACE_OUTER_BOUND('',#643,.T.);
#436=FACE_OUTER_BOUND('',#644,.T.);
#437=FACE_OUTER_BOUND('',#645,.T.);
#438=FACE_OUTER_BOUND('',#646,.T.);
#439=FACE_OUTER_BOUND('',#647,.T.);
#440=FACE_OUTER_BOUND('',#648,.T.);
#441=FACE_OUTER_BOUND('',#649,.T.);
#442=FACE_OUTER_BOUND('',#650,.T.);
#443=FACE_OUTER_BOUND('',#656,.T.);
#444=FACE_OUTER_BOUND('',#657,.T.);
#445=FACE_OUTER_BOUND('',#658,.T.);
#446=FACE_OUTER_BOUND('',#659,.T.);
#447=FACE_OUTER_BOUND('',#660,.T.);
#448=FACE_OUTER_BOUND('',#661,.T.);
#449=FACE_OUTER_BOUND('',#662,.T.);
#450=FACE_OUTER_BOUND('',#663,.T.);
#451=FACE_OUTER_BOUND('',#664,.T.);
#452=FACE_OUTER_BOUND('',#665,.T.);
#453=FACE_OUTER_BOUND('',#666,.T.);
#454=FACE_OUTER_BOUND('',#667,.T.);
#455=FACE_OUTER_BOUND('',#668,.T.);
#456=FACE_OUTER_BOUND('',#669,.T.);
#457=FACE_OUTER_BOUND('',#670,.T.);
#458=FACE_OUTER_BOUND('',#671,.T.);
#459=FACE_OUTER_BOUND('',#672,.T.);
#460=FACE_OUTER_BOUND('',#673,.T.);
#461=EDGE_LOOP('',(#2461,#2462,#2463,#2464,#2465));
#462=EDGE_LOOP('',(#2466,#2467,#2468,#2469));
#463=EDGE_LOOP('',(#2470));
#464=EDGE_LOOP('',(#2471));
#465=EDGE_LOOP('',(#2472,#2473,#2474,#2475));
#466=EDGE_LOOP('',(#2476));
#467=EDGE_LOOP('',(#2477));
#468=EDGE_LOOP('',(#2478,#2479,#2480,#2481));
#469=EDGE_LOOP('',(#2482));
#470=EDGE_LOOP('',(#2483));
#471=EDGE_LOOP('',(#2484,#2485,#2486,#2487));
#472=EDGE_LOOP('',(#2488));
#473=EDGE_LOOP('',(#2489));
#474=EDGE_LOOP('',(#2490,#2491,#2492,#2493));
#475=EDGE_LOOP('',(#2494,#2495,#2496,#2497));
#476=EDGE_LOOP('',(#2498,#2499,#2500,#2501));
#477=EDGE_LOOP('',(#2502,#2503,#2504,#2505));
#478=EDGE_LOOP('',(#2506,#2507,#2508,#2509,#2510,#2511,#2512,#2513));
#479=EDGE_LOOP('',(#2514));
#480=EDGE_LOOP('',(#2515));
#481=EDGE_LOOP('',(#2516,#2517,#2518,#2519,#2520,#2521,#2522,#2523));
#482=EDGE_LOOP('',(#2524));
#483=EDGE_LOOP('',(#2525));
#484=EDGE_LOOP('',(#2526,#2527,#2528,#2529,#2530,#2531,#2532,#2533));
#485=EDGE_LOOP('',(#2534,#2535,#2536,#2537,#2538,#2539,#2540,#2541,#2542));
#486=EDGE_LOOP('',(#2543,#2544,#2545,#2546));
#487=EDGE_LOOP('',(#2547,#2548,#2549,#2550,#2551,#2552,#2553,#2554));
#488=EDGE_LOOP('',(#2555,#2556,#2557,#2558));
#489=EDGE_LOOP('',(#2559,#2560,#2561,#2562));
#490=EDGE_LOOP('',(#2563,#2564,#2565,#2566,#2567,#2568,#2569,#2570));
#491=EDGE_LOOP('',(#2571,#2572,#2573,#2574));
#492=EDGE_LOOP('',(#2575,#2576,#2577,#2578));
#493=EDGE_LOOP('',(#2579,#2580,#2581,#2582,#2583));
#494=EDGE_LOOP('',(#2584,#2585,#2586,#2587,#2588,#2589));
#495=EDGE_LOOP('',(#2590,#2591,#2592,#2593,#2594,#2595,#2596,#2597,#2598,
#2599,#2600,#2601,#2602,#2603));
#496=EDGE_LOOP('',(#2604,#2605,#2606,#2607));
#497=EDGE_LOOP('',(#2608,#2609,#2610,#2611));
#498=EDGE_LOOP('',(#2612,#2613,#2614,#2615));
#499=EDGE_LOOP('',(#2616,#2617,#2618,#2619));
#500=EDGE_LOOP('',(#2620,#2621,#2622,#2623,#2624,#2625,#2626,#2627,#2628,
#2629));
#501=EDGE_LOOP('',(#2630,#2631,#2632,#2633));
#502=EDGE_LOOP('',(#2634,#2635,#2636,#2637));
#503=EDGE_LOOP('',(#2638,#2639,#2640,#2641,#2642,#2643,#2644,#2645,#2646,
#2647,#2648,#2649,#2650));
#504=EDGE_LOOP('',(#2651,#2652,#2653,#2654));
#505=EDGE_LOOP('',(#2655,#2656,#2657,#2658));
#506=EDGE_LOOP('',(#2659,#2660,#2661,#2662));
#507=EDGE_LOOP('',(#2663,#2664,#2665,#2666,#2667));
#508=EDGE_LOOP('',(#2668,#2669,#2670,#2671));
#509=EDGE_LOOP('',(#2672,#2673,#2674,#2675));
#510=EDGE_LOOP('',(#2676,#2677,#2678,#2679));
#511=EDGE_LOOP('',(#2680,#2681,#2682,#2683,#2684,#2685,#2686,#2687));
#512=EDGE_LOOP('',(#2688,#2689,#2690,#2691,#2692,#2693,#2694,#2695,#2696,
#2697,#2698,#2699));
#513=EDGE_LOOP('',(#2700));
#514=EDGE_LOOP('',(#2701));
#515=EDGE_LOOP('',(#2702));
#516=EDGE_LOOP('',(#2703));
#517=EDGE_LOOP('',(#2704,#2705,#2706,#2707,#2708,#2709,#2710,#2711));
#518=EDGE_LOOP('',(#2712,#2713,#2714,#2715));
#519=EDGE_LOOP('',(#2716,#2717,#2718,#2719,#2720,#2721));
#520=EDGE_LOOP('',(#2722,#2723,#2724,#2725));
#521=EDGE_LOOP('',(#2726,#2727,#2728,#2729,#2730,#2731));
#522=EDGE_LOOP('',(#2732,#2733,#2734,#2735));
#523=EDGE_LOOP('',(#2736,#2737,#2738,#2739));
#524=EDGE_LOOP('',(#2740,#2741,#2742,#2743));
#525=EDGE_LOOP('',(#2744,#2745,#2746,#2747));
#526=EDGE_LOOP('',(#2748,#2749,#2750,#2751,#2752,#2753,#2754,#2755,#2756,
#2757,#2758,#2759,#2760,#2761,#2762,#2763,#2764,#2765,#2766,#2767,#2768,
#2769,#2770,#2771,#2772,#2773,#2774,#2775));
#527=EDGE_LOOP('',(#2776));
#528=EDGE_LOOP('',(#2777));
#529=EDGE_LOOP('',(#2778));
#530=EDGE_LOOP('',(#2779,#2780,#2781,#2782));
#531=EDGE_LOOP('',(#2783,#2784,#2785,#2786));
#532=EDGE_LOOP('',(#2787,#2788,#2789,#2790));
#533=EDGE_LOOP('',(#2791,#2792,#2793,#2794));
#534=EDGE_LOOP('',(#2795,#2796,#2797,#2798));
#535=EDGE_LOOP('',(#2799,#2800,#2801,#2802));
#536=EDGE_LOOP('',(#2803,#2804,#2805,#2806));
#537=EDGE_LOOP('',(#2807,#2808,#2809,#2810));
#538=EDGE_LOOP('',(#2811,#2812,#2813,#2814));
#539=EDGE_LOOP('',(#2815,#2816,#2817,#2818));
#540=EDGE_LOOP('',(#2819));
#541=EDGE_LOOP('',(#2820,#2821,#2822,#2823));
#542=EDGE_LOOP('',(#2824,#2825,#2826,#2827));
#543=EDGE_LOOP('',(#2828,#2829,#2830,#2831));
#544=EDGE_LOOP('',(#2832,#2833,#2834,#2835));
#545=EDGE_LOOP('',(#2836,#2837,#2838,#2839));
#546=EDGE_LOOP('',(#2840));
#547=EDGE_LOOP('',(#2841,#2842,#2843,#2844));
#548=EDGE_LOOP('',(#2845,#2846,#2847,#2848));
#549=EDGE_LOOP('',(#2849,#2850,#2851,#2852));
#550=EDGE_LOOP('',(#2853,#2854,#2855,#2856,#2857));
#551=EDGE_LOOP('',(#2858,#2859,#2860,#2861));
#552=EDGE_LOOP('',(#2862));
#553=EDGE_LOOP('',(#2863,#2864,#2865,#2866));
#554=EDGE_LOOP('',(#2867,#2868,#2869,#2870,#2871,#2872,#2873,#2874,#2875,
#2876,#2877,#2878));
#555=EDGE_LOOP('',(#2879,#2880,#2881,#2882,#2883,#2884));
#556=EDGE_LOOP('',(#2885,#2886,#2887,#2888));
#557=EDGE_LOOP('',(#2889,#2890,#2891,#2892,#2893,#2894,#2895,#2896));
#558=EDGE_LOOP('',(#2897,#2898,#2899,#2900));
#559=EDGE_LOOP('',(#2901,#2902,#2903,#2904));
#560=EDGE_LOOP('',(#2905,#2906,#2907,#2908));
#561=EDGE_LOOP('',(#2909,#2910,#2911,#2912));
#562=EDGE_LOOP('',(#2913,#2914,#2915,#2916));
#563=EDGE_LOOP('',(#2917,#2918,#2919,#2920));
#564=EDGE_LOOP('',(#2921,#2922,#2923,#2924));
#565=EDGE_LOOP('',(#2925,#2926,#2927,#2928));
#566=EDGE_LOOP('',(#2929,#2930,#2931,#2932));
#567=EDGE_LOOP('',(#2933,#2934,#2935,#2936));
#568=EDGE_LOOP('',(#2937,#2938,#2939,#2940));
#569=EDGE_LOOP('',(#2941,#2942,#2943,#2944));
#570=EDGE_LOOP('',(#2945,#2946,#2947,#2948,#2949,#2950,#2951,#2952,#2953));
#571=EDGE_LOOP('',(#2954,#2955,#2956,#2957));
#572=EDGE_LOOP('',(#2958,#2959,#2960,#2961));
#573=EDGE_LOOP('',(#2962,#2963,#2964,#2965));
#574=EDGE_LOOP('',(#2966,#2967,#2968,#2969,#2970,#2971,#2972));
#575=EDGE_LOOP('',(#2973,#2974,#2975,#2976));
#576=EDGE_LOOP('',(#2977,#2978,#2979,#2980));
#577=EDGE_LOOP('',(#2981,#2982,#2983,#2984,#2985,#2986,#2987,#2988));
#578=EDGE_LOOP('',(#2989,#2990,#2991,#2992));
#579=EDGE_LOOP('',(#2993,#2994,#2995,#2996));
#580=EDGE_LOOP('',(#2997,#2998,#2999,#3000));
#581=EDGE_LOOP('',(#3001,#3002,#3003,#3004));
#582=EDGE_LOOP('',(#3005,#3006,#3007,#3008));
#583=EDGE_LOOP('',(#3009,#3010,#3011,#3012));
#584=EDGE_LOOP('',(#3013,#3014,#3015,#3016));
#585=EDGE_LOOP('',(#3017,#3018,#3019,#3020));
#586=EDGE_LOOP('',(#3021,#3022,#3023,#3024));
#587=EDGE_LOOP('',(#3025,#3026,#3027,#3028,#3029,#3030,#3031,#3032,#3033,
#3034,#3035,#3036));
#588=EDGE_LOOP('',(#3037,#3038,#3039,#3040));
#589=EDGE_LOOP('',(#3041,#3042,#3043,#3044));
#590=EDGE_LOOP('',(#3045,#3046,#3047,#3048));
#591=EDGE_LOOP('',(#3049));
#592=EDGE_LOOP('',(#3050,#3051,#3052,#3053));
#593=EDGE_LOOP('',(#3054,#3055,#3056,#3057));
#594=EDGE_LOOP('',(#3058));
#595=EDGE_LOOP('',(#3059,#3060,#3061,#3062));
#596=EDGE_LOOP('',(#3063));
#597=EDGE_LOOP('',(#3064,#3065,#3066,#3067));
#598=EDGE_LOOP('',(#3068,#3069,#3070,#3071));
#599=EDGE_LOOP('',(#3072));
#600=EDGE_LOOP('',(#3073,#3074,#3075,#3076,#3077,#3078,#3079,#3080,#3081,
#3082,#3083,#3084,#3085,#3086,#3087,#3088,#3089,#3090,#3091,#3092));
#601=EDGE_LOOP('',(#3093,#3094,#3095,#3096,#3097,#3098,#3099,#3100,#3101,
#3102,#3103,#3104,#3105,#3106,#3107,#3108,#3109,#3110,#3111,#3112,#3113,
#3114,#3115,#3116,#3117,#3118,#3119,#3120,#3121,#3122,#3123,#3124,#3125,
#3126,#3127,#3128,#3129,#3130,#3131,#3132,#3133,#3134,#3135,#3136));
#602=EDGE_LOOP('',(#3137,#3138,#3139,#3140));
#603=EDGE_LOOP('',(#3141,#3142,#3143,#3144));
#604=EDGE_LOOP('',(#3145,#3146,#3147,#3148));
#605=EDGE_LOOP('',(#3149,#3150,#3151,#3152));
#606=EDGE_LOOP('',(#3153,#3154,#3155,#3156));
#607=EDGE_LOOP('',(#3157,#3158,#3159,#3160));
#608=EDGE_LOOP('',(#3161,#3162,#3163,#3164));
#609=EDGE_LOOP('',(#3165,#3166,#3167,#3168));
#610=EDGE_LOOP('',(#3169,#3170,#3171,#3172));
#611=EDGE_LOOP('',(#3173,#3174,#3175,#3176));
#612=EDGE_LOOP('',(#3177,#3178,#3179,#3180,#3181,#3182));
#613=EDGE_LOOP('',(#3183,#3184,#3185,#3186));
#614=EDGE_LOOP('',(#3187,#3188,#3189,#3190));
#615=EDGE_LOOP('',(#3191,#3192,#3193,#3194));
#616=EDGE_LOOP('',(#3195,#3196,#3197,#3198));
#617=EDGE_LOOP('',(#3199,#3200,#3201,#3202));
#618=EDGE_LOOP('',(#3203,#3204,#3205,#3206));
#619=EDGE_LOOP('',(#3207,#3208,#3209,#3210));
#620=EDGE_LOOP('',(#3211,#3212,#3213,#3214));
#621=EDGE_LOOP('',(#3215,#3216,#3217,#3218));
#622=EDGE_LOOP('',(#3219,#3220,#3221,#3222));
#623=EDGE_LOOP('',(#3223,#3224,#3225,#3226));
#624=EDGE_LOOP('',(#3227,#3228,#3229,#3230));
#625=EDGE_LOOP('',(#3231,#3232,#3233,#3234));
#626=EDGE_LOOP('',(#3235,#3236,#3237,#3238));
#627=EDGE_LOOP('',(#3239,#3240,#3241,#3242));
#628=EDGE_LOOP('',(#3243,#3244,#3245,#3246));
#629=EDGE_LOOP('',(#3247,#3248,#3249,#3250));
#630=EDGE_LOOP('',(#3251,#3252,#3253,#3254));
#631=EDGE_LOOP('',(#3255,#3256,#3257,#3258));
#632=EDGE_LOOP('',(#3259,#3260,#3261,#3262));
#633=EDGE_LOOP('',(#3263,#3264,#3265,#3266));
#634=EDGE_LOOP('',(#3267,#3268,#3269,#3270));
#635=EDGE_LOOP('',(#3271,#3272,#3273,#3274));
#636=EDGE_LOOP('',(#3275,#3276,#3277,#3278));
#637=EDGE_LOOP('',(#3279,#3280,#3281,#3282));
#638=EDGE_LOOP('',(#3283,#3284,#3285,#3286));
#639=EDGE_LOOP('',(#3287,#3288,#3289,#3290));
#640=EDGE_LOOP('',(#3291,#3292,#3293,#3294));
#641=EDGE_LOOP('',(#3295,#3296,#3297,#3298));
#642=EDGE_LOOP('',(#3299,#3300,#3301,#3302));
#643=EDGE_LOOP('',(#3303,#3304,#3305,#3306,#3307,#3308,#3309,#3310,#3311,
#3312,#3313,#3314,#3315,#3316,#3317,#3318,#3319,#3320,#3321,#3322,#3323,
#3324,#3325,#3326,#3327,#3328));
#644=EDGE_LOOP('',(#3329,#3330,#3331,#3332));
#645=EDGE_LOOP('',(#3333,#3334,#3335,#3336));
#646=EDGE_LOOP('',(#3337,#3338,#3339,#3340));
#647=EDGE_LOOP('',(#3341,#3342,#3343,#3344));
#648=EDGE_LOOP('',(#3345,#3346,#3347,#3348));
#649=EDGE_LOOP('',(#3349,#3350,#3351,#3352,#3353,#3354,#3355,#3356,#3357,
#3358,#3359,#3360,#3361,#3362,#3363,#3364,#3365,#3366,#3367,#3368,#3369,
#3370,#3371,#3372));
#650=EDGE_LOOP('',(#3373,#3374,#3375,#3376,#3377,#3378,#3379,#3380,#3381,
#3382,#3383,#3384));
#651=EDGE_LOOP('',(#3385));
#652=EDGE_LOOP('',(#3386));
#653=EDGE_LOOP('',(#3387));
#654=EDGE_LOOP('',(#3388));
#655=EDGE_LOOP('',(#3389,#3390,#3391,#3392,#3393,#3394,#3395,#3396));
#656=EDGE_LOOP('',(#3397,#3398,#3399,#3400));
#657=EDGE_LOOP('',(#3401,#3402,#3403,#3404));
#658=EDGE_LOOP('',(#3405,#3406,#3407,#3408));
#659=EDGE_LOOP('',(#3409,#3410,#3411,#3412,#3413,#3414,#3415,#3416));
#660=EDGE_LOOP('',(#3417,#3418,#3419,#3420));
#661=EDGE_LOOP('',(#3421,#3422,#3423,#3424));
#662=EDGE_LOOP('',(#3425,#3426,#3427,#3428));
#663=EDGE_LOOP('',(#3429,#3430,#3431,#3432));
#664=EDGE_LOOP('',(#3433,#3434,#3435,#3436));
#665=EDGE_LOOP('',(#3437,#3438,#3439,#3440));
#666=EDGE_LOOP('',(#3441,#3442,#3443,#3444));
#667=EDGE_LOOP('',(#3445,#3446,#3447,#3448));
#668=EDGE_LOOP('',(#3449,#3450,#3451,#3452));
#669=EDGE_LOOP('',(#3453,#3454,#3455,#3456));
#670=EDGE_LOOP('',(#3457,#3458,#3459,#3460));
#671=EDGE_LOOP('',(#3461,#3462,#3463,#3464,#3465,#3466,#3467,#3468,#3469,
#3470));
#672=EDGE_LOOP('',(#3471,#3472,#3473,#3474,#3475,#3476,#3477,#3478,#3479,
#3480,#3481,#3482));
#673=EDGE_LOOP('',(#3483,#3484,#3485,#3486,#3487,#3488,#3489,#3490));
#674=(
BOUNDED_CURVE()
B_SPLINE_CURVE(5,(#4918,#4919,#4920,#4921,#4922,#4923,#4924,#4925,#4926,
#4927,#4928,#4929,#4930,#4931,#4932),.UNSPECIFIED.,.F.,.F.)
B_SPLINE_CURVE_WITH_KNOTS((6,1,1,1,1,1,1,1,1,1,6),(0.,0.1,0.2,0.3,0.4,0.5,
0.6,0.7,0.8,0.9,1.),.UNSPECIFIED.)
CURVE()
GEOMETRIC_REPRESENTATION_ITEM()
RATIONAL_B_SPLINE_CURVE((1.,1.,1.,1.,1.,1.,1.,1.,1.,1.,1.,1.,1.,1.,1.))
REPRESENTATION_ITEM('')
);
#675=(
BOUNDED_CURVE()
B_SPLINE_CURVE(5,(#5244,#5245,#5246,#5247,#5248,#5249,#5250,#5251,#5252,
#5253,#5254,#5255,#5256,#5257,#5258),.UNSPECIFIED.,.F.,.F.)
B_SPLINE_CURVE_WITH_KNOTS((6,1,1,1,1,1,1,1,1,1,6),(-1.,-0.9,-0.8,-0.7,-0.6,
-0.5,-0.4,-0.3,-0.2,-0.1,0.),.UNSPECIFIED.)
CURVE()
GEOMETRIC_REPRESENTATION_ITEM()
RATIONAL_B_SPLINE_CURVE((1.,1.,1.,1.,1.,1.,1.,1.,1.,1.,1.,1.,1.,1.,1.))
REPRESENTATION_ITEM('')
);
#676=(
BOUNDED_CURVE()
B_SPLINE_CURVE(5,(#5337,#5338,#5339,#5340,#5341,#5342,#5343,#5344,#5345,
#5346,#5347,#5348,#5349,#5350,#5351),.UNSPECIFIED.,.F.,.F.)
B_SPLINE_CURVE_WITH_KNOTS((6,1,1,1,1,1,1,1,1,1,6),(0.,0.1,0.2,0.3,0.4,0.5,
0.6,0.7,0.8,0.9,1.),.UNSPECIFIED.)
CURVE()
GEOMETRIC_REPRESENTATION_ITEM()
RATIONAL_B_SPLINE_CURVE((1.,1.,1.,1.,1.,1.,1.,1.,1.,1.,1.,1.,1.,1.,1.))
REPRESENTATION_ITEM('')
);
#677=(
BOUNDED_CURVE()
B_SPLINE_CURVE(5,(#5433,#5434,#5435,#5436,#5437,#5438,#5439,#5440,#5441,
#5442,#5443,#5444,#5445,#5446,#5447),.UNSPECIFIED.,.F.,.F.)
B_SPLINE_CURVE_WITH_KNOTS((6,1,1,1,1,1,1,1,1,1,6),(0.,0.1,0.2,0.3,0.4,0.5,
0.6,0.7,0.8,0.9,1.),.UNSPECIFIED.)
CURVE()
GEOMETRIC_REPRESENTATION_ITEM()
RATIONAL_B_SPLINE_CURVE((1.,1.,1.,1.,1.,1.,1.,1.,1.,1.,1.,1.,1.,1.,1.))
REPRESENTATION_ITEM('')
);
#678=LINE('',#4916,#1139);
#679=LINE('',#4934,#1140);
#680=LINE('',#4935,#1141);
#681=LINE('',#4940,#1142);
#682=LINE('',#4949,#1143);
#683=LINE('',#4958,#1144);
#684=LINE('',#4967,#1145);
#685=LINE('',#4975,#1146);
#686=LINE('',#4979,#1147);
#687=LINE('',#4983,#1148);
#688=LINE('',#4987,#1149);
#689=LINE('',#4991,#1150);
#690=LINE('',#4992,#1151);
#691=LINE('',#4994,#1152);
#692=LINE('',#4996,#1153);
#693=LINE('',#5000,#1154);
#694=LINE('',#5001,#1155);
#695=LINE('',#5005,#1156);
#696=LINE('',#5007,#1157);
#697=LINE('',#5047,#1158);
#698=LINE('',#5049,#1159);
#699=LINE('',#5053,#1160);
#700=LINE('',#5054,#1161);
#701=LINE('',#5058,#1162);
#702=LINE('',#5060,#1163);
#703=LINE('',#5062,#1164);
#704=LINE('',#5066,#1165);
#705=LINE('',#5068,#1166);
#706=LINE('',#5107,#1167);
#707=LINE('',#5111,#1168);
#708=LINE('',#5151,#1169);
#709=LINE('',#5153,#1170);
#710=LINE('',#5155,#1171);
#711=LINE('',#5157,#1172);
#712=LINE('',#5161,#1173);
#713=LINE('',#5162,#1174);
#714=LINE('',#5165,#1175);
#715=LINE('',#5168,#1176);
#716=LINE('',#5171,#1177);
#717=LINE('',#5173,#1178);
#718=LINE('',#5175,#1179);
#719=LINE('',#5177,#1180);
#720=LINE('',#5179,#1181);
#721=LINE('',#5180,#1182);
#722=LINE('',#5182,#1183);
#723=LINE('',#5185,#1184);
#724=LINE('',#5187,#1185);
#725=LINE('',#5188,#1186);
#726=LINE('',#5191,#1187);
#727=LINE('',#5193,#1188);
#728=LINE('',#5195,#1189);
#729=LINE('',#5197,#1190);
#730=LINE('',#5199,#1191);
#731=LINE('',#5200,#1192);
#732=LINE('',#5203,#1193);
#733=LINE('',#5207,#1194);
#734=LINE('',#5209,#1195);
#735=LINE('',#5210,#1196);
#736=LINE('',#5242,#1197);
#737=LINE('',#5259,#1198);
#738=LINE('',#5262,#1199);
#739=LINE('',#5264,#1200);
#740=LINE('',#5266,#1201);
#741=LINE('',#5268,#1202);
#742=LINE('',#5269,#1203);
#743=LINE('',#5272,#1204);
#744=LINE('',#5273,#1205);
#745=LINE('',#5275,#1206);
#746=LINE('',#5277,#1207);
#747=LINE('',#5279,#1208);
#748=LINE('',#5281,#1209);
#749=LINE('',#5283,#1210);
#750=LINE('',#5285,#1211);
#751=LINE('',#5287,#1212);
#752=LINE('',#5288,#1213);
#753=LINE('',#5291,#1214);
#754=LINE('',#5292,#1215);
#755=LINE('',#5295,#1216);
#756=LINE('',#5297,#1217);
#757=LINE('',#5298,#1218);
#758=LINE('',#5301,#1219);
#759=LINE('',#5303,#1220);
#760=LINE('',#5304,#1221);
#761=LINE('',#5336,#1222);
#762=LINE('',#5353,#1223);
#763=LINE('',#5355,#1224);
#764=LINE('',#5357,#1225);
#765=LINE('',#5359,#1226);
#766=LINE('',#5361,#1227);
#767=LINE('',#5363,#1228);
#768=LINE('',#5364,#1229);
#769=LINE('',#5366,#1230);
#770=LINE('',#5367,#1231);
#771=LINE('',#5371,#1232);
#772=LINE('',#5373,#1233);
#773=LINE('',#5377,#1234);
#774=LINE('',#5379,#1235);
#775=LINE('',#5381,#1236);
#776=LINE('',#5383,#1237);
#777=LINE('',#5385,#1238);
#778=LINE('',#5387,#1239);
#779=LINE('',#5388,#1240);
#780=LINE('',#5391,#1241);
#781=LINE('',#5392,#1242);
#782=LINE('',#5395,#1243);
#783=LINE('',#5396,#1244);
#784=LINE('',#5398,#1245);
#785=LINE('',#5430,#1246);
#786=LINE('',#5432,#1247);
#787=LINE('',#5450,#1248);
#788=LINE('',#5451,#1249);
#789=LINE('',#5453,#1250);
#790=LINE('',#5454,#1251);
#791=LINE('',#5457,#1252);
#792=LINE('',#5458,#1253);
#793=LINE('',#5461,#1254);
#794=LINE('',#5462,#1255);
#795=LINE('',#5463,#1256);
#796=LINE('',#5465,#1257);
#797=LINE('',#5468,#1258);
#798=LINE('',#5469,#1259);
#799=LINE('',#5472,#1260);
#800=LINE('',#5474,#1261);
#801=LINE('',#5475,#1262);
#802=LINE('',#5477,#1263);
#803=LINE('',#5478,#1264);
#804=LINE('',#5481,#1265);
#805=LINE('',#5482,#1266);
#806=LINE('',#5484,#1267);
#807=LINE('',#5487,#1268);
#808=LINE('',#5489,#1269);
#809=LINE('',#5490,#1270);
#810=LINE('',#5493,#1271);
#811=LINE('',#5495,#1272);
#812=LINE('',#5496,#1273);
#813=LINE('',#5498,#1274);
#814=LINE('',#5499,#1275);
#815=LINE('',#5503,#1276);
#816=LINE('',#5505,#1277);
#817=LINE('',#5506,#1278);
#818=LINE('',#5508,#1279);
#819=LINE('',#5509,#1280);
#820=LINE('',#5511,#1281);
#821=LINE('',#5512,#1282);
#822=LINE('',#5514,#1283);
#823=LINE('',#5516,#1284);
#824=LINE('',#5517,#1285);
#825=LINE('',#5525,#1286);
#826=LINE('',#5527,#1287);
#827=LINE('',#5531,#1288);
#828=LINE('',#5533,#1289);
#829=LINE('',#5534,#1290);
#830=LINE('',#5536,#1291);
#831=LINE('',#5538,#1292);
#832=LINE('',#5541,#1293);
#833=LINE('',#5545,#1294);
#834=LINE('',#5549,#1295);
#835=LINE('',#5552,#1296);
#836=LINE('',#5555,#1297);
#837=LINE('',#5563,#1298);
#838=LINE('',#5564,#1299);
#839=LINE('',#5566,#1300);
#840=LINE('',#5571,#1301);
#841=LINE('',#5576,#1302);
#842=LINE('',#5578,#1303);
#843=LINE('',#5580,#1304);
#844=LINE('',#5581,#1305);
#845=LINE('',#5584,#1306);
#846=LINE('',#5586,#1307);
#847=LINE('',#5588,#1308);
#848=LINE('',#5590,#1309);
#849=LINE('',#5592,#1310);
#850=LINE('',#5594,#1311);
#851=LINE('',#5596,#1312);
#852=LINE('',#5598,#1313);
#853=LINE('',#5600,#1314);
#854=LINE('',#5602,#1315);
#855=LINE('',#5603,#1316);
#856=LINE('',#5606,#1317);
#857=LINE('',#5608,#1318);
#858=LINE('',#5610,#1319);
#859=LINE('',#5612,#1320);
#860=LINE('',#5614,#1321);
#861=LINE('',#5615,#1322);
#862=LINE('',#5618,#1323);
#863=LINE('',#5620,#1324);
#864=LINE('',#5621,#1325);
#865=LINE('',#5623,#1326);
#866=LINE('',#5625,#1327);
#867=LINE('',#5627,#1328);
#868=LINE('',#5628,#1329);
#869=LINE('',#5630,#1330);
#870=LINE('',#5633,#1331);
#871=LINE('',#5635,#1332);
#872=LINE('',#5636,#1333);
#873=LINE('',#5639,#1334);
#874=LINE('',#5640,#1335);
#875=LINE('',#5643,#1336);
#876=LINE('',#5644,#1337);
#877=LINE('',#5646,#1338);
#878=LINE('',#5650,#1339);
#879=LINE('',#5652,#1340);
#880=LINE('',#5653,#1341);
#881=LINE('',#5657,#1342);
#882=LINE('',#5659,#1343);
#883=LINE('',#5661,#1344);
#884=LINE('',#5662,#1345);
#885=LINE('',#5665,#1346);
#886=LINE('',#5667,#1347);
#887=LINE('',#5668,#1348);
#888=LINE('',#5671,#1349);
#889=LINE('',#5672,#1350);
#890=LINE('',#5675,#1351);
#891=LINE('',#5676,#1352);
#892=LINE('',#5678,#1353);
#893=LINE('',#5680,#1354);
#894=LINE('',#5682,#1355);
#895=LINE('',#5683,#1356);
#896=LINE('',#5686,#1357);
#897=LINE('',#5688,#1358);
#898=LINE('',#5689,#1359);
#899=LINE('',#5691,#1360);
#900=LINE('',#5693,#1361);
#901=LINE('',#5697,#1362);
#902=LINE('',#5698,#1363);
#903=LINE('',#5701,#1364);
#904=LINE('',#5702,#1365);
#905=LINE('',#5704,#1366);
#906=LINE('',#5709,#1367);
#907=LINE('',#5711,#1368);
#908=LINE('',#5713,#1369);
#909=LINE('',#5714,#1370);
#910=LINE('',#5718,#1371);
#911=LINE('',#5720,#1372);
#912=LINE('',#5722,#1373);
#913=LINE('',#5723,#1374);
#914=LINE('',#5727,#1375);
#915=LINE('',#5729,#1376);
#916=LINE('',#5731,#1377);
#917=LINE('',#5732,#1378);
#918=LINE('',#5736,#1379);
#919=LINE('',#5738,#1380);
#920=LINE('',#5740,#1381);
#921=LINE('',#5741,#1382);
#922=LINE('',#5745,#1383);
#923=LINE('',#5747,#1384);
#924=LINE('',#5749,#1385);
#925=LINE('',#5750,#1386);
#926=LINE('',#5754,#1387);
#927=LINE('',#5756,#1388);
#928=LINE('',#5758,#1389);
#929=LINE('',#5759,#1390);
#930=LINE('',#5763,#1391);
#931=LINE('',#5765,#1392);
#932=LINE('',#5767,#1393);
#933=LINE('',#5768,#1394);
#934=LINE('',#5772,#1395);
#935=LINE('',#5774,#1396);
#936=LINE('',#5776,#1397);
#937=LINE('',#5777,#1398);
#938=LINE('',#5779,#1399);
#939=LINE('',#5780,#1400);
#940=LINE('',#5781,#1401);
#941=LINE('',#5783,#1402);
#942=LINE('',#5785,#1403);
#943=LINE('',#5787,#1404);
#944=LINE('',#5789,#1405);
#945=LINE('',#5790,#1406);
#946=LINE('',#5798,#1407);
#947=LINE('',#5808,#1408);
#948=LINE('',#5819,#1409);
#949=LINE('',#5820,#1410);
#950=LINE('',#5821,#1411);
#951=LINE('',#5823,#1412);
#952=LINE('',#5824,#1413);
#953=LINE('',#5827,#1414);
#954=LINE('',#5829,#1415);
#955=LINE('',#5831,#1416);
#956=LINE('',#5833,#1417);
#957=LINE('',#5835,#1418);
#958=LINE('',#5837,#1419);
#959=LINE('',#5839,#1420);
#960=LINE('',#5841,#1421);
#961=LINE('',#5843,#1422);
#962=LINE('',#5845,#1423);
#963=LINE('',#5847,#1424);
#964=LINE('',#5849,#1425);
#965=LINE('',#5851,#1426);
#966=LINE('',#5853,#1427);
#967=LINE('',#5855,#1428);
#968=LINE('',#5857,#1429);
#969=LINE('',#5859,#1430);
#970=LINE('',#5861,#1431);
#971=LINE('',#5863,#1432);
#972=LINE('',#5865,#1433);
#973=LINE('',#5867,#1434);
#974=LINE('',#5869,#1435);
#975=LINE('',#5871,#1436);
#976=LINE('',#5873,#1437);
#977=LINE('',#5875,#1438);
#978=LINE('',#5877,#1439);
#979=LINE('',#5879,#1440);
#980=LINE('',#5881,#1441);
#981=LINE('',#5883,#1442);
#982=LINE('',#5885,#1443);
#983=LINE('',#5887,#1444);
#984=LINE('',#5889,#1445);
#985=LINE('',#5891,#1446);
#986=LINE('',#5893,#1447);
#987=LINE('',#5895,#1448);
#988=LINE('',#5897,#1449);
#989=LINE('',#5899,#1450);
#990=LINE('',#5901,#1451);
#991=LINE('',#5903,#1452);
#992=LINE('',#5905,#1453);
#993=LINE('',#5907,#1454);
#994=LINE('',#5909,#1455);
#995=LINE('',#5911,#1456);
#996=LINE('',#5912,#1457);
#997=LINE('',#5915,#1458);
#998=LINE('',#5917,#1459);
#999=LINE('',#5918,#1460);
#1000=LINE('',#5921,#1461);
#1001=LINE('',#5923,#1462);
#1002=LINE('',#5924,#1463);
#1003=LINE('',#5927,#1464);
#1004=LINE('',#5929,#1465);
#1005=LINE('',#5930,#1466);
#1006=LINE('',#5933,#1467);
#1007=LINE('',#5935,#1468);
#1008=LINE('',#5936,#1469);
#1009=LINE('',#5939,#1470);
#1010=LINE('',#5941,#1471);
#1011=LINE('',#5942,#1472);
#1012=LINE('',#5945,#1473);
#1013=LINE('',#5947,#1474);
#1014=LINE('',#5948,#1475);
#1015=LINE('',#5951,#1476);
#1016=LINE('',#5953,#1477);
#1017=LINE('',#5954,#1478);
#1018=LINE('',#5957,#1479);
#1019=LINE('',#5959,#1480);
#1020=LINE('',#5960,#1481);
#1021=LINE('',#5963,#1482);
#1022=LINE('',#5965,#1483);
#1023=LINE('',#5966,#1484);
#1024=LINE('',#5969,#1485);
#1025=LINE('',#5971,#1486);
#1026=LINE('',#5972,#1487);
#1027=LINE('',#5975,#1488);
#1028=LINE('',#5977,#1489);
#1029=LINE('',#5979,#1490);
#1030=LINE('',#5981,#1491);
#1031=LINE('',#5982,#1492);
#1032=LINE('',#5986,#1493);
#1033=LINE('',#5987,#1494);
#1034=LINE('',#5988,#1495);
#1035=LINE('',#5991,#1496);
#1036=LINE('',#5993,#1497);
#1037=LINE('',#5994,#1498);
#1038=LINE('',#5997,#1499);
#1039=LINE('',#5999,#1500);
#1040=LINE('',#6000,#1501);
#1041=LINE('',#6002,#1502);
#1042=LINE('',#6004,#1503);
#1043=LINE('',#6006,#1504);
#1044=LINE('',#6009,#1505);
#1045=LINE('',#6011,#1506);
#1046=LINE('',#6012,#1507);
#1047=LINE('',#6015,#1508);
#1048=LINE('',#6017,#1509);
#1049=LINE('',#6018,#1510);
#1050=LINE('',#6020,#1511);
#1051=LINE('',#6022,#1512);
#1052=LINE('',#6024,#1513);
#1053=LINE('',#6027,#1514);
#1054=LINE('',#6029,#1515);
#1055=LINE('',#6030,#1516);
#1056=LINE('',#6033,#1517);
#1057=LINE('',#6035,#1518);
#1058=LINE('',#6036,#1519);
#1059=LINE('',#6038,#1520);
#1060=LINE('',#6040,#1521);
#1061=LINE('',#6042,#1522);
#1062=LINE('',#6045,#1523);
#1063=LINE('',#6047,#1524);
#1064=LINE('',#6048,#1525);
#1065=LINE('',#6051,#1526);
#1066=LINE('',#6053,#1527);
#1067=LINE('',#6054,#1528);
#1068=LINE('',#6056,#1529);
#1069=LINE('',#6058,#1530);
#1070=LINE('',#6060,#1531);
#1071=LINE('',#6063,#1532);
#1072=LINE('',#6065,#1533);
#1073=LINE('',#6066,#1534);
#1074=LINE('',#6069,#1535);
#1075=LINE('',#6071,#1536);
#1076=LINE('',#6072,#1537);
#1077=LINE('',#6074,#1538);
#1078=LINE('',#6076,#1539);
#1079=LINE('',#6078,#1540);
#1080=LINE('',#6082,#1541);
#1081=LINE('',#6086,#1542);
#1082=LINE('',#6090,#1543);
#1083=LINE('',#6094,#1544);
#1084=LINE('',#6096,#1545);
#1085=LINE('',#6097,#1546);
#1086=LINE('',#6098,#1547);
#1087=LINE('',#6099,#1548);
#1088=LINE('',#6100,#1549);
#1089=LINE('',#6102,#1550);
#1090=LINE('',#6104,#1551);
#1091=LINE('',#6105,#1552);
#1092=LINE('',#6112,#1553);
#1093=LINE('',#6116,#1554);
#1094=LINE('',#6118,#1555);
#1095=LINE('',#6120,#1556);
#1096=LINE('',#6122,#1557);
#1097=LINE('',#6124,#1558);
#1098=LINE('',#6126,#1559);
#1099=LINE('',#6128,#1560);
#1100=LINE('',#6130,#1561);
#1101=LINE('',#6132,#1562);
#1102=LINE('',#6133,#1563);
#1103=LINE('',#6134,#1564);
#1104=LINE('',#6136,#1565);
#1105=LINE('',#6138,#1566);
#1106=LINE('',#6140,#1567);
#1107=LINE('',#6142,#1568);
#1108=LINE('',#6144,#1569);
#1109=LINE('',#6145,#1570);
#1110=LINE('',#6148,#1571);
#1111=LINE('',#6149,#1572);
#1112=LINE('',#6152,#1573);
#1113=LINE('',#6154,#1574);
#1114=LINE('',#6155,#1575);
#1115=LINE('',#6158,#1576);
#1116=LINE('',#6160,#1577);
#1117=LINE('',#6161,#1578);
#1118=LINE('',#6163,#1579);
#1119=LINE('',#6164,#1580);
#1120=LINE('',#6166,#1581);
#1121=LINE('',#6169,#1582);
#1122=LINE('',#6171,#1583);
#1123=LINE('',#6172,#1584);
#1124=LINE('',#6175,#1585);
#1125=LINE('',#6176,#1586);
#1126=LINE('',#6179,#1587);
#1127=LINE('',#6180,#1588);
#1128=LINE('',#6182,#1589);
#1129=LINE('',#6186,#1590);
#1130=LINE('',#6187,#1591);
#1131=LINE('',#6190,#1592);
#1132=LINE('',#6191,#1593);
#1133=LINE('',#6194,#1594);
#1134=LINE('',#6195,#1595);
#1135=LINE('',#6198,#1596);
#1136=LINE('',#6199,#1597);
#1137=LINE('',#6201,#1598);
#1138=LINE('',#6204,#1599);
#1139=VECTOR('',#3929,10.);
#1140=VECTOR('',#3930,10.);
#1141=VECTOR('',#3931,10.);
#1142=VECTOR('',#3936,0.75);
#1143=VECTOR('',#3947,0.750000000000002);
#1144=VECTOR('',#3958,0.75);
#1145=VECTOR('',#3969,0.750000000000002);
#1146=VECTOR('',#3980,0.599999999999996);
#1147=VECTOR('',#3985,0.6);
#1148=VECTOR('',#3990,0.599999999999996);
#1149=VECTOR('',#3995,0.6);
#1150=VECTOR('',#3998,10.);
#1151=VECTOR('',#3999,10.);
#1152=VECTOR('',#4000,10.);
#1153=VECTOR('',#4001,10.);
#1154=VECTOR('',#4004,10.);
#1155=VECTOR('',#4005,10.);
#1156=VECTOR('',#4008,10.);
#1157=VECTOR('',#4009,10.);
#1158=VECTOR('',#4010,10.);
#1159=VECTOR('',#4011,10.);
#1160=VECTOR('',#4014,10.);
#1161=VECTOR('',#4015,10.);
#1162=VECTOR('',#4018,10.);
#1163=VECTOR('',#4019,10.);
#1164=VECTOR('',#4020,10.);
#1165=VECTOR('',#4023,10.);
#1166=VECTOR('',#4024,10.);
#1167=VECTOR('',#4025,10.);
#1168=VECTOR('',#4028,10.);
#1169=VECTOR('',#4029,10.);
#1170=VECTOR('',#4030,10.);
#1171=VECTOR('',#4031,10.);
#1172=VECTOR('',#4032,10.);
#1173=VECTOR('',#4035,10.);
#1174=VECTOR('',#4036,10.);
#1175=VECTOR('',#4039,10.);
#1176=VECTOR('',#4042,10.);
#1177=VECTOR('',#4045,10.);
#1178=VECTOR('',#4046,10.);
#1179=VECTOR('',#4047,10.);
#1180=VECTOR('',#4048,10.);
#1181=VECTOR('',#4049,10.);
#1182=VECTOR('',#4050,10.);
#1183=VECTOR('',#4053,10.);
#1184=VECTOR('',#4056,10.);
#1185=VECTOR('',#4057,10.);
#1186=VECTOR('',#4058,10.);
#1187=VECTOR('',#4061,10.);
#1188=VECTOR('',#4062,10.);
#1189=VECTOR('',#4063,10.);
#1190=VECTOR('',#4064,10.);
#1191=VECTOR('',#4065,10.);
#1192=VECTOR('',#4066,10.);
#1193=VECTOR('',#4069,10.);
#1194=VECTOR('',#4074,10.);
#1195=VECTOR('',#4075,10.);
#1196=VECTOR('',#4076,10.);
#1197=VECTOR('',#4077,10.);
#1198=VECTOR('',#4078,10.);
#1199=VECTOR('',#4081,10.);
#1200=VECTOR('',#4082,10.);
#1201=VECTOR('',#4083,10.);
#1202=VECTOR('',#4084,10.);
#1203=VECTOR('',#4085,10.);
#1204=VECTOR('',#4088,10.);
#1205=VECTOR('',#4089,10.);
#1206=VECTOR('',#4090,10.);
#1207=VECTOR('',#4091,10.);
#1208=VECTOR('',#4092,10.);
#1209=VECTOR('',#4093,10.);
#1210=VECTOR('',#4094,10.);
#1211=VECTOR('',#4095,10.);
#1212=VECTOR('',#4096,10.);
#1213=VECTOR('',#4097,10.);
#1214=VECTOR('',#4100,10.);
#1215=VECTOR('',#4101,10.);
#1216=VECTOR('',#4104,10.);
#1217=VECTOR('',#4105,10.);
#1218=VECTOR('',#4106,10.);
#1219=VECTOR('',#4109,10.);
#1220=VECTOR('',#4110,10.);
#1221=VECTOR('',#4111,10.);
#1222=VECTOR('',#4112,10.);
#1223=VECTOR('',#4115,10.);
#1224=VECTOR('',#4116,10.);
#1225=VECTOR('',#4117,10.);
#1226=VECTOR('',#4118,10.);
#1227=VECTOR('',#4119,10.);
#1228=VECTOR('',#4120,10.);
#1229=VECTOR('',#4121,10.);
#1230=VECTOR('',#4124,10.);
#1231=VECTOR('',#4125,10.);
#1232=VECTOR('',#4130,10.);
#1233=VECTOR('',#4131,10.);
#1234=VECTOR('',#4134,10.);
#1235=VECTOR('',#4135,10.);
#1236=VECTOR('',#4136,10.);
#1237=VECTOR('',#4137,10.);
#1238=VECTOR('',#4138,10.);
#1239=VECTOR('',#4139,10.);
#1240=VECTOR('',#4140,10.);
#1241=VECTOR('',#4143,10.);
#1242=VECTOR('',#4144,10.);
#1243=VECTOR('',#4147,10.);
#1244=VECTOR('',#4148,10.);
#1245=VECTOR('',#4151,10.);
#1246=VECTOR('',#4152,10.);
#1247=VECTOR('',#4153,10.);
#1248=VECTOR('',#4156,10.);
#1249=VECTOR('',#4157,10.);
#1250=VECTOR('',#4160,10.);
#1251=VECTOR('',#4161,10.);
#1252=VECTOR('',#4164,10.);
#1253=VECTOR('',#4165,10.);
#1254=VECTOR('',#4168,10.);
#1255=VECTOR('',#4169,10.);
#1256=VECTOR('',#4170,10.);
#1257=VECTOR('',#4173,10.);
#1258=VECTOR('',#4176,10.);
#1259=VECTOR('',#4177,10.);
#1260=VECTOR('',#4180,10.);
#1261=VECTOR('',#4181,10.);
#1262=VECTOR('',#4182,10.);
#1263=VECTOR('',#4185,10.);
#1264=VECTOR('',#4186,10.);
#1265=VECTOR('',#4189,10.);
#1266=VECTOR('',#4190,10.);
#1267=VECTOR('',#4193,10.);
#1268=VECTOR('',#4196,10.);
#1269=VECTOR('',#4197,10.);
#1270=VECTOR('',#4198,10.);
#1271=VECTOR('',#4201,10.);
#1272=VECTOR('',#4202,10.);
#1273=VECTOR('',#4203,10.);
#1274=VECTOR('',#4206,10.);
#1275=VECTOR('',#4207,10.);
#1276=VECTOR('',#4212,10.);
#1277=VECTOR('',#4213,10.);
#1278=VECTOR('',#4214,10.);
#1279=VECTOR('',#4215,10.);
#1280=VECTOR('',#4216,10.);
#1281=VECTOR('',#4217,10.);
#1282=VECTOR('',#4218,10.);
#1283=VECTOR('',#4219,10.);
#1284=VECTOR('',#4220,10.);
#1285=VECTOR('',#4221,10.);
#1286=VECTOR('',#4230,10.);
#1287=VECTOR('',#4233,10.);
#1288=VECTOR('',#4238,10.);
#1289=VECTOR('',#4239,10.);
#1290=VECTOR('',#4240,10.);
#1291=VECTOR('',#4243,10.);
#1292=VECTOR('',#4246,10.);
#1293=VECTOR('',#4251,10.);
#1294=VECTOR('',#4256,1.);
#1295=VECTOR('',#4261,1.);
#1296=VECTOR('',#4266,10.);
#1297=VECTOR('',#4271,10.);
#1298=VECTOR('',#4284,10.);
#1299=VECTOR('',#4285,10.);
#1300=VECTOR('',#4288,10.);
#1301=VECTOR('',#4295,1.);
#1302=VECTOR('',#4300,10.);
#1303=VECTOR('',#4301,10.);
#1304=VECTOR('',#4302,10.);
#1305=VECTOR('',#4303,10.);
#1306=VECTOR('',#4306,10.);
#1307=VECTOR('',#4307,10.);
#1308=VECTOR('',#4308,10.);
#1309=VECTOR('',#4309,10.);
#1310=VECTOR('',#4310,10.);
#1311=VECTOR('',#4311,10.);
#1312=VECTOR('',#4312,10.);
#1313=VECTOR('',#4313,10.);
#1314=VECTOR('',#4314,10.);
#1315=VECTOR('',#4315,10.);
#1316=VECTOR('',#4316,10.);
#1317=VECTOR('',#4317,10.);
#1318=VECTOR('',#4318,10.);
#1319=VECTOR('',#4319,10.);
#1320=VECTOR('',#4320,10.);
#1321=VECTOR('',#4321,10.);
#1322=VECTOR('',#4322,10.);
#1323=VECTOR('',#4325,10.);
#1324=VECTOR('',#4326,10.);
#1325=VECTOR('',#4327,10.);
#1326=VECTOR('',#4330,10.);
#1327=VECTOR('',#4331,10.);
#1328=VECTOR('',#4332,10.);
#1329=VECTOR('',#4333,10.);
#1330=VECTOR('',#4336,10.);
#1331=VECTOR('',#4339,10.);
#1332=VECTOR('',#4340,10.);
#1333=VECTOR('',#4341,10.);
#1334=VECTOR('',#4344,10.);
#1335=VECTOR('',#4345,10.);
#1336=VECTOR('',#4348,10.);
#1337=VECTOR('',#4349,10.);
#1338=VECTOR('',#4352,10.);
#1339=VECTOR('',#4357,10.);
#1340=VECTOR('',#4358,10.);
#1341=VECTOR('',#4359,10.);
#1342=VECTOR('',#4362,10.);
#1343=VECTOR('',#4363,10.);
#1344=VECTOR('',#4364,10.);
#1345=VECTOR('',#4365,10.);
#1346=VECTOR('',#4368,10.);
#1347=VECTOR('',#4369,10.);
#1348=VECTOR('',#4370,10.);
#1349=VECTOR('',#4373,10.);
#1350=VECTOR('',#4374,10.);
#1351=VECTOR('',#4377,10.);
#1352=VECTOR('',#4378,10.);
#1353=VECTOR('',#4381,10.);
#1354=VECTOR('',#4384,10.);
#1355=VECTOR('',#4385,10.);
#1356=VECTOR('',#4386,10.);
#1357=VECTOR('',#4389,10.);
#1358=VECTOR('',#4390,10.);
#1359=VECTOR('',#4391,10.);
#1360=VECTOR('',#4394,10.);
#1361=VECTOR('',#4397,10.);
#1362=VECTOR('',#4402,10.);
#1363=VECTOR('',#4403,10.);
#1364=VECTOR('',#4406,10.);
#1365=VECTOR('',#4407,10.);
#1366=VECTOR('',#4410,10.);
#1367=VECTOR('',#4415,10.);
#1368=VECTOR('',#4416,10.);
#1369=VECTOR('',#4417,10.);
#1370=VECTOR('',#4418,10.);
#1371=VECTOR('',#4421,10.);
#1372=VECTOR('',#4422,10.);
#1373=VECTOR('',#4423,10.);
#1374=VECTOR('',#4424,10.);
#1375=VECTOR('',#4427,10.);
#1376=VECTOR('',#4428,10.);
#1377=VECTOR('',#4429,10.);
#1378=VECTOR('',#4430,10.);
#1379=VECTOR('',#4433,10.);
#1380=VECTOR('',#4434,10.);
#1381=VECTOR('',#4435,10.);
#1382=VECTOR('',#4436,10.);
#1383=VECTOR('',#4439,10.);
#1384=VECTOR('',#4440,10.);
#1385=VECTOR('',#4441,10.);
#1386=VECTOR('',#4442,10.);
#1387=VECTOR('',#4445,10.);
#1388=VECTOR('',#4446,10.);
#1389=VECTOR('',#4447,10.);
#1390=VECTOR('',#4448,10.);
#1391=VECTOR('',#4451,10.);
#1392=VECTOR('',#4452,10.);
#1393=VECTOR('',#4453,10.);
#1394=VECTOR('',#4454,10.);
#1395=VECTOR('',#4457,10.);
#1396=VECTOR('',#4458,10.);
#1397=VECTOR('',#4459,10.);
#1398=VECTOR('',#4460,10.);
#1399=VECTOR('',#4463,10.);
#1400=VECTOR('',#4464,10.);
#1401=VECTOR('',#4465,10.);
#1402=VECTOR('',#4466,10.);
#1403=VECTOR('',#4467,10.);
#1404=VECTOR('',#4468,10.);
#1405=VECTOR('',#4469,10.);
#1406=VECTOR('',#4470,10.);
#1407=VECTOR('',#4485,10.);
#1408=VECTOR('',#4500,10.);
#1409=VECTOR('',#4515,10.);
#1410=VECTOR('',#4516,10.);
#1411=VECTOR('',#4517,10.);
#1412=VECTOR('',#4518,10.);
#1413=VECTOR('',#4519,10.);
#1414=VECTOR('',#4520,10.);
#1415=VECTOR('',#4521,10.);
#1416=VECTOR('',#4522,10.);
#1417=VECTOR('',#4523,10.);
#1418=VECTOR('',#4524,10.);
#1419=VECTOR('',#4525,10.);
#1420=VECTOR('',#4526,10.);
#1421=VECTOR('',#4527,10.);
#1422=VECTOR('',#4528,10.);
#1423=VECTOR('',#4529,10.);
#1424=VECTOR('',#4530,10.);
#1425=VECTOR('',#4531,10.);
#1426=VECTOR('',#4532,10.);
#1427=VECTOR('',#4533,10.);
#1428=VECTOR('',#4534,10.);
#1429=VECTOR('',#4535,10.);
#1430=VECTOR('',#4536,10.);
#1431=VECTOR('',#4537,10.);
#1432=VECTOR('',#4538,10.);
#1433=VECTOR('',#4539,10.);
#1434=VECTOR('',#4540,10.);
#1435=VECTOR('',#4541,10.);
#1436=VECTOR('',#4542,10.);
#1437=VECTOR('',#4543,10.);
#1438=VECTOR('',#4544,10.);
#1439=VECTOR('',#4545,10.);
#1440=VECTOR('',#4546,10.);
#1441=VECTOR('',#4547,10.);
#1442=VECTOR('',#4548,10.);
#1443=VECTOR('',#4549,10.);
#1444=VECTOR('',#4550,10.);
#1445=VECTOR('',#4551,10.);
#1446=VECTOR('',#4552,10.);
#1447=VECTOR('',#4553,10.);
#1448=VECTOR('',#4554,10.);
#1449=VECTOR('',#4555,10.);
#1450=VECTOR('',#4556,10.);
#1451=VECTOR('',#4557,10.);
#1452=VECTOR('',#4558,10.);
#1453=VECTOR('',#4559,10.);
#1454=VECTOR('',#4560,10.);
#1455=VECTOR('',#4561,10.);
#1456=VECTOR('',#4562,10.);
#1457=VECTOR('',#4563,10.);
#1458=VECTOR('',#4566,10.);
#1459=VECTOR('',#4567,10.);
#1460=VECTOR('',#4568,10.);
#1461=VECTOR('',#4571,10.);
#1462=VECTOR('',#4572,10.);
#1463=VECTOR('',#4573,10.);
#1464=VECTOR('',#4576,10.);
#1465=VECTOR('',#4577,10.);
#1466=VECTOR('',#4578,10.);
#1467=VECTOR('',#4581,10.);
#1468=VECTOR('',#4582,10.);
#1469=VECTOR('',#4583,10.);
#1470=VECTOR('',#4586,10.);
#1471=VECTOR('',#4587,10.);
#1472=VECTOR('',#4588,10.);
#1473=VECTOR('',#4591,10.);
#1474=VECTOR('',#4592,10.);
#1475=VECTOR('',#4593,10.);
#1476=VECTOR('',#4596,10.);
#1477=VECTOR('',#4597,10.);
#1478=VECTOR('',#4598,10.);
#1479=VECTOR('',#4601,10.);
#1480=VECTOR('',#4602,10.);
#1481=VECTOR('',#4603,10.);
#1482=VECTOR('',#4606,10.);
#1483=VECTOR('',#4607,10.);
#1484=VECTOR('',#4608,10.);
#1485=VECTOR('',#4611,10.);
#1486=VECTOR('',#4612,10.);
#1487=VECTOR('',#4613,10.);
#1488=VECTOR('',#4616,10.);
#1489=VECTOR('',#4617,10.);
#1490=VECTOR('',#4618,10.);
#1491=VECTOR('',#4619,10.);
#1492=VECTOR('',#4620,10.);
#1493=VECTOR('',#4623,10.);
#1494=VECTOR('',#4624,10.);
#1495=VECTOR('',#4625,10.);
#1496=VECTOR('',#4628,10.);
#1497=VECTOR('',#4629,10.);
#1498=VECTOR('',#4630,10.);
#1499=VECTOR('',#4633,10.);
#1500=VECTOR('',#4634,10.);
#1501=VECTOR('',#4635,10.);
#1502=VECTOR('',#4638,10.);
#1503=VECTOR('',#4641,10.);
#1504=VECTOR('',#4644,10.);
#1505=VECTOR('',#4647,10.);
#1506=VECTOR('',#4648,10.);
#1507=VECTOR('',#4649,10.);
#1508=VECTOR('',#4652,10.);
#1509=VECTOR('',#4653,10.);
#1510=VECTOR('',#4654,10.);
#1511=VECTOR('',#4657,10.);
#1512=VECTOR('',#4660,10.);
#1513=VECTOR('',#4663,10.);
#1514=VECTOR('',#4666,10.);
#1515=VECTOR('',#4667,10.);
#1516=VECTOR('',#4668,10.);
#1517=VECTOR('',#4671,10.);
#1518=VECTOR('',#4672,10.);
#1519=VECTOR('',#4673,10.);
#1520=VECTOR('',#4676,10.);
#1521=VECTOR('',#4679,10.);
#1522=VECTOR('',#4682,10.);
#1523=VECTOR('',#4685,10.);
#1524=VECTOR('',#4686,10.);
#1525=VECTOR('',#4687,10.);
#1526=VECTOR('',#4690,10.);
#1527=VECTOR('',#4691,10.);
#1528=VECTOR('',#4692,10.);
#1529=VECTOR('',#4695,10.);
#1530=VECTOR('',#4698,10.);
#1531=VECTOR('',#4701,10.);
#1532=VECTOR('',#4704,10.);
#1533=VECTOR('',#4705,10.);
#1534=VECTOR('',#4706,10.);
#1535=VECTOR('',#4709,10.);
#1536=VECTOR('',#4710,10.);
#1537=VECTOR('',#4711,10.);
#1538=VECTOR('',#4714,10.);
#1539=VECTOR('',#4717,10.);
#1540=VECTOR('',#4720,10.);
#1541=VECTOR('',#4725,0.599999999999996);
#1542=VECTOR('',#4730,0.600000000000001);
#1543=VECTOR('',#4735,0.599999999999996);
#1544=VECTOR('',#4740,0.600000000000002);
#1545=VECTOR('',#4743,10.);
#1546=VECTOR('',#4744,10.);
#1547=VECTOR('',#4745,10.);
#1548=VECTOR('',#4746,10.);
#1549=VECTOR('',#4747,10.);
#1550=VECTOR('',#4748,10.);
#1551=VECTOR('',#4749,10.);
#1552=VECTOR('',#4750,10.);
#1553=VECTOR('',#4763,10.);
#1554=VECTOR('',#4766,10.);
#1555=VECTOR('',#4767,10.);
#1556=VECTOR('',#4768,10.);
#1557=VECTOR('',#4769,10.);
#1558=VECTOR('',#4770,10.);
#1559=VECTOR('',#4771,10.);
#1560=VECTOR('',#4772,10.);
#1561=VECTOR('',#4773,10.);
#1562=VECTOR('',#4774,10.);
#1563=VECTOR('',#4775,10.);
#1564=VECTOR('',#4776,10.);
#1565=VECTOR('',#4777,10.);
#1566=VECTOR('',#4778,10.);
#1567=VECTOR('',#4779,10.);
#1568=VECTOR('',#4780,10.);
#1569=VECTOR('',#4781,10.);
#1570=VECTOR('',#4782,10.);
#1571=VECTOR('',#4785,10.);
#1572=VECTOR('',#4786,10.);
#1573=VECTOR('',#4789,10.);
#1574=VECTOR('',#4790,10.);
#1575=VECTOR('',#4791,10.);
#1576=VECTOR('',#4794,10.);
#1577=VECTOR('',#4795,10.);
#1578=VECTOR('',#4796,10.);
#1579=VECTOR('',#4799,10.);
#1580=VECTOR('',#4800,10.);
#1581=VECTOR('',#4803,10.);
#1582=VECTOR('',#4806,10.);
#1583=VECTOR('',#4807,10.);
#1584=VECTOR('',#4808,10.);
#1585=VECTOR('',#4811,10.);
#1586=VECTOR('',#4812,10.);
#1587=VECTOR('',#4815,10.);
#1588=VECTOR('',#4816,10.);
#1589=VECTOR('',#4819,10.);
#1590=VECTOR('',#4824,10.);
#1591=VECTOR('',#4825,10.);
#1592=VECTOR('',#4828,10.);
#1593=VECTOR('',#4829,10.);
#1594=VECTOR('',#4832,10.);
#1595=VECTOR('',#4833,10.);
#1596=VECTOR('',#4836,10.);
#1597=VECTOR('',#4837,10.);
#1598=VECTOR('',#4840,10.);
#1599=VECTOR('',#4845,10.);
#1600=B_SPLINE_CURVE_WITH_KNOTS('',3,(#4881,#4882,#4883,#4884,#4885,#4886,
#4887,#4888,#4889,#4890,#4891,#4892,#4893,#4894,#4895,#4896,#4897,#4898,
#4899,#4900,#4901,#4902,#4903,#4904,#4905,#4906,#4907,#4908,#4909,#4910,
#4911,#4912,#4913,#4914),.UNSPECIFIED.,.F.,.F.,(4,3,3,3,3,3,3,3,3,3,3,4),
(-0.221262771247152,-0.201956983641521,-0.181643798814324,-0.157367855555614,
-0.136191705402149,-0.11916774222688,-0.102632726107407,-0.084015379903679,
-0.0420076899518395,-0.0210038449759197,-0.00183007172593356,0.),
 .UNSPECIFIED.);
#1601=B_SPLINE_CURVE_WITH_KNOTS('',3,(#5009,#5010,#5011,#5012,#5013,#5014,
#5015,#5016,#5017,#5018,#5019,#5020,#5021,#5022,#5023,#5024,#5025,#5026,
#5027,#5028,#5029,#5030,#5031,#5032,#5033,#5034,#5035,#5036,#5037,#5038,
#5039,#5040,#5041,#5042,#5043,#5044,#5045),.UNSPECIFIED.,.F.,.F.,(4,3,3,
3,3,3,3,3,3,3,3,3,4),(-0.164075027923963,-0.151722975111421,-0.138850721940058,
-0.124629571126856,-0.108064248913067,-0.0945562177989337,-0.0837482643758007,
-0.0733549930312577,-0.0609246359244912,-0.0361175484066426,-0.0226650918467645,
-0.0102877914449871,0.),.UNSPECIFIED.);
#1602=B_SPLINE_CURVE_WITH_KNOTS('',3,(#5070,#5071,#5072,#5073,#5074,#5075,
#5076,#5077,#5078,#5079,#5080,#5081,#5082,#5083,#5084,#5085,#5086,#5087,
#5088,#5089,#5090,#5091,#5092,#5093,#5094,#5095,#5096,#5097,#5098,#5099,
#5100,#5101,#5102,#5103,#5104,#5105,#5106),.UNSPECIFIED.,.F.,.F.,(4,3,3,
3,3,3,3,3,3,3,3,3,4),(-0.113689997800311,-0.104875583471822,-0.095642284728899,
-0.0850882884866649,-0.0743199317334549,-0.0650299409479517,-0.0574176283570251,
-0.0498910113014082,-0.0406113260411231,-0.0268964870692434,-0.0171796120653905,
-0.00830867727187987,-5.44942974078921E-9),.UNSPECIFIED.);
#1603=B_SPLINE_CURVE_WITH_KNOTS('',3,(#5113,#5114,#5115,#5116,#5117,#5118,
#5119,#5120,#5121,#5122,#5123,#5124,#5125,#5126,#5127,#5128,#5129,#5130,
#5131,#5132,#5133,#5134,#5135,#5136,#5137,#5138,#5139,#5140,#5141,#5142,
#5143,#5144,#5145,#5146,#5147,#5148,#5149),.UNSPECIFIED.,.F.,.F.,(4,3,3,
3,3,3,3,3,3,3,3,3,4),(-0.14367404668346,-0.131786366270754,-0.119179370633554,
-0.103731228674215,-0.0907648250899378,-0.0794192219536956,-0.0692205848674582,
-0.0582661896171899,-0.0422483586001386,-0.0281611401614171,-0.0156288003896461,
-0.00374819751073533,0.),.UNSPECIFIED.);
#1604=VERTEX_POINT('',#4879);
#1605=VERTEX_POINT('',#4880);
#1606=VERTEX_POINT('',#4915);
#1607=VERTEX_POINT('',#4917);
#1608=VERTEX_POINT('',#4933);
#1609=VERTEX_POINT('',#4937);
#1610=VERTEX_POINT('',#4939);
#1611=VERTEX_POINT('',#4943);
#1612=VERTEX_POINT('',#4946);
#1613=VERTEX_POINT('',#4948);
#1614=VERTEX_POINT('',#4952);
#1615=VERTEX_POINT('',#4955);
#1616=VERTEX_POINT('',#4957);
#1617=VERTEX_POINT('',#4961);
#1618=VERTEX_POINT('',#4964);
#1619=VERTEX_POINT('',#4966);
#1620=VERTEX_POINT('',#4970);
#1621=VERTEX_POINT('',#4973);
#1622=VERTEX_POINT('',#4977);
#1623=VERTEX_POINT('',#4981);
#1624=VERTEX_POINT('',#4985);
#1625=VERTEX_POINT('',#4989);
#1626=VERTEX_POINT('',#4990);
#1627=VERTEX_POINT('',#4993);
#1628=VERTEX_POINT('',#4995);
#1629=VERTEX_POINT('',#4997);
#1630=VERTEX_POINT('',#4999);
#1631=VERTEX_POINT('',#5003);
#1632=VERTEX_POINT('',#5004);
#1633=VERTEX_POINT('',#5006);
#1634=VERTEX_POINT('',#5008);
#1635=VERTEX_POINT('',#5046);
#1636=VERTEX_POINT('',#5048);
#1637=VERTEX_POINT('',#5050);
#1638=VERTEX_POINT('',#5052);
#1639=VERTEX_POINT('',#5056);
#1640=VERTEX_POINT('',#5057);
#1641=VERTEX_POINT('',#5059);
#1642=VERTEX_POINT('',#5061);
#1643=VERTEX_POINT('',#5063);
#1644=VERTEX_POINT('',#5065);
#1645=VERTEX_POINT('',#5067);
#1646=VERTEX_POINT('',#5069);
#1647=VERTEX_POINT('',#5109);
#1648=VERTEX_POINT('',#5110);
#1649=VERTEX_POINT('',#5112);
#1650=VERTEX_POINT('',#5150);
#1651=VERTEX_POINT('',#5152);
#1652=VERTEX_POINT('',#5154);
#1653=VERTEX_POINT('',#5156);
#1654=VERTEX_POINT('',#5158);
#1655=VERTEX_POINT('',#5160);
#1656=VERTEX_POINT('',#5164);
#1657=VERTEX_POINT('',#5166);
#1658=VERTEX_POINT('',#5170);
#1659=VERTEX_POINT('',#5172);
#1660=VERTEX_POINT('',#5174);
#1661=VERTEX_POINT('',#5176);
#1662=VERTEX_POINT('',#5178);
#1663=VERTEX_POINT('',#5184);
#1664=VERTEX_POINT('',#5186);
#1665=VERTEX_POINT('',#5190);
#1666=VERTEX_POINT('',#5192);
#1667=VERTEX_POINT('',#5194);
#1668=VERTEX_POINT('',#5196);
#1669=VERTEX_POINT('',#5198);
#1670=VERTEX_POINT('',#5202);
#1671=VERTEX_POINT('',#5206);
#1672=VERTEX_POINT('',#5208);
#1673=VERTEX_POINT('',#5241);
#1674=VERTEX_POINT('',#5243);
#1675=VERTEX_POINT('',#5261);
#1676=VERTEX_POINT('',#5263);
#1677=VERTEX_POINT('',#5265);
#1678=VERTEX_POINT('',#5267);
#1679=VERTEX_POINT('',#5271);
#1680=VERTEX_POINT('',#5274);
#1681=VERTEX_POINT('',#5276);
#1682=VERTEX_POINT('',#5278);
#1683=VERTEX_POINT('',#5280);
#1684=VERTEX_POINT('',#5282);
#1685=VERTEX_POINT('',#5284);
#1686=VERTEX_POINT('',#5286);
#1687=VERTEX_POINT('',#5290);
#1688=VERTEX_POINT('',#5294);
#1689=VERTEX_POINT('',#5296);
#1690=VERTEX_POINT('',#5300);
#1691=VERTEX_POINT('',#5302);
#1692=VERTEX_POINT('',#5335);
#1693=VERTEX_POINT('',#5354);
#1694=VERTEX_POINT('',#5356);
#1695=VERTEX_POINT('',#5358);
#1696=VERTEX_POINT('',#5360);
#1697=VERTEX_POINT('',#5362);
#1698=VERTEX_POINT('',#5370);
#1699=VERTEX_POINT('',#5372);
#1700=VERTEX_POINT('',#5374);
#1701=VERTEX_POINT('',#5376);
#1702=VERTEX_POINT('',#5378);
#1703=VERTEX_POINT('',#5380);
#1704=VERTEX_POINT('',#5382);
#1705=VERTEX_POINT('',#5384);
#1706=VERTEX_POINT('',#5386);
#1707=VERTEX_POINT('',#5390);
#1708=VERTEX_POINT('',#5394);
#1709=VERTEX_POINT('',#5429);
#1710=VERTEX_POINT('',#5431);
#1711=VERTEX_POINT('',#5449);
#1712=VERTEX_POINT('',#5456);
#1713=VERTEX_POINT('',#5460);
#1714=VERTEX_POINT('',#5467);
#1715=VERTEX_POINT('',#5471);
#1716=VERTEX_POINT('',#5473);
#1717=VERTEX_POINT('',#5480);
#1718=VERTEX_POINT('',#5486);
#1719=VERTEX_POINT('',#5488);
#1720=VERTEX_POINT('',#5492);
#1721=VERTEX_POINT('',#5494);
#1722=VERTEX_POINT('',#5502);
#1723=VERTEX_POINT('',#5504);
#1724=VERTEX_POINT('',#5507);
#1725=VERTEX_POINT('',#5510);
#1726=VERTEX_POINT('',#5513);
#1727=VERTEX_POINT('',#5515);
#1728=VERTEX_POINT('',#5518);
#1729=VERTEX_POINT('',#5520);
#1730=VERTEX_POINT('',#5522);
#1731=VERTEX_POINT('',#5530);
#1732=VERTEX_POINT('',#5532);
#1733=VERTEX_POINT('',#5543);
#1734=VERTEX_POINT('',#5547);
#1735=VERTEX_POINT('',#5562);
#1736=VERTEX_POINT('',#5569);
#1737=VERTEX_POINT('',#5574);
#1738=VERTEX_POINT('',#5575);
#1739=VERTEX_POINT('',#5577);
#1740=VERTEX_POINT('',#5579);
#1741=VERTEX_POINT('',#5583);
#1742=VERTEX_POINT('',#5585);
#1743=VERTEX_POINT('',#5587);
#1744=VERTEX_POINT('',#5589);
#1745=VERTEX_POINT('',#5591);
#1746=VERTEX_POINT('',#5593);
#1747=VERTEX_POINT('',#5595);
#1748=VERTEX_POINT('',#5597);
#1749=VERTEX_POINT('',#5599);
#1750=VERTEX_POINT('',#5601);
#1751=VERTEX_POINT('',#5604);
#1752=VERTEX_POINT('',#5605);
#1753=VERTEX_POINT('',#5607);
#1754=VERTEX_POINT('',#5609);
#1755=VERTEX_POINT('',#5611);
#1756=VERTEX_POINT('',#5613);
#1757=VERTEX_POINT('',#5617);
#1758=VERTEX_POINT('',#5619);
#1759=VERTEX_POINT('',#5624);
#1760=VERTEX_POINT('',#5626);
#1761=VERTEX_POINT('',#5632);
#1762=VERTEX_POINT('',#5634);
#1763=VERTEX_POINT('',#5638);
#1764=VERTEX_POINT('',#5642);
#1765=VERTEX_POINT('',#5649);
#1766=VERTEX_POINT('',#5651);
#1767=VERTEX_POINT('',#5655);
#1768=VERTEX_POINT('',#5656);
#1769=VERTEX_POINT('',#5658);
#1770=VERTEX_POINT('',#5660);
#1771=VERTEX_POINT('',#5664);
#1772=VERTEX_POINT('',#5666);
#1773=VERTEX_POINT('',#5670);
#1774=VERTEX_POINT('',#5674);
#1775=VERTEX_POINT('',#5681);
#1776=VERTEX_POINT('',#5685);
#1777=VERTEX_POINT('',#5687);
#1778=VERTEX_POINT('',#5696);
#1779=VERTEX_POINT('',#5700);
#1780=VERTEX_POINT('',#5707);
#1781=VERTEX_POINT('',#5708);
#1782=VERTEX_POINT('',#5710);
#1783=VERTEX_POINT('',#5712);
#1784=VERTEX_POINT('',#5716);
#1785=VERTEX_POINT('',#5717);
#1786=VERTEX_POINT('',#5719);
#1787=VERTEX_POINT('',#5721);
#1788=VERTEX_POINT('',#5725);
#1789=VERTEX_POINT('',#5726);
#1790=VERTEX_POINT('',#5728);
#1791=VERTEX_POINT('',#5730);
#1792=VERTEX_POINT('',#5734);
#1793=VERTEX_POINT('',#5735);
#1794=VERTEX_POINT('',#5737);
#1795=VERTEX_POINT('',#5739);
#1796=VERTEX_POINT('',#5743);
#1797=VERTEX_POINT('',#5744);
#1798=VERTEX_POINT('',#5746);
#1799=VERTEX_POINT('',#5748);
#1800=VERTEX_POINT('',#5752);
#1801=VERTEX_POINT('',#5753);
#1802=VERTEX_POINT('',#5755);
#1803=VERTEX_POINT('',#5757);
#1804=VERTEX_POINT('',#5761);
#1805=VERTEX_POINT('',#5762);
#1806=VERTEX_POINT('',#5764);
#1807=VERTEX_POINT('',#5766);
#1808=VERTEX_POINT('',#5770);
#1809=VERTEX_POINT('',#5771);
#1810=VERTEX_POINT('',#5773);
#1811=VERTEX_POINT('',#5775);
#1812=VERTEX_POINT('',#5782);
#1813=VERTEX_POINT('',#5784);
#1814=VERTEX_POINT('',#5786);
#1815=VERTEX_POINT('',#5788);
#1816=VERTEX_POINT('',#5799);
#1817=VERTEX_POINT('',#5805);
#1818=VERTEX_POINT('',#5809);
#1819=VERTEX_POINT('',#5815);
#1820=VERTEX_POINT('',#5818);
#1821=VERTEX_POINT('',#5822);
#1822=VERTEX_POINT('',#5825);
#1823=VERTEX_POINT('',#5826);
#1824=VERTEX_POINT('',#5828);
#1825=VERTEX_POINT('',#5830);
#1826=VERTEX_POINT('',#5832);
#1827=VERTEX_POINT('',#5834);
#1828=VERTEX_POINT('',#5836);
#1829=VERTEX_POINT('',#5838);
#1830=VERTEX_POINT('',#5840);
#1831=VERTEX_POINT('',#5842);
#1832=VERTEX_POINT('',#5844);
#1833=VERTEX_POINT('',#5846);
#1834=VERTEX_POINT('',#5848);
#1835=VERTEX_POINT('',#5850);
#1836=VERTEX_POINT('',#5852);
#1837=VERTEX_POINT('',#5854);
#1838=VERTEX_POINT('',#5856);
#1839=VERTEX_POINT('',#5858);
#1840=VERTEX_POINT('',#5860);
#1841=VERTEX_POINT('',#5862);
#1842=VERTEX_POINT('',#5864);
#1843=VERTEX_POINT('',#5866);
#1844=VERTEX_POINT('',#5868);
#1845=VERTEX_POINT('',#5870);
#1846=VERTEX_POINT('',#5872);
#1847=VERTEX_POINT('',#5874);
#1848=VERTEX_POINT('',#5876);
#1849=VERTEX_POINT('',#5878);
#1850=VERTEX_POINT('',#5880);
#1851=VERTEX_POINT('',#5882);
#1852=VERTEX_POINT('',#5884);
#1853=VERTEX_POINT('',#5886);
#1854=VERTEX_POINT('',#5888);
#1855=VERTEX_POINT('',#5890);
#1856=VERTEX_POINT('',#5892);
#1857=VERTEX_POINT('',#5894);
#1858=VERTEX_POINT('',#5896);
#1859=VERTEX_POINT('',#5898);
#1860=VERTEX_POINT('',#5900);
#1861=VERTEX_POINT('',#5902);
#1862=VERTEX_POINT('',#5904);
#1863=VERTEX_POINT('',#5906);
#1864=VERTEX_POINT('',#5908);
#1865=VERTEX_POINT('',#5910);
#1866=VERTEX_POINT('',#5914);
#1867=VERTEX_POINT('',#5916);
#1868=VERTEX_POINT('',#5920);
#1869=VERTEX_POINT('',#5922);
#1870=VERTEX_POINT('',#5926);
#1871=VERTEX_POINT('',#5928);
#1872=VERTEX_POINT('',#5932);
#1873=VERTEX_POINT('',#5934);
#1874=VERTEX_POINT('',#5938);
#1875=VERTEX_POINT('',#5940);
#1876=VERTEX_POINT('',#5944);
#1877=VERTEX_POINT('',#5946);
#1878=VERTEX_POINT('',#5950);
#1879=VERTEX_POINT('',#5952);
#1880=VERTEX_POINT('',#5956);
#1881=VERTEX_POINT('',#5958);
#1882=VERTEX_POINT('',#5962);
#1883=VERTEX_POINT('',#5964);
#1884=VERTEX_POINT('',#5968);
#1885=VERTEX_POINT('',#5970);
#1886=VERTEX_POINT('',#5974);
#1887=VERTEX_POINT('',#5976);
#1888=VERTEX_POINT('',#5978);
#1889=VERTEX_POINT('',#5980);
#1890=VERTEX_POINT('',#5984);
#1891=VERTEX_POINT('',#5985);
#1892=VERTEX_POINT('',#5990);
#1893=VERTEX_POINT('',#5992);
#1894=VERTEX_POINT('',#5996);
#1895=VERTEX_POINT('',#5998);
#1896=VERTEX_POINT('',#6008);
#1897=VERTEX_POINT('',#6010);
#1898=VERTEX_POINT('',#6014);
#1899=VERTEX_POINT('',#6016);
#1900=VERTEX_POINT('',#6026);
#1901=VERTEX_POINT('',#6028);
#1902=VERTEX_POINT('',#6032);
#1903=VERTEX_POINT('',#6034);
#1904=VERTEX_POINT('',#6044);
#1905=VERTEX_POINT('',#6046);
#1906=VERTEX_POINT('',#6050);
#1907=VERTEX_POINT('',#6052);
#1908=VERTEX_POINT('',#6062);
#1909=VERTEX_POINT('',#6064);
#1910=VERTEX_POINT('',#6068);
#1911=VERTEX_POINT('',#6070);
#1912=VERTEX_POINT('',#6080);
#1913=VERTEX_POINT('',#6084);
#1914=VERTEX_POINT('',#6088);
#1915=VERTEX_POINT('',#6092);
#1916=VERTEX_POINT('',#6101);
#1917=VERTEX_POINT('',#6103);
#1918=VERTEX_POINT('',#6114);
#1919=VERTEX_POINT('',#6115);
#1920=VERTEX_POINT('',#6117);
#1921=VERTEX_POINT('',#6119);
#1922=VERTEX_POINT('',#6121);
#1923=VERTEX_POINT('',#6123);
#1924=VERTEX_POINT('',#6125);
#1925=VERTEX_POINT('',#6127);
#1926=VERTEX_POINT('',#6129);
#1927=VERTEX_POINT('',#6131);
#1928=VERTEX_POINT('',#6135);
#1929=VERTEX_POINT('',#6137);
#1930=VERTEX_POINT('',#6139);
#1931=VERTEX_POINT('',#6141);
#1932=VERTEX_POINT('',#6143);
#1933=VERTEX_POINT('',#6147);
#1934=VERTEX_POINT('',#6151);
#1935=VERTEX_POINT('',#6153);
#1936=VERTEX_POINT('',#6157);
#1937=VERTEX_POINT('',#6159);
#1938=VERTEX_POINT('',#6168);
#1939=VERTEX_POINT('',#6170);
#1940=VERTEX_POINT('',#6174);
#1941=VERTEX_POINT('',#6178);
#1942=VERTEX_POINT('',#6185);
#1943=VERTEX_POINT('',#6189);
#1944=VERTEX_POINT('',#6193);
#1945=VERTEX_POINT('',#6197);
#1946=EDGE_CURVE('',#1604,#1605,#1600,.T.);
#1947=EDGE_CURVE('',#1605,#1606,#678,.T.);
#1948=EDGE_CURVE('',#1607,#1606,#674,.T.);
#1949=EDGE_CURVE('',#1608,#1607,#679,.T.);
#1950=EDGE_CURVE('',#1608,#1604,#680,.T.);
#1951=EDGE_CURVE('',#1609,#1609,#205,.T.);
#1952=EDGE_CURVE('',#1609,#1610,#681,.T.);
#1953=EDGE_CURVE('',#1610,#1610,#206,.T.);
#1954=EDGE_CURVE('',#1611,#1611,#207,.T.);
#1955=EDGE_CURVE('',#1612,#1612,#208,.T.);
#1956=EDGE_CURVE('',#1612,#1613,#682,.T.);
#1957=EDGE_CURVE('',#1613,#1613,#209,.T.);
#1958=EDGE_CURVE('',#1614,#1614,#210,.T.);
#1959=EDGE_CURVE('',#1615,#1615,#211,.T.);
#1960=EDGE_CURVE('',#1615,#1616,#683,.T.);
#1961=EDGE_CURVE('',#1616,#1616,#212,.T.);
#1962=EDGE_CURVE('',#1617,#1617,#213,.T.);
#1963=EDGE_CURVE('',#1618,#1618,#214,.T.);
#1964=EDGE_CURVE('',#1618,#1619,#684,.T.);
#1965=EDGE_CURVE('',#1619,#1619,#215,.T.);
#1966=EDGE_CURVE('',#1620,#1620,#216,.T.);
#1967=EDGE_CURVE('',#1621,#1621,#217,.T.);
#1968=EDGE_CURVE('',#1621,#1620,#685,.T.);
#1969=EDGE_CURVE('',#1622,#1622,#218,.T.);
#1970=EDGE_CURVE('',#1622,#1617,#686,.T.);
#1971=EDGE_CURVE('',#1623,#1623,#219,.T.);
#1972=EDGE_CURVE('',#1623,#1614,#687,.T.);
#1973=EDGE_CURVE('',#1624,#1624,#220,.T.);
#1974=EDGE_CURVE('',#1624,#1611,#688,.T.);
#1975=EDGE_CURVE('',#1625,#1626,#689,.T.);
#1976=EDGE_CURVE('',#1605,#1625,#690,.T.);
#1977=EDGE_CURVE('',#1627,#1604,#691,.T.);
#1978=EDGE_CURVE('',#1628,#1627,#692,.T.);
#1979=EDGE_CURVE('',#1629,#1628,#221,.T.);
#1980=EDGE_CURVE('',#1630,#1629,#693,.T.);
#1981=EDGE_CURVE('',#1626,#1630,#694,.T.);
#1982=EDGE_CURVE('',#1631,#1632,#695,.T.);
#1983=EDGE_CURVE('',#1633,#1631,#696,.T.);
#1984=EDGE_CURVE('',#1634,#1633,#1601,.T.);
#1985=EDGE_CURVE('',#1635,#1634,#697,.T.);
#1986=EDGE_CURVE('',#1636,#1635,#698,.T.);
#1987=EDGE_CURVE('',#1637,#1636,#222,.T.);
#1988=EDGE_CURVE('',#1638,#1637,#699,.T.);
#1989=EDGE_CURVE('',#1632,#1638,#700,.T.);
#1990=EDGE_CURVE('',#1639,#1640,#701,.T.);
#1991=EDGE_CURVE('',#1641,#1639,#702,.T.);
#1992=EDGE_CURVE('',#1642,#1641,#703,.T.);
#1993=EDGE_CURVE('',#1643,#1642,#223,.T.);
#1994=EDGE_CURVE('',#1644,#1643,#704,.T.);
#1995=EDGE_CURVE('',#1645,#1644,#705,.T.);
#1996=EDGE_CURVE('',#1646,#1645,#1602,.T.);
#1997=EDGE_CURVE('',#1640,#1646,#706,.T.);
#1998=EDGE_CURVE('',#1647,#1648,#707,.T.);
#1999=EDGE_CURVE('',#1649,#1647,#1603,.T.);
#2000=EDGE_CURVE('',#1650,#1649,#708,.T.);
#2001=EDGE_CURVE('',#1651,#1650,#709,.T.);
#2002=EDGE_CURVE('',#1652,#1651,#710,.T.);
#2003=EDGE_CURVE('',#1653,#1652,#711,.T.);
#2004=EDGE_CURVE('',#1654,#1653,#224,.T.);
#2005=EDGE_CURVE('',#1655,#1654,#712,.T.);
#2006=EDGE_CURVE('',#1648,#1655,#713,.T.);
#2007=EDGE_CURVE('',#1656,#1628,#714,.T.);
#2008=EDGE_CURVE('',#1656,#1657,#225,.T.);
#2009=EDGE_CURVE('',#1629,#1657,#715,.T.);
#2010=EDGE_CURVE('',#1658,#1627,#716,.T.);
#2011=EDGE_CURVE('',#1659,#1658,#717,.T.);
#2012=EDGE_CURVE('',#1660,#1659,#718,.T.);
#2013=EDGE_CURVE('',#1661,#1660,#719,.T.);
#2014=EDGE_CURVE('',#1661,#1662,#720,.T.);
#2015=EDGE_CURVE('',#1656,#1662,#721,.T.);
#2016=EDGE_CURVE('',#1608,#1658,#722,.T.);
#2017=EDGE_CURVE('',#1663,#1638,#723,.T.);
#2018=EDGE_CURVE('',#1664,#1663,#724,.T.);
#2019=EDGE_CURVE('',#1664,#1632,#725,.T.);
#2020=EDGE_CURVE('',#1637,#1665,#726,.T.);
#2021=EDGE_CURVE('',#1666,#1665,#727,.T.);
#2022=EDGE_CURVE('',#1666,#1667,#728,.T.);
#2023=EDGE_CURVE('',#1667,#1668,#729,.T.);
#2024=EDGE_CURVE('',#1668,#1669,#730,.T.);
#2025=EDGE_CURVE('',#1663,#1669,#731,.T.);
#2026=EDGE_CURVE('',#1670,#1636,#732,.T.);
#2027=EDGE_CURVE('',#1670,#1665,#226,.T.);
#2028=EDGE_CURVE('',#1634,#1671,#733,.T.);
#2029=EDGE_CURVE('',#1671,#1672,#734,.T.);
#2030=EDGE_CURVE('',#1635,#1672,#735,.T.);
#2031=EDGE_CURVE('',#1633,#1673,#736,.T.);
#2032=EDGE_CURVE('',#1674,#1673,#675,.T.);
#2033=EDGE_CURVE('',#1671,#1674,#737,.T.);
#2034=EDGE_CURVE('',#1675,#1641,#738,.T.);
#2035=EDGE_CURVE('',#1676,#1675,#739,.T.);
#2036=EDGE_CURVE('',#1676,#1677,#740,.T.);
#2037=EDGE_CURVE('',#1677,#1678,#741,.T.);
#2038=EDGE_CURVE('',#1678,#1642,#742,.T.);
#2039=EDGE_CURVE('',#1672,#1679,#743,.T.);
#2040=EDGE_CURVE('',#1679,#1644,#744,.T.);
#2041=EDGE_CURVE('',#1643,#1680,#745,.T.);
#2042=EDGE_CURVE('',#1680,#1681,#746,.T.);
#2043=EDGE_CURVE('',#1681,#1682,#747,.T.);
#2044=EDGE_CURVE('',#1683,#1682,#748,.T.);
#2045=EDGE_CURVE('',#1683,#1684,#749,.T.);
#2046=EDGE_CURVE('',#1684,#1685,#750,.T.);
#2047=EDGE_CURVE('',#1685,#1686,#751,.T.);
#2048=EDGE_CURVE('',#1670,#1686,#752,.T.);
#2049=EDGE_CURVE('',#1639,#1687,#753,.T.);
#2050=EDGE_CURVE('',#1675,#1687,#754,.T.);
#2051=EDGE_CURVE('',#1646,#1688,#755,.T.);
#2052=EDGE_CURVE('',#1689,#1688,#756,.T.);
#2053=EDGE_CURVE('',#1640,#1689,#757,.T.);
#2054=EDGE_CURVE('',#1649,#1690,#758,.T.);
#2055=EDGE_CURVE('',#1691,#1690,#759,.T.);
#2056=EDGE_CURVE('',#1650,#1691,#760,.T.);
#2057=EDGE_CURVE('',#1692,#1647,#761,.T.);
#2058=EDGE_CURVE('',#1690,#1692,#676,.T.);
#2059=EDGE_CURVE('',#1692,#1607,#762,.T.);
#2060=EDGE_CURVE('',#1693,#1648,#763,.T.);
#2061=EDGE_CURVE('',#1694,#1693,#764,.T.);
#2062=EDGE_CURVE('',#1695,#1694,#765,.T.);
#2063=EDGE_CURVE('',#1696,#1695,#766,.T.);
#2064=EDGE_CURVE('',#1696,#1697,#767,.T.);
#2065=EDGE_CURVE('',#1608,#1697,#768,.T.);
#2066=EDGE_CURVE('',#1660,#1696,#769,.T.);
#2067=EDGE_CURVE('',#1697,#1659,#770,.T.);
#2068=EDGE_CURVE('',#1695,#1698,#771,.T.);
#2069=EDGE_CURVE('',#1698,#1699,#772,.T.);
#2070=EDGE_CURVE('',#1699,#1700,#227,.T.);
#2071=EDGE_CURVE('',#1700,#1701,#773,.T.);
#2072=EDGE_CURVE('',#1701,#1702,#774,.T.);
#2073=EDGE_CURVE('',#1702,#1703,#775,.T.);
#2074=EDGE_CURVE('',#1703,#1704,#776,.T.);
#2075=EDGE_CURVE('',#1704,#1705,#777,.T.);
#2076=EDGE_CURVE('',#1705,#1706,#778,.T.);
#2077=EDGE_CURVE('',#1706,#1661,#779,.T.);
#2078=EDGE_CURVE('',#1707,#1694,#780,.T.);
#2079=EDGE_CURVE('',#1698,#1707,#781,.T.);
#2080=EDGE_CURVE('',#1708,#1693,#782,.T.);
#2081=EDGE_CURVE('',#1708,#1707,#783,.T.);
#2082=EDGE_CURVE('',#1708,#1655,#784,.T.);
#2083=EDGE_CURVE('',#1709,#1645,#785,.T.);
#2084=EDGE_CURVE('',#1710,#1709,#786,.T.);
#2085=EDGE_CURVE('',#1688,#1710,#677,.T.);
#2086=EDGE_CURVE('',#1631,#1711,#787,.T.);
#2087=EDGE_CURVE('',#1673,#1711,#788,.T.);
#2088=EDGE_CURVE('',#1671,#1709,#789,.T.);
#2089=EDGE_CURVE('',#1710,#1674,#790,.T.);
#2090=EDGE_CURVE('',#1625,#1712,#791,.T.);
#2091=EDGE_CURVE('',#1606,#1712,#792,.T.);
#2092=EDGE_CURVE('',#1713,#1626,#793,.T.);
#2093=EDGE_CURVE('',#1687,#1713,#794,.T.);
#2094=EDGE_CURVE('',#1712,#1689,#795,.T.);
#2095=EDGE_CURVE('',#1711,#1691,#796,.T.);
#2096=EDGE_CURVE('',#1714,#1664,#797,.T.);
#2097=EDGE_CURVE('',#1651,#1714,#798,.T.);
#2098=EDGE_CURVE('',#1703,#1715,#799,.T.);
#2099=EDGE_CURVE('',#1716,#1702,#800,.T.);
#2100=EDGE_CURVE('',#1715,#1716,#801,.T.);
#2101=EDGE_CURVE('',#1716,#1714,#802,.T.);
#2102=EDGE_CURVE('',#1701,#1652,#803,.T.);
#2103=EDGE_CURVE('',#1717,#1715,#804,.T.);
#2104=EDGE_CURVE('',#1704,#1717,#805,.T.);
#2105=EDGE_CURVE('',#1654,#1699,#806,.T.);
#2106=EDGE_CURVE('',#1718,#1683,#807,.T.);
#2107=EDGE_CURVE('',#1718,#1719,#808,.T.);
#2108=EDGE_CURVE('',#1684,#1719,#809,.T.);
#2109=EDGE_CURVE('',#1686,#1720,#810,.T.);
#2110=EDGE_CURVE('',#1721,#1685,#811,.T.);
#2111=EDGE_CURVE('',#1720,#1721,#812,.T.);
#2112=EDGE_CURVE('',#1720,#1718,#813,.T.);
#2113=EDGE_CURVE('',#1719,#1721,#814,.T.);
#2114=EDGE_CURVE('',#1669,#1722,#815,.T.);
#2115=EDGE_CURVE('',#1722,#1723,#816,.T.);
#2116=EDGE_CURVE('',#1723,#1666,#817,.T.);
#2117=EDGE_CURVE('',#1682,#1724,#818,.T.);
#2118=EDGE_CURVE('',#1724,#1676,#819,.T.);
#2119=EDGE_CURVE('',#1713,#1725,#820,.T.);
#2120=EDGE_CURVE('',#1725,#1657,#821,.T.);
#2121=EDGE_CURVE('',#1662,#1726,#822,.T.);
#2122=EDGE_CURVE('',#1726,#1727,#823,.T.);
#2123=EDGE_CURVE('',#1727,#1717,#824,.T.);
#2124=EDGE_CURVE('',#1728,#1728,#228,.T.);
#2125=EDGE_CURVE('',#1729,#1729,#229,.T.);
#2126=EDGE_CURVE('',#1730,#1730,#230,.T.);
#2127=EDGE_CURVE('',#1727,#1705,#825,.T.);
#2128=EDGE_CURVE('',#1726,#1706,#826,.T.);
#2129=EDGE_CURVE('',#1722,#1731,#827,.T.);
#2130=EDGE_CURVE('',#1732,#1731,#828,.T.);
#2131=EDGE_CURVE('',#1723,#1732,#829,.T.);
#2132=EDGE_CURVE('',#1667,#1732,#830,.T.);
#2133=EDGE_CURVE('',#1731,#1668,#831,.T.);
#2134=EDGE_CURVE('',#1725,#1630,#832,.T.);
#2135=EDGE_CURVE('',#1733,#1733,#231,.T.);
#2136=EDGE_CURVE('',#1733,#1730,#833,.T.);
#2137=EDGE_CURVE('',#1734,#1734,#232,.T.);
#2138=EDGE_CURVE('',#1734,#1729,#834,.T.);
#2139=EDGE_CURVE('',#1679,#1709,#835,.T.);
#2140=EDGE_CURVE('',#1700,#1653,#836,.T.);
#2141=EDGE_CURVE('',#1680,#1678,#233,.T.);
#2142=EDGE_CURVE('',#1735,#1681,#837,.T.);
#2143=EDGE_CURVE('',#1724,#1735,#838,.T.);
#2144=EDGE_CURVE('',#1677,#1735,#839,.T.);
#2145=EDGE_CURVE('',#1736,#1736,#234,.T.);
#2146=EDGE_CURVE('',#1736,#1728,#840,.T.);
#2147=EDGE_CURVE('',#1737,#1738,#841,.T.);
#2148=EDGE_CURVE('',#1737,#1739,#842,.T.);
#2149=EDGE_CURVE('',#1739,#1740,#843,.T.);
#2150=EDGE_CURVE('',#1740,#1738,#844,.T.);
#2151=EDGE_CURVE('',#1738,#1741,#845,.T.);
#2152=EDGE_CURVE('',#1741,#1742,#846,.T.);
#2153=EDGE_CURVE('',#1742,#1743,#847,.T.);
#2154=EDGE_CURVE('',#1743,#1744,#848,.T.);
#2155=EDGE_CURVE('',#1744,#1745,#849,.T.);
#2156=EDGE_CURVE('',#1745,#1746,#850,.T.);
#2157=EDGE_CURVE('',#1746,#1747,#851,.T.);
#2158=EDGE_CURVE('',#1747,#1748,#852,.T.);
#2159=EDGE_CURVE('',#1748,#1749,#853,.T.);
#2160=EDGE_CURVE('',#1749,#1750,#854,.T.);
#2161=EDGE_CURVE('',#1750,#1737,#855,.T.);
#2162=EDGE_CURVE('',#1751,#1752,#856,.T.);
#2163=EDGE_CURVE('',#1752,#1753,#857,.T.);
#2164=EDGE_CURVE('',#1753,#1754,#858,.T.);
#2165=EDGE_CURVE('',#1754,#1755,#859,.T.);
#2166=EDGE_CURVE('',#1755,#1756,#860,.T.);
#2167=EDGE_CURVE('',#1756,#1751,#861,.T.);
#2168=EDGE_CURVE('',#1757,#1741,#862,.T.);
#2169=EDGE_CURVE('',#1758,#1757,#863,.T.);
#2170=EDGE_CURVE('',#1742,#1758,#864,.T.);
#2171=EDGE_CURVE('',#1758,#1739,#865,.T.);
#2172=EDGE_CURVE('',#1750,#1759,#866,.T.);
#2173=EDGE_CURVE('',#1760,#1759,#867,.T.);
#2174=EDGE_CURVE('',#1743,#1760,#868,.T.);
#2175=EDGE_CURVE('',#1757,#1740,#869,.T.);
#2176=EDGE_CURVE('',#1746,#1761,#870,.T.);
#2177=EDGE_CURVE('',#1762,#1761,#871,.T.);
#2178=EDGE_CURVE('',#1747,#1762,#872,.T.);
#2179=EDGE_CURVE('',#1763,#1762,#873,.T.);
#2180=EDGE_CURVE('',#1748,#1763,#874,.T.);
#2181=EDGE_CURVE('',#1745,#1764,#875,.T.);
#2182=EDGE_CURVE('',#1761,#1764,#876,.T.);
#2183=EDGE_CURVE('',#1764,#1763,#877,.T.);
#2184=EDGE_CURVE('',#1756,#1765,#878,.T.);
#2185=EDGE_CURVE('',#1766,#1765,#879,.T.);
#2186=EDGE_CURVE('',#1751,#1766,#880,.T.);
#2187=EDGE_CURVE('',#1767,#1768,#881,.T.);
#2188=EDGE_CURVE('',#1768,#1769,#882,.T.);
#2189=EDGE_CURVE('',#1770,#1769,#883,.T.);
#2190=EDGE_CURVE('',#1767,#1770,#884,.T.);
#2191=EDGE_CURVE('',#1755,#1771,#885,.T.);
#2192=EDGE_CURVE('',#1754,#1772,#886,.T.);
#2193=EDGE_CURVE('',#1771,#1772,#887,.T.);
#2194=EDGE_CURVE('',#1773,#1766,#888,.T.);
#2195=EDGE_CURVE('',#1752,#1773,#889,.T.);
#2196=EDGE_CURVE('',#1774,#1773,#890,.T.);
#2197=EDGE_CURVE('',#1753,#1774,#891,.T.);
#2198=EDGE_CURVE('',#1772,#1774,#892,.T.);
#2199=EDGE_CURVE('',#1765,#1768,#893,.T.);
#2200=EDGE_CURVE('',#1775,#1767,#894,.T.);
#2201=EDGE_CURVE('',#1771,#1775,#895,.T.);
#2202=EDGE_CURVE('',#1775,#1776,#896,.T.);
#2203=EDGE_CURVE('',#1777,#1776,#897,.T.);
#2204=EDGE_CURVE('',#1771,#1777,#898,.T.);
#2205=EDGE_CURVE('',#1776,#1770,#899,.T.);
#2206=EDGE_CURVE('',#1769,#1777,#900,.T.);
#2207=EDGE_CURVE('',#1749,#1778,#901,.T.);
#2208=EDGE_CURVE('',#1759,#1778,#902,.T.);
#2209=EDGE_CURVE('',#1779,#1760,#903,.T.);
#2210=EDGE_CURVE('',#1744,#1779,#904,.T.);
#2211=EDGE_CURVE('',#1778,#1779,#905,.T.);
#2212=EDGE_CURVE('',#1780,#1781,#906,.T.);
#2213=EDGE_CURVE('',#1782,#1780,#907,.T.);
#2214=EDGE_CURVE('',#1782,#1783,#908,.T.);
#2215=EDGE_CURVE('',#1781,#1783,#909,.T.);
#2216=EDGE_CURVE('',#1784,#1785,#910,.T.);
#2217=EDGE_CURVE('',#1786,#1784,#911,.T.);
#2218=EDGE_CURVE('',#1786,#1787,#912,.T.);
#2219=EDGE_CURVE('',#1787,#1785,#913,.T.);
#2220=EDGE_CURVE('',#1788,#1789,#914,.T.);
#2221=EDGE_CURVE('',#1790,#1788,#915,.T.);
#2222=EDGE_CURVE('',#1790,#1791,#916,.T.);
#2223=EDGE_CURVE('',#1789,#1791,#917,.T.);
#2224=EDGE_CURVE('',#1792,#1793,#918,.T.);
#2225=EDGE_CURVE('',#1794,#1792,#919,.T.);
#2226=EDGE_CURVE('',#1794,#1795,#920,.T.);
#2227=EDGE_CURVE('',#1793,#1795,#921,.T.);
#2228=EDGE_CURVE('',#1796,#1797,#922,.T.);
#2229=EDGE_CURVE('',#1796,#1798,#923,.T.);
#2230=EDGE_CURVE('',#1798,#1799,#924,.T.);
#2231=EDGE_CURVE('',#1797,#1799,#925,.T.);
#2232=EDGE_CURVE('',#1800,#1801,#926,.T.);
#2233=EDGE_CURVE('',#1802,#1800,#927,.T.);
#2234=EDGE_CURVE('',#1802,#1803,#928,.T.);
#2235=EDGE_CURVE('',#1801,#1803,#929,.T.);
#2236=EDGE_CURVE('',#1804,#1805,#930,.T.);
#2237=EDGE_CURVE('',#1806,#1804,#931,.T.);
#2238=EDGE_CURVE('',#1806,#1807,#932,.T.);
#2239=EDGE_CURVE('',#1805,#1807,#933,.T.);
#2240=EDGE_CURVE('',#1808,#1809,#934,.T.);
#2241=EDGE_CURVE('',#1810,#1808,#935,.T.);
#2242=EDGE_CURVE('',#1810,#1811,#936,.T.);
#2243=EDGE_CURVE('',#1811,#1809,#937,.T.);
#2244=EDGE_CURVE('',#1783,#1786,#938,.T.);
#2245=EDGE_CURVE('',#1789,#1784,#939,.T.);
#2246=EDGE_CURVE('',#1791,#1794,#940,.T.);
#2247=EDGE_CURVE('',#1812,#1792,#941,.T.);
#2248=EDGE_CURVE('',#1813,#1812,#942,.T.);
#2249=EDGE_CURVE('',#1814,#1813,#943,.T.);
#2250=EDGE_CURVE('',#1814,#1815,#944,.T.);
#2251=EDGE_CURVE('',#1781,#1815,#945,.T.);
#2252=EDGE_CURVE('',#1811,#1806,#235,.T.);
#2253=EDGE_CURVE('',#1809,#1804,#236,.T.);
#2254=EDGE_CURVE('',#1803,#1798,#237,.T.);
#2255=EDGE_CURVE('',#1801,#1796,#238,.T.);
#2256=EDGE_CURVE('',#1799,#1802,#946,.T.);
#2257=EDGE_CURVE('',#1816,#1816,#239,.T.);
#2258=EDGE_CURVE('',#1787,#1782,#240,.T.);
#2259=EDGE_CURVE('',#1785,#1780,#241,.T.);
#2260=EDGE_CURVE('',#1817,#1817,#242,.T.);
#2261=EDGE_CURVE('',#1807,#1810,#947,.T.);
#2262=EDGE_CURVE('',#1818,#1818,#243,.T.);
#2263=EDGE_CURVE('',#1795,#1790,#244,.T.);
#2264=EDGE_CURVE('',#1793,#1788,#245,.T.);
#2265=EDGE_CURVE('',#1819,#1819,#246,.T.);
#2266=EDGE_CURVE('',#1815,#1820,#948,.T.);
#2267=EDGE_CURVE('',#1820,#1808,#949,.T.);
#2268=EDGE_CURVE('',#1805,#1800,#950,.T.);
#2269=EDGE_CURVE('',#1797,#1821,#951,.T.);
#2270=EDGE_CURVE('',#1821,#1812,#952,.T.);
#2271=EDGE_CURVE('',#1822,#1823,#953,.T.);
#2272=EDGE_CURVE('',#1823,#1824,#954,.T.);
#2273=EDGE_CURVE('',#1824,#1825,#955,.T.);
#2274=EDGE_CURVE('',#1825,#1826,#956,.T.);
#2275=EDGE_CURVE('',#1826,#1827,#957,.T.);
#2276=EDGE_CURVE('',#1827,#1828,#958,.T.);
#2277=EDGE_CURVE('',#1828,#1829,#959,.T.);
#2278=EDGE_CURVE('',#1829,#1830,#960,.T.);
#2279=EDGE_CURVE('',#1830,#1831,#961,.T.);
#2280=EDGE_CURVE('',#1831,#1832,#962,.T.);
#2281=EDGE_CURVE('',#1832,#1833,#963,.T.);
#2282=EDGE_CURVE('',#1833,#1834,#964,.T.);
#2283=EDGE_CURVE('',#1834,#1835,#965,.T.);
#2284=EDGE_CURVE('',#1835,#1836,#966,.T.);
#2285=EDGE_CURVE('',#1836,#1837,#967,.T.);
#2286=EDGE_CURVE('',#1837,#1838,#968,.T.);
#2287=EDGE_CURVE('',#1838,#1839,#969,.T.);
#2288=EDGE_CURVE('',#1839,#1840,#970,.T.);
#2289=EDGE_CURVE('',#1840,#1841,#971,.T.);
#2290=EDGE_CURVE('',#1841,#1842,#972,.T.);
#2291=EDGE_CURVE('',#1842,#1843,#973,.T.);
#2292=EDGE_CURVE('',#1843,#1844,#974,.T.);
#2293=EDGE_CURVE('',#1844,#1845,#975,.T.);
#2294=EDGE_CURVE('',#1845,#1846,#976,.T.);
#2295=EDGE_CURVE('',#1846,#1847,#977,.T.);
#2296=EDGE_CURVE('',#1847,#1848,#978,.T.);
#2297=EDGE_CURVE('',#1848,#1849,#979,.T.);
#2298=EDGE_CURVE('',#1849,#1850,#980,.T.);
#2299=EDGE_CURVE('',#1850,#1851,#981,.T.);
#2300=EDGE_CURVE('',#1851,#1852,#982,.T.);
#2301=EDGE_CURVE('',#1852,#1853,#983,.T.);
#2302=EDGE_CURVE('',#1853,#1854,#984,.T.);
#2303=EDGE_CURVE('',#1854,#1855,#985,.T.);
#2304=EDGE_CURVE('',#1855,#1856,#986,.T.);
#2305=EDGE_CURVE('',#1856,#1857,#987,.T.);
#2306=EDGE_CURVE('',#1857,#1858,#988,.T.);
#2307=EDGE_CURVE('',#1858,#1859,#989,.T.);
#2308=EDGE_CURVE('',#1859,#1860,#990,.T.);
#2309=EDGE_CURVE('',#1860,#1861,#991,.T.);
#2310=EDGE_CURVE('',#1861,#1862,#992,.T.);
#2311=EDGE_CURVE('',#1862,#1863,#993,.T.);
#2312=EDGE_CURVE('',#1863,#1864,#994,.T.);
#2313=EDGE_CURVE('',#1864,#1865,#995,.T.);
#2314=EDGE_CURVE('',#1865,#1822,#996,.T.);
#2315=EDGE_CURVE('',#1866,#1838,#997,.T.);
#2316=EDGE_CURVE('',#1867,#1866,#998,.T.);
#2317=EDGE_CURVE('',#1839,#1867,#999,.T.);
#2318=EDGE_CURVE('',#1868,#1834,#1000,.T.);
#2319=EDGE_CURVE('',#1869,#1868,#1001,.T.);
#2320=EDGE_CURVE('',#1835,#1869,#1002,.T.);
#2321=EDGE_CURVE('',#1870,#1830,#1003,.T.);
#2322=EDGE_CURVE('',#1871,#1870,#1004,.T.);
#2323=EDGE_CURVE('',#1831,#1871,#1005,.T.);
#2324=EDGE_CURVE('',#1872,#1826,#1006,.T.);
#2325=EDGE_CURVE('',#1873,#1872,#1007,.T.);
#2326=EDGE_CURVE('',#1827,#1873,#1008,.T.);
#2327=EDGE_CURVE('',#1874,#1860,#1009,.T.);
#2328=EDGE_CURVE('',#1875,#1874,#1010,.T.);
#2329=EDGE_CURVE('',#1861,#1875,#1011,.T.);
#2330=EDGE_CURVE('',#1876,#1856,#1012,.T.);
#2331=EDGE_CURVE('',#1877,#1876,#1013,.T.);
#2332=EDGE_CURVE('',#1857,#1877,#1014,.T.);
#2333=EDGE_CURVE('',#1878,#1852,#1015,.T.);
#2334=EDGE_CURVE('',#1879,#1878,#1016,.T.);
#2335=EDGE_CURVE('',#1853,#1879,#1017,.T.);
#2336=EDGE_CURVE('',#1880,#1848,#1018,.T.);
#2337=EDGE_CURVE('',#1881,#1880,#1019,.T.);
#2338=EDGE_CURVE('',#1849,#1881,#1020,.T.);
#2339=EDGE_CURVE('',#1882,#1822,#1021,.T.);
#2340=EDGE_CURVE('',#1883,#1882,#1022,.T.);
#2341=EDGE_CURVE('',#1823,#1883,#1023,.T.);
#2342=EDGE_CURVE('',#1884,#1844,#1024,.T.);
#2343=EDGE_CURVE('',#1885,#1884,#1025,.T.);
#2344=EDGE_CURVE('',#1845,#1885,#1026,.T.);
#2345=EDGE_CURVE('',#1886,#1863,#1027,.T.);
#2346=EDGE_CURVE('',#1887,#1886,#1028,.T.);
#2347=EDGE_CURVE('',#1888,#1887,#1029,.T.);
#2348=EDGE_CURVE('',#1889,#1888,#1030,.T.);
#2349=EDGE_CURVE('',#1889,#1864,#1031,.T.);
#2350=EDGE_CURVE('',#1890,#1891,#1032,.T.);
#2351=EDGE_CURVE('',#1890,#1842,#1033,.T.);
#2352=EDGE_CURVE('',#1891,#1841,#1034,.T.);
#2353=EDGE_CURVE('',#1884,#1892,#1035,.T.);
#2354=EDGE_CURVE('',#1893,#1892,#1036,.T.);
#2355=EDGE_CURVE('',#1893,#1885,#1037,.T.);
#2356=EDGE_CURVE('',#1866,#1894,#1038,.T.);
#2357=EDGE_CURVE('',#1895,#1894,#1039,.T.);
#2358=EDGE_CURVE('',#1895,#1867,#1040,.T.);
#2359=EDGE_CURVE('',#1893,#1846,#1041,.T.);
#2360=EDGE_CURVE('',#1894,#1837,#1042,.T.);
#2361=EDGE_CURVE('',#1892,#1843,#1043,.T.);
#2362=EDGE_CURVE('',#1880,#1896,#1044,.T.);
#2363=EDGE_CURVE('',#1897,#1896,#1045,.T.);
#2364=EDGE_CURVE('',#1897,#1881,#1046,.T.);
#2365=EDGE_CURVE('',#1868,#1898,#1047,.T.);
#2366=EDGE_CURVE('',#1899,#1898,#1048,.T.);
#2367=EDGE_CURVE('',#1899,#1869,#1049,.T.);
#2368=EDGE_CURVE('',#1897,#1850,#1050,.T.);
#2369=EDGE_CURVE('',#1898,#1833,#1051,.T.);
#2370=EDGE_CURVE('',#1896,#1847,#1052,.T.);
#2371=EDGE_CURVE('',#1878,#1900,#1053,.T.);
#2372=EDGE_CURVE('',#1901,#1900,#1054,.T.);
#2373=EDGE_CURVE('',#1901,#1879,#1055,.T.);
#2374=EDGE_CURVE('',#1870,#1902,#1056,.T.);
#2375=EDGE_CURVE('',#1903,#1902,#1057,.T.);
#2376=EDGE_CURVE('',#1903,#1871,#1058,.T.);
#2377=EDGE_CURVE('',#1901,#1854,#1059,.T.);
#2378=EDGE_CURVE('',#1902,#1829,#1060,.T.);
#2379=EDGE_CURVE('',#1900,#1851,#1061,.T.);
#2380=EDGE_CURVE('',#1876,#1904,#1062,.T.);
#2381=EDGE_CURVE('',#1905,#1904,#1063,.T.);
#2382=EDGE_CURVE('',#1905,#1877,#1064,.T.);
#2383=EDGE_CURVE('',#1872,#1906,#1065,.T.);
#2384=EDGE_CURVE('',#1907,#1906,#1066,.T.);
#2385=EDGE_CURVE('',#1907,#1873,#1067,.T.);
#2386=EDGE_CURVE('',#1905,#1858,#1068,.T.);
#2387=EDGE_CURVE('',#1906,#1825,#1069,.T.);
#2388=EDGE_CURVE('',#1904,#1855,#1070,.T.);
#2389=EDGE_CURVE('',#1874,#1908,#1071,.T.);
#2390=EDGE_CURVE('',#1909,#1908,#1072,.T.);
#2391=EDGE_CURVE('',#1909,#1875,#1073,.T.);
#2392=EDGE_CURVE('',#1882,#1910,#1074,.T.);
#2393=EDGE_CURVE('',#1911,#1910,#1075,.T.);
#2394=EDGE_CURVE('',#1911,#1883,#1076,.T.);
#2395=EDGE_CURVE('',#1909,#1862,#1077,.T.);
#2396=EDGE_CURVE('',#1910,#1865,#1078,.T.);
#2397=EDGE_CURVE('',#1908,#1859,#1079,.T.);
#2398=EDGE_CURVE('',#1912,#1912,#247,.T.);
#2399=EDGE_CURVE('',#1912,#1819,#1080,.T.);
#2400=EDGE_CURVE('',#1913,#1913,#248,.T.);
#2401=EDGE_CURVE('',#1913,#1818,#1081,.T.);
#2402=EDGE_CURVE('',#1914,#1914,#249,.T.);
#2403=EDGE_CURVE('',#1914,#1817,#1082,.T.);
#2404=EDGE_CURVE('',#1915,#1915,#250,.T.);
#2405=EDGE_CURVE('',#1915,#1816,#1083,.T.);
#2406=EDGE_CURVE('',#1895,#1840,#1084,.T.);
#2407=EDGE_CURVE('',#1899,#1836,#1085,.T.);
#2408=EDGE_CURVE('',#1903,#1832,#1086,.T.);
#2409=EDGE_CURVE('',#1907,#1828,#1087,.T.);
#2410=EDGE_CURVE('',#1911,#1824,#1088,.T.);
#2411=EDGE_CURVE('',#1916,#1889,#1089,.T.);
#2412=EDGE_CURVE('',#1917,#1916,#1090,.T.);
#2413=EDGE_CURVE('',#1891,#1917,#1091,.T.);
#2414=EDGE_CURVE('',#1886,#1890,#1092,.T.);
#2415=EDGE_CURVE('',#1918,#1919,#1093,.T.);
#2416=EDGE_CURVE('',#1919,#1920,#1094,.T.);
#2417=EDGE_CURVE('',#1920,#1921,#1095,.T.);
#2418=EDGE_CURVE('',#1921,#1922,#1096,.T.);
#2419=EDGE_CURVE('',#1922,#1923,#1097,.T.);
#2420=EDGE_CURVE('',#1923,#1924,#1098,.T.);
#2421=EDGE_CURVE('',#1924,#1925,#1099,.T.);
#2422=EDGE_CURVE('',#1925,#1926,#1100,.T.);
#2423=EDGE_CURVE('',#1926,#1927,#1101,.T.);
#2424=EDGE_CURVE('',#1927,#1814,#1102,.T.);
#2425=EDGE_CURVE('',#1813,#1918,#1103,.T.);
#2426=EDGE_CURVE('',#1888,#1928,#1104,.T.);
#2427=EDGE_CURVE('',#1928,#1929,#1105,.T.);
#2428=EDGE_CURVE('',#1929,#1930,#1106,.T.);
#2429=EDGE_CURVE('',#1930,#1931,#1107,.T.);
#2430=EDGE_CURVE('',#1931,#1932,#1108,.T.);
#2431=EDGE_CURVE('',#1932,#1916,#1109,.T.);
#2432=EDGE_CURVE('',#1933,#1887,#1110,.T.);
#2433=EDGE_CURVE('',#1928,#1933,#1111,.T.);
#2434=EDGE_CURVE('',#1918,#1934,#1112,.T.);
#2435=EDGE_CURVE('',#1934,#1935,#1113,.T.);
#2436=EDGE_CURVE('',#1935,#1919,#1114,.T.);
#2437=EDGE_CURVE('',#1936,#1920,#1115,.T.);
#2438=EDGE_CURVE('',#1937,#1936,#1116,.T.);
#2439=EDGE_CURVE('',#1921,#1937,#1117,.T.);
#2440=EDGE_CURVE('',#1937,#1934,#1118,.T.);
#2441=EDGE_CURVE('',#1922,#1821,#1119,.T.);
#2442=EDGE_CURVE('',#1936,#1935,#1120,.T.);
#2443=EDGE_CURVE('',#1925,#1938,#1121,.T.);
#2444=EDGE_CURVE('',#1939,#1938,#1122,.T.);
#2445=EDGE_CURVE('',#1926,#1939,#1123,.T.);
#2446=EDGE_CURVE('',#1940,#1939,#1124,.T.);
#2447=EDGE_CURVE('',#1927,#1940,#1125,.T.);
#2448=EDGE_CURVE('',#1924,#1941,#1126,.T.);
#2449=EDGE_CURVE('',#1938,#1941,#1127,.T.);
#2450=EDGE_CURVE('',#1941,#1940,#1128,.T.);
#2451=EDGE_CURVE('',#1942,#1933,#1129,.T.);
#2452=EDGE_CURVE('',#1929,#1942,#1130,.T.);
#2453=EDGE_CURVE('',#1932,#1943,#1131,.T.);
#2454=EDGE_CURVE('',#1917,#1943,#1132,.T.);
#2455=EDGE_CURVE('',#1944,#1942,#1133,.T.);
#2456=EDGE_CURVE('',#1930,#1944,#1134,.T.);
#2457=EDGE_CURVE('',#1945,#1944,#1135,.T.);
#2458=EDGE_CURVE('',#1931,#1945,#1136,.T.);
#2459=EDGE_CURVE('',#1943,#1945,#1137,.T.);
#2460=EDGE_CURVE('',#1923,#1820,#1138,.T.);
#2461=ORIENTED_EDGE('',*,*,#1946,.T.);
#2462=ORIENTED_EDGE('',*,*,#1947,.T.);
#2463=ORIENTED_EDGE('',*,*,#1948,.F.);
#2464=ORIENTED_EDGE('',*,*,#1949,.F.);
#2465=ORIENTED_EDGE('',*,*,#1950,.T.);
#2466=ORIENTED_EDGE('',*,*,#1951,.F.);
#2467=ORIENTED_EDGE('',*,*,#1952,.T.);
#2468=ORIENTED_EDGE('',*,*,#1953,.T.);
#2469=ORIENTED_EDGE('',*,*,#1952,.F.);
#2470=ORIENTED_EDGE('',*,*,#1953,.F.);
#2471=ORIENTED_EDGE('',*,*,#1954,.F.);
#2472=ORIENTED_EDGE('',*,*,#1955,.F.);
#2473=ORIENTED_EDGE('',*,*,#1956,.T.);
#2474=ORIENTED_EDGE('',*,*,#1957,.T.);
#2475=ORIENTED_EDGE('',*,*,#1956,.F.);
#2476=ORIENTED_EDGE('',*,*,#1957,.F.);
#2477=ORIENTED_EDGE('',*,*,#1958,.F.);
#2478=ORIENTED_EDGE('',*,*,#1959,.F.);
#2479=ORIENTED_EDGE('',*,*,#1960,.T.);
#2480=ORIENTED_EDGE('',*,*,#1961,.T.);
#2481=ORIENTED_EDGE('',*,*,#1960,.F.);
#2482=ORIENTED_EDGE('',*,*,#1961,.F.);
#2483=ORIENTED_EDGE('',*,*,#1962,.F.);
#2484=ORIENTED_EDGE('',*,*,#1963,.F.);
#2485=ORIENTED_EDGE('',*,*,#1964,.T.);
#2486=ORIENTED_EDGE('',*,*,#1965,.T.);
#2487=ORIENTED_EDGE('',*,*,#1964,.F.);
#2488=ORIENTED_EDGE('',*,*,#1965,.F.);
#2489=ORIENTED_EDGE('',*,*,#1966,.F.);
#2490=ORIENTED_EDGE('',*,*,#1967,.F.);
#2491=ORIENTED_EDGE('',*,*,#1968,.T.);
#2492=ORIENTED_EDGE('',*,*,#1966,.T.);
#2493=ORIENTED_EDGE('',*,*,#1968,.F.);
#2494=ORIENTED_EDGE('',*,*,#1969,.F.);
#2495=ORIENTED_EDGE('',*,*,#1970,.T.);
#2496=ORIENTED_EDGE('',*,*,#1962,.T.);
#2497=ORIENTED_EDGE('',*,*,#1970,.F.);
#2498=ORIENTED_EDGE('',*,*,#1971,.F.);
#2499=ORIENTED_EDGE('',*,*,#1972,.T.);
#2500=ORIENTED_EDGE('',*,*,#1958,.T.);
#2501=ORIENTED_EDGE('',*,*,#1972,.F.);
#2502=ORIENTED_EDGE('',*,*,#1973,.F.);
#2503=ORIENTED_EDGE('',*,*,#1974,.T.);
#2504=ORIENTED_EDGE('',*,*,#1954,.T.);
#2505=ORIENTED_EDGE('',*,*,#1974,.F.);
#2506=ORIENTED_EDGE('',*,*,#1975,.F.);
#2507=ORIENTED_EDGE('',*,*,#1976,.F.);
#2508=ORIENTED_EDGE('',*,*,#1946,.F.);
#2509=ORIENTED_EDGE('',*,*,#1977,.F.);
#2510=ORIENTED_EDGE('',*,*,#1978,.F.);
#2511=ORIENTED_EDGE('',*,*,#1979,.F.);
#2512=ORIENTED_EDGE('',*,*,#1980,.F.);
#2513=ORIENTED_EDGE('',*,*,#1981,.F.);
#2514=ORIENTED_EDGE('',*,*,#1969,.T.);
#2515=ORIENTED_EDGE('',*,*,#1973,.T.);
#2516=ORIENTED_EDGE('',*,*,#1982,.F.);
#2517=ORIENTED_EDGE('',*,*,#1983,.F.);
#2518=ORIENTED_EDGE('',*,*,#1984,.F.);
#2519=ORIENTED_EDGE('',*,*,#1985,.F.);
#2520=ORIENTED_EDGE('',*,*,#1986,.F.);
#2521=ORIENTED_EDGE('',*,*,#1987,.F.);
#2522=ORIENTED_EDGE('',*,*,#1988,.F.);
#2523=ORIENTED_EDGE('',*,*,#1989,.F.);
#2524=ORIENTED_EDGE('',*,*,#1967,.T.);
#2525=ORIENTED_EDGE('',*,*,#1971,.T.);
#2526=ORIENTED_EDGE('',*,*,#1990,.F.);
#2527=ORIENTED_EDGE('',*,*,#1991,.F.);
#2528=ORIENTED_EDGE('',*,*,#1992,.F.);
#2529=ORIENTED_EDGE('',*,*,#1993,.F.);
#2530=ORIENTED_EDGE('',*,*,#1994,.F.);
#2531=ORIENTED_EDGE('',*,*,#1995,.F.);
#2532=ORIENTED_EDGE('',*,*,#1996,.F.);
#2533=ORIENTED_EDGE('',*,*,#1997,.F.);
#2534=ORIENTED_EDGE('',*,*,#1998,.F.);
#2535=ORIENTED_EDGE('',*,*,#1999,.F.);
#2536=ORIENTED_EDGE('',*,*,#2000,.F.);
#2537=ORIENTED_EDGE('',*,*,#2001,.F.);
#2538=ORIENTED_EDGE('',*,*,#2002,.F.);
#2539=ORIENTED_EDGE('',*,*,#2003,.F.);
#2540=ORIENTED_EDGE('',*,*,#2004,.F.);
#2541=ORIENTED_EDGE('',*,*,#2005,.F.);
#2542=ORIENTED_EDGE('',*,*,#2006,.F.);
#2543=ORIENTED_EDGE('',*,*,#1979,.T.);
#2544=ORIENTED_EDGE('',*,*,#2007,.F.);
#2545=ORIENTED_EDGE('',*,*,#2008,.T.);
#2546=ORIENTED_EDGE('',*,*,#2009,.F.);
#2547=ORIENTED_EDGE('',*,*,#1978,.T.);
#2548=ORIENTED_EDGE('',*,*,#2010,.F.);
#2549=ORIENTED_EDGE('',*,*,#2011,.F.);
#2550=ORIENTED_EDGE('',*,*,#2012,.F.);
#2551=ORIENTED_EDGE('',*,*,#2013,.F.);
#2552=ORIENTED_EDGE('',*,*,#2014,.T.);
#2553=ORIENTED_EDGE('',*,*,#2015,.F.);
#2554=ORIENTED_EDGE('',*,*,#2007,.T.);
#2555=ORIENTED_EDGE('',*,*,#1977,.T.);
#2556=ORIENTED_EDGE('',*,*,#1950,.F.);
#2557=ORIENTED_EDGE('',*,*,#2016,.T.);
#2558=ORIENTED_EDGE('',*,*,#2010,.T.);
#2559=ORIENTED_EDGE('',*,*,#1989,.T.);
#2560=ORIENTED_EDGE('',*,*,#2017,.F.);
#2561=ORIENTED_EDGE('',*,*,#2018,.F.);
#2562=ORIENTED_EDGE('',*,*,#2019,.T.);
#2563=ORIENTED_EDGE('',*,*,#1988,.T.);
#2564=ORIENTED_EDGE('',*,*,#2020,.T.);
#2565=ORIENTED_EDGE('',*,*,#2021,.F.);
#2566=ORIENTED_EDGE('',*,*,#2022,.T.);
#2567=ORIENTED_EDGE('',*,*,#2023,.T.);
#2568=ORIENTED_EDGE('',*,*,#2024,.T.);
#2569=ORIENTED_EDGE('',*,*,#2025,.F.);
#2570=ORIENTED_EDGE('',*,*,#2017,.T.);
#2571=ORIENTED_EDGE('',*,*,#1987,.T.);
#2572=ORIENTED_EDGE('',*,*,#2026,.F.);
#2573=ORIENTED_EDGE('',*,*,#2027,.T.);
#2574=ORIENTED_EDGE('',*,*,#2020,.F.);
#2575=ORIENTED_EDGE('',*,*,#1985,.T.);
#2576=ORIENTED_EDGE('',*,*,#2028,.T.);
#2577=ORIENTED_EDGE('',*,*,#2029,.T.);
#2578=ORIENTED_EDGE('',*,*,#2030,.F.);
#2579=ORIENTED_EDGE('',*,*,#1984,.T.);
#2580=ORIENTED_EDGE('',*,*,#2031,.T.);
#2581=ORIENTED_EDGE('',*,*,#2032,.F.);
#2582=ORIENTED_EDGE('',*,*,#2033,.F.);
#2583=ORIENTED_EDGE('',*,*,#2028,.F.);
#2584=ORIENTED_EDGE('',*,*,#1992,.T.);
#2585=ORIENTED_EDGE('',*,*,#2034,.F.);
#2586=ORIENTED_EDGE('',*,*,#2035,.F.);
#2587=ORIENTED_EDGE('',*,*,#2036,.T.);
#2588=ORIENTED_EDGE('',*,*,#2037,.T.);
#2589=ORIENTED_EDGE('',*,*,#2038,.T.);
#2590=ORIENTED_EDGE('',*,*,#1986,.T.);
#2591=ORIENTED_EDGE('',*,*,#2030,.T.);
#2592=ORIENTED_EDGE('',*,*,#2039,.T.);
#2593=ORIENTED_EDGE('',*,*,#2040,.T.);
#2594=ORIENTED_EDGE('',*,*,#1994,.T.);
#2595=ORIENTED_EDGE('',*,*,#2041,.T.);
#2596=ORIENTED_EDGE('',*,*,#2042,.T.);
#2597=ORIENTED_EDGE('',*,*,#2043,.T.);
#2598=ORIENTED_EDGE('',*,*,#2044,.F.);
#2599=ORIENTED_EDGE('',*,*,#2045,.T.);
#2600=ORIENTED_EDGE('',*,*,#2046,.T.);
#2601=ORIENTED_EDGE('',*,*,#2047,.T.);
#2602=ORIENTED_EDGE('',*,*,#2048,.F.);
#2603=ORIENTED_EDGE('',*,*,#2026,.T.);
#2604=ORIENTED_EDGE('',*,*,#1991,.T.);
#2605=ORIENTED_EDGE('',*,*,#2049,.T.);
#2606=ORIENTED_EDGE('',*,*,#2050,.F.);
#2607=ORIENTED_EDGE('',*,*,#2034,.T.);
#2608=ORIENTED_EDGE('',*,*,#1997,.T.);
#2609=ORIENTED_EDGE('',*,*,#2051,.T.);
#2610=ORIENTED_EDGE('',*,*,#2052,.F.);
#2611=ORIENTED_EDGE('',*,*,#2053,.F.);
#2612=ORIENTED_EDGE('',*,*,#2000,.T.);
#2613=ORIENTED_EDGE('',*,*,#2054,.T.);
#2614=ORIENTED_EDGE('',*,*,#2055,.F.);
#2615=ORIENTED_EDGE('',*,*,#2056,.F.);
#2616=ORIENTED_EDGE('',*,*,#1999,.T.);
#2617=ORIENTED_EDGE('',*,*,#2057,.F.);
#2618=ORIENTED_EDGE('',*,*,#2058,.F.);
#2619=ORIENTED_EDGE('',*,*,#2054,.F.);
#2620=ORIENTED_EDGE('',*,*,#1949,.T.);
#2621=ORIENTED_EDGE('',*,*,#2059,.F.);
#2622=ORIENTED_EDGE('',*,*,#2057,.T.);
#2623=ORIENTED_EDGE('',*,*,#1998,.T.);
#2624=ORIENTED_EDGE('',*,*,#2060,.F.);
#2625=ORIENTED_EDGE('',*,*,#2061,.F.);
#2626=ORIENTED_EDGE('',*,*,#2062,.F.);
#2627=ORIENTED_EDGE('',*,*,#2063,.F.);
#2628=ORIENTED_EDGE('',*,*,#2064,.T.);
#2629=ORIENTED_EDGE('',*,*,#2065,.F.);
#2630=ORIENTED_EDGE('',*,*,#2066,.F.);
#2631=ORIENTED_EDGE('',*,*,#2012,.T.);
#2632=ORIENTED_EDGE('',*,*,#2067,.F.);
#2633=ORIENTED_EDGE('',*,*,#2064,.F.);
#2634=ORIENTED_EDGE('',*,*,#2067,.T.);
#2635=ORIENTED_EDGE('',*,*,#2011,.T.);
#2636=ORIENTED_EDGE('',*,*,#2016,.F.);
#2637=ORIENTED_EDGE('',*,*,#2065,.T.);
#2638=ORIENTED_EDGE('',*,*,#2013,.T.);
#2639=ORIENTED_EDGE('',*,*,#2066,.T.);
#2640=ORIENTED_EDGE('',*,*,#2063,.T.);
#2641=ORIENTED_EDGE('',*,*,#2068,.T.);
#2642=ORIENTED_EDGE('',*,*,#2069,.T.);
#2643=ORIENTED_EDGE('',*,*,#2070,.T.);
#2644=ORIENTED_EDGE('',*,*,#2071,.T.);
#2645=ORIENTED_EDGE('',*,*,#2072,.T.);
#2646=ORIENTED_EDGE('',*,*,#2073,.T.);
#2647=ORIENTED_EDGE('',*,*,#2074,.T.);
#2648=ORIENTED_EDGE('',*,*,#2075,.T.);
#2649=ORIENTED_EDGE('',*,*,#2076,.T.);
#2650=ORIENTED_EDGE('',*,*,#2077,.T.);
#2651=ORIENTED_EDGE('',*,*,#2068,.F.);
#2652=ORIENTED_EDGE('',*,*,#2062,.T.);
#2653=ORIENTED_EDGE('',*,*,#2078,.F.);
#2654=ORIENTED_EDGE('',*,*,#2079,.F.);
#2655=ORIENTED_EDGE('',*,*,#2061,.T.);
#2656=ORIENTED_EDGE('',*,*,#2080,.F.);
#2657=ORIENTED_EDGE('',*,*,#2081,.T.);
#2658=ORIENTED_EDGE('',*,*,#2078,.T.);
#2659=ORIENTED_EDGE('',*,*,#2006,.T.);
#2660=ORIENTED_EDGE('',*,*,#2082,.F.);
#2661=ORIENTED_EDGE('',*,*,#2080,.T.);
#2662=ORIENTED_EDGE('',*,*,#2060,.T.);
#2663=ORIENTED_EDGE('',*,*,#1996,.T.);
#2664=ORIENTED_EDGE('',*,*,#2083,.F.);
#2665=ORIENTED_EDGE('',*,*,#2084,.F.);
#2666=ORIENTED_EDGE('',*,*,#2085,.F.);
#2667=ORIENTED_EDGE('',*,*,#2051,.F.);
#2668=ORIENTED_EDGE('',*,*,#1983,.T.);
#2669=ORIENTED_EDGE('',*,*,#2086,.T.);
#2670=ORIENTED_EDGE('',*,*,#2087,.F.);
#2671=ORIENTED_EDGE('',*,*,#2031,.F.);
#2672=ORIENTED_EDGE('',*,*,#2084,.T.);
#2673=ORIENTED_EDGE('',*,*,#2088,.F.);
#2674=ORIENTED_EDGE('',*,*,#2033,.T.);
#2675=ORIENTED_EDGE('',*,*,#2089,.F.);
#2676=ORIENTED_EDGE('',*,*,#1976,.T.);
#2677=ORIENTED_EDGE('',*,*,#2090,.T.);
#2678=ORIENTED_EDGE('',*,*,#2091,.F.);
#2679=ORIENTED_EDGE('',*,*,#1947,.F.);
#2680=ORIENTED_EDGE('',*,*,#1975,.T.);
#2681=ORIENTED_EDGE('',*,*,#2092,.F.);
#2682=ORIENTED_EDGE('',*,*,#2093,.F.);
#2683=ORIENTED_EDGE('',*,*,#2049,.F.);
#2684=ORIENTED_EDGE('',*,*,#1990,.T.);
#2685=ORIENTED_EDGE('',*,*,#2053,.T.);
#2686=ORIENTED_EDGE('',*,*,#2094,.F.);
#2687=ORIENTED_EDGE('',*,*,#2090,.F.);
#2688=ORIENTED_EDGE('',*,*,#2094,.T.);
#2689=ORIENTED_EDGE('',*,*,#2052,.T.);
#2690=ORIENTED_EDGE('',*,*,#2085,.T.);
#2691=ORIENTED_EDGE('',*,*,#2089,.T.);
#2692=ORIENTED_EDGE('',*,*,#2032,.T.);
#2693=ORIENTED_EDGE('',*,*,#2087,.T.);
#2694=ORIENTED_EDGE('',*,*,#2095,.T.);
#2695=ORIENTED_EDGE('',*,*,#2055,.T.);
#2696=ORIENTED_EDGE('',*,*,#2058,.T.);
#2697=ORIENTED_EDGE('',*,*,#2059,.T.);
#2698=ORIENTED_EDGE('',*,*,#1948,.T.);
#2699=ORIENTED_EDGE('',*,*,#2091,.T.);
#2700=ORIENTED_EDGE('',*,*,#1951,.T.);
#2701=ORIENTED_EDGE('',*,*,#1955,.T.);
#2702=ORIENTED_EDGE('',*,*,#1959,.T.);
#2703=ORIENTED_EDGE('',*,*,#1963,.T.);
#2704=ORIENTED_EDGE('',*,*,#1982,.T.);
#2705=ORIENTED_EDGE('',*,*,#2019,.F.);
#2706=ORIENTED_EDGE('',*,*,#2096,.F.);
#2707=ORIENTED_EDGE('',*,*,#2097,.F.);
#2708=ORIENTED_EDGE('',*,*,#2001,.T.);
#2709=ORIENTED_EDGE('',*,*,#2056,.T.);
#2710=ORIENTED_EDGE('',*,*,#2095,.F.);
#2711=ORIENTED_EDGE('',*,*,#2086,.F.);
#2712=ORIENTED_EDGE('',*,*,#2098,.F.);
#2713=ORIENTED_EDGE('',*,*,#2073,.F.);
#2714=ORIENTED_EDGE('',*,*,#2099,.F.);
#2715=ORIENTED_EDGE('',*,*,#2100,.F.);
#2716=ORIENTED_EDGE('',*,*,#2002,.T.);
#2717=ORIENTED_EDGE('',*,*,#2097,.T.);
#2718=ORIENTED_EDGE('',*,*,#2101,.F.);
#2719=ORIENTED_EDGE('',*,*,#2099,.T.);
#2720=ORIENTED_EDGE('',*,*,#2072,.F.);
#2721=ORIENTED_EDGE('',*,*,#2102,.T.);
#2722=ORIENTED_EDGE('',*,*,#2103,.F.);
#2723=ORIENTED_EDGE('',*,*,#2104,.F.);
#2724=ORIENTED_EDGE('',*,*,#2074,.F.);
#2725=ORIENTED_EDGE('',*,*,#2098,.T.);
#2726=ORIENTED_EDGE('',*,*,#2005,.T.);
#2727=ORIENTED_EDGE('',*,*,#2105,.T.);
#2728=ORIENTED_EDGE('',*,*,#2069,.F.);
#2729=ORIENTED_EDGE('',*,*,#2079,.T.);
#2730=ORIENTED_EDGE('',*,*,#2081,.F.);
#2731=ORIENTED_EDGE('',*,*,#2082,.T.);
#2732=ORIENTED_EDGE('',*,*,#2106,.F.);
#2733=ORIENTED_EDGE('',*,*,#2107,.T.);
#2734=ORIENTED_EDGE('',*,*,#2108,.F.);
#2735=ORIENTED_EDGE('',*,*,#2045,.F.);
#2736=ORIENTED_EDGE('',*,*,#2109,.F.);
#2737=ORIENTED_EDGE('',*,*,#2047,.F.);
#2738=ORIENTED_EDGE('',*,*,#2110,.F.);
#2739=ORIENTED_EDGE('',*,*,#2111,.F.);
#2740=ORIENTED_EDGE('',*,*,#2112,.F.);
#2741=ORIENTED_EDGE('',*,*,#2111,.T.);
#2742=ORIENTED_EDGE('',*,*,#2113,.F.);
#2743=ORIENTED_EDGE('',*,*,#2107,.F.);
#2744=ORIENTED_EDGE('',*,*,#2113,.T.);
#2745=ORIENTED_EDGE('',*,*,#2110,.T.);
#2746=ORIENTED_EDGE('',*,*,#2046,.F.);
#2747=ORIENTED_EDGE('',*,*,#2108,.T.);
#2748=ORIENTED_EDGE('',*,*,#2103,.T.);
#2749=ORIENTED_EDGE('',*,*,#2100,.T.);
#2750=ORIENTED_EDGE('',*,*,#2101,.T.);
#2751=ORIENTED_EDGE('',*,*,#2096,.T.);
#2752=ORIENTED_EDGE('',*,*,#2018,.T.);
#2753=ORIENTED_EDGE('',*,*,#2025,.T.);
#2754=ORIENTED_EDGE('',*,*,#2114,.T.);
#2755=ORIENTED_EDGE('',*,*,#2115,.T.);
#2756=ORIENTED_EDGE('',*,*,#2116,.T.);
#2757=ORIENTED_EDGE('',*,*,#2021,.T.);
#2758=ORIENTED_EDGE('',*,*,#2027,.F.);
#2759=ORIENTED_EDGE('',*,*,#2048,.T.);
#2760=ORIENTED_EDGE('',*,*,#2109,.T.);
#2761=ORIENTED_EDGE('',*,*,#2112,.T.);
#2762=ORIENTED_EDGE('',*,*,#2106,.T.);
#2763=ORIENTED_EDGE('',*,*,#2044,.T.);
#2764=ORIENTED_EDGE('',*,*,#2117,.T.);
#2765=ORIENTED_EDGE('',*,*,#2118,.T.);
#2766=ORIENTED_EDGE('',*,*,#2035,.T.);
#2767=ORIENTED_EDGE('',*,*,#2050,.T.);
#2768=ORIENTED_EDGE('',*,*,#2093,.T.);
#2769=ORIENTED_EDGE('',*,*,#2119,.T.);
#2770=ORIENTED_EDGE('',*,*,#2120,.T.);
#2771=ORIENTED_EDGE('',*,*,#2008,.F.);
#2772=ORIENTED_EDGE('',*,*,#2015,.T.);
#2773=ORIENTED_EDGE('',*,*,#2121,.T.);
#2774=ORIENTED_EDGE('',*,*,#2122,.T.);
#2775=ORIENTED_EDGE('',*,*,#2123,.T.);
#2776=ORIENTED_EDGE('',*,*,#2124,.T.);
#2777=ORIENTED_EDGE('',*,*,#2125,.T.);
#2778=ORIENTED_EDGE('',*,*,#2126,.T.);
#2779=ORIENTED_EDGE('',*,*,#2104,.T.);
#2780=ORIENTED_EDGE('',*,*,#2123,.F.);
#2781=ORIENTED_EDGE('',*,*,#2127,.T.);
#2782=ORIENTED_EDGE('',*,*,#2075,.F.);
#2783=ORIENTED_EDGE('',*,*,#2121,.F.);
#2784=ORIENTED_EDGE('',*,*,#2014,.F.);
#2785=ORIENTED_EDGE('',*,*,#2077,.F.);
#2786=ORIENTED_EDGE('',*,*,#2128,.F.);
#2787=ORIENTED_EDGE('',*,*,#2122,.F.);
#2788=ORIENTED_EDGE('',*,*,#2128,.T.);
#2789=ORIENTED_EDGE('',*,*,#2076,.F.);
#2790=ORIENTED_EDGE('',*,*,#2127,.F.);
#2791=ORIENTED_EDGE('',*,*,#2115,.F.);
#2792=ORIENTED_EDGE('',*,*,#2129,.T.);
#2793=ORIENTED_EDGE('',*,*,#2130,.F.);
#2794=ORIENTED_EDGE('',*,*,#2131,.F.);
#2795=ORIENTED_EDGE('',*,*,#2116,.F.);
#2796=ORIENTED_EDGE('',*,*,#2131,.T.);
#2797=ORIENTED_EDGE('',*,*,#2132,.F.);
#2798=ORIENTED_EDGE('',*,*,#2022,.F.);
#2799=ORIENTED_EDGE('',*,*,#2114,.F.);
#2800=ORIENTED_EDGE('',*,*,#2024,.F.);
#2801=ORIENTED_EDGE('',*,*,#2133,.F.);
#2802=ORIENTED_EDGE('',*,*,#2129,.F.);
#2803=ORIENTED_EDGE('',*,*,#2133,.T.);
#2804=ORIENTED_EDGE('',*,*,#2023,.F.);
#2805=ORIENTED_EDGE('',*,*,#2132,.T.);
#2806=ORIENTED_EDGE('',*,*,#2130,.T.);
#2807=ORIENTED_EDGE('',*,*,#1981,.T.);
#2808=ORIENTED_EDGE('',*,*,#2134,.F.);
#2809=ORIENTED_EDGE('',*,*,#2119,.F.);
#2810=ORIENTED_EDGE('',*,*,#2092,.T.);
#2811=ORIENTED_EDGE('',*,*,#2135,.F.);
#2812=ORIENTED_EDGE('',*,*,#2136,.T.);
#2813=ORIENTED_EDGE('',*,*,#2126,.F.);
#2814=ORIENTED_EDGE('',*,*,#2136,.F.);
#2815=ORIENTED_EDGE('',*,*,#2137,.F.);
#2816=ORIENTED_EDGE('',*,*,#2138,.T.);
#2817=ORIENTED_EDGE('',*,*,#2125,.F.);
#2818=ORIENTED_EDGE('',*,*,#2138,.F.);
#2819=ORIENTED_EDGE('',*,*,#2137,.T.);
#2820=ORIENTED_EDGE('',*,*,#1995,.T.);
#2821=ORIENTED_EDGE('',*,*,#2040,.F.);
#2822=ORIENTED_EDGE('',*,*,#2139,.T.);
#2823=ORIENTED_EDGE('',*,*,#2083,.T.);
#2824=ORIENTED_EDGE('',*,*,#2088,.T.);
#2825=ORIENTED_EDGE('',*,*,#2139,.F.);
#2826=ORIENTED_EDGE('',*,*,#2039,.F.);
#2827=ORIENTED_EDGE('',*,*,#2029,.F.);
#2828=ORIENTED_EDGE('',*,*,#2004,.T.);
#2829=ORIENTED_EDGE('',*,*,#2140,.F.);
#2830=ORIENTED_EDGE('',*,*,#2070,.F.);
#2831=ORIENTED_EDGE('',*,*,#2105,.F.);
#2832=ORIENTED_EDGE('',*,*,#2003,.T.);
#2833=ORIENTED_EDGE('',*,*,#2102,.F.);
#2834=ORIENTED_EDGE('',*,*,#2071,.F.);
#2835=ORIENTED_EDGE('',*,*,#2140,.T.);
#2836=ORIENTED_EDGE('',*,*,#1993,.T.);
#2837=ORIENTED_EDGE('',*,*,#2038,.F.);
#2838=ORIENTED_EDGE('',*,*,#2141,.F.);
#2839=ORIENTED_EDGE('',*,*,#2041,.F.);
#2840=ORIENTED_EDGE('',*,*,#2135,.T.);
#2841=ORIENTED_EDGE('',*,*,#1980,.T.);
#2842=ORIENTED_EDGE('',*,*,#2009,.T.);
#2843=ORIENTED_EDGE('',*,*,#2120,.F.);
#2844=ORIENTED_EDGE('',*,*,#2134,.T.);
#2845=ORIENTED_EDGE('',*,*,#2117,.F.);
#2846=ORIENTED_EDGE('',*,*,#2043,.F.);
#2847=ORIENTED_EDGE('',*,*,#2142,.F.);
#2848=ORIENTED_EDGE('',*,*,#2143,.F.);
#2849=ORIENTED_EDGE('',*,*,#2118,.F.);
#2850=ORIENTED_EDGE('',*,*,#2143,.T.);
#2851=ORIENTED_EDGE('',*,*,#2144,.F.);
#2852=ORIENTED_EDGE('',*,*,#2036,.F.);
#2853=ORIENTED_EDGE('',*,*,#2037,.F.);
#2854=ORIENTED_EDGE('',*,*,#2144,.T.);
#2855=ORIENTED_EDGE('',*,*,#2142,.T.);
#2856=ORIENTED_EDGE('',*,*,#2042,.F.);
#2857=ORIENTED_EDGE('',*,*,#2141,.T.);
#2858=ORIENTED_EDGE('',*,*,#2145,.F.);
#2859=ORIENTED_EDGE('',*,*,#2146,.T.);
#2860=ORIENTED_EDGE('',*,*,#2124,.F.);
#2861=ORIENTED_EDGE('',*,*,#2146,.F.);
#2862=ORIENTED_EDGE('',*,*,#2145,.T.);
#2863=ORIENTED_EDGE('',*,*,#2147,.F.);
#2864=ORIENTED_EDGE('',*,*,#2148,.T.);
#2865=ORIENTED_EDGE('',*,*,#2149,.T.);
#2866=ORIENTED_EDGE('',*,*,#2150,.T.);
#2867=ORIENTED_EDGE('',*,*,#2147,.T.);
#2868=ORIENTED_EDGE('',*,*,#2151,.T.);
#2869=ORIENTED_EDGE('',*,*,#2152,.T.);
#2870=ORIENTED_EDGE('',*,*,#2153,.T.);
#2871=ORIENTED_EDGE('',*,*,#2154,.T.);
#2872=ORIENTED_EDGE('',*,*,#2155,.T.);
#2873=ORIENTED_EDGE('',*,*,#2156,.T.);
#2874=ORIENTED_EDGE('',*,*,#2157,.T.);
#2875=ORIENTED_EDGE('',*,*,#2158,.T.);
#2876=ORIENTED_EDGE('',*,*,#2159,.T.);
#2877=ORIENTED_EDGE('',*,*,#2160,.T.);
#2878=ORIENTED_EDGE('',*,*,#2161,.T.);
#2879=ORIENTED_EDGE('',*,*,#2162,.T.);
#2880=ORIENTED_EDGE('',*,*,#2163,.T.);
#2881=ORIENTED_EDGE('',*,*,#2164,.T.);
#2882=ORIENTED_EDGE('',*,*,#2165,.T.);
#2883=ORIENTED_EDGE('',*,*,#2166,.T.);
#2884=ORIENTED_EDGE('',*,*,#2167,.T.);
#2885=ORIENTED_EDGE('',*,*,#2152,.F.);
#2886=ORIENTED_EDGE('',*,*,#2168,.F.);
#2887=ORIENTED_EDGE('',*,*,#2169,.F.);
#2888=ORIENTED_EDGE('',*,*,#2170,.F.);
#2889=ORIENTED_EDGE('',*,*,#2153,.F.);
#2890=ORIENTED_EDGE('',*,*,#2170,.T.);
#2891=ORIENTED_EDGE('',*,*,#2171,.T.);
#2892=ORIENTED_EDGE('',*,*,#2148,.F.);
#2893=ORIENTED_EDGE('',*,*,#2161,.F.);
#2894=ORIENTED_EDGE('',*,*,#2172,.T.);
#2895=ORIENTED_EDGE('',*,*,#2173,.F.);
#2896=ORIENTED_EDGE('',*,*,#2174,.F.);
#2897=ORIENTED_EDGE('',*,*,#2169,.T.);
#2898=ORIENTED_EDGE('',*,*,#2175,.T.);
#2899=ORIENTED_EDGE('',*,*,#2149,.F.);
#2900=ORIENTED_EDGE('',*,*,#2171,.F.);
#2901=ORIENTED_EDGE('',*,*,#2157,.F.);
#2902=ORIENTED_EDGE('',*,*,#2176,.T.);
#2903=ORIENTED_EDGE('',*,*,#2177,.F.);
#2904=ORIENTED_EDGE('',*,*,#2178,.F.);
#2905=ORIENTED_EDGE('',*,*,#2158,.F.);
#2906=ORIENTED_EDGE('',*,*,#2178,.T.);
#2907=ORIENTED_EDGE('',*,*,#2179,.F.);
#2908=ORIENTED_EDGE('',*,*,#2180,.F.);
#2909=ORIENTED_EDGE('',*,*,#2156,.F.);
#2910=ORIENTED_EDGE('',*,*,#2181,.T.);
#2911=ORIENTED_EDGE('',*,*,#2182,.F.);
#2912=ORIENTED_EDGE('',*,*,#2176,.F.);
#2913=ORIENTED_EDGE('',*,*,#2182,.T.);
#2914=ORIENTED_EDGE('',*,*,#2183,.T.);
#2915=ORIENTED_EDGE('',*,*,#2179,.T.);
#2916=ORIENTED_EDGE('',*,*,#2177,.T.);
#2917=ORIENTED_EDGE('',*,*,#2168,.T.);
#2918=ORIENTED_EDGE('',*,*,#2151,.F.);
#2919=ORIENTED_EDGE('',*,*,#2150,.F.);
#2920=ORIENTED_EDGE('',*,*,#2175,.F.);
#2921=ORIENTED_EDGE('',*,*,#2167,.F.);
#2922=ORIENTED_EDGE('',*,*,#2184,.T.);
#2923=ORIENTED_EDGE('',*,*,#2185,.F.);
#2924=ORIENTED_EDGE('',*,*,#2186,.F.);
#2925=ORIENTED_EDGE('',*,*,#2187,.T.);
#2926=ORIENTED_EDGE('',*,*,#2188,.T.);
#2927=ORIENTED_EDGE('',*,*,#2189,.F.);
#2928=ORIENTED_EDGE('',*,*,#2190,.F.);
#2929=ORIENTED_EDGE('',*,*,#2191,.F.);
#2930=ORIENTED_EDGE('',*,*,#2165,.F.);
#2931=ORIENTED_EDGE('',*,*,#2192,.T.);
#2932=ORIENTED_EDGE('',*,*,#2193,.F.);
#2933=ORIENTED_EDGE('',*,*,#2162,.F.);
#2934=ORIENTED_EDGE('',*,*,#2186,.T.);
#2935=ORIENTED_EDGE('',*,*,#2194,.F.);
#2936=ORIENTED_EDGE('',*,*,#2195,.F.);
#2937=ORIENTED_EDGE('',*,*,#2163,.F.);
#2938=ORIENTED_EDGE('',*,*,#2195,.T.);
#2939=ORIENTED_EDGE('',*,*,#2196,.F.);
#2940=ORIENTED_EDGE('',*,*,#2197,.F.);
#2941=ORIENTED_EDGE('',*,*,#2164,.F.);
#2942=ORIENTED_EDGE('',*,*,#2197,.T.);
#2943=ORIENTED_EDGE('',*,*,#2198,.F.);
#2944=ORIENTED_EDGE('',*,*,#2192,.F.);
#2945=ORIENTED_EDGE('',*,*,#2198,.T.);
#2946=ORIENTED_EDGE('',*,*,#2196,.T.);
#2947=ORIENTED_EDGE('',*,*,#2194,.T.);
#2948=ORIENTED_EDGE('',*,*,#2185,.T.);
#2949=ORIENTED_EDGE('',*,*,#2199,.T.);
#2950=ORIENTED_EDGE('',*,*,#2187,.F.);
#2951=ORIENTED_EDGE('',*,*,#2200,.F.);
#2952=ORIENTED_EDGE('',*,*,#2201,.F.);
#2953=ORIENTED_EDGE('',*,*,#2193,.T.);
#2954=ORIENTED_EDGE('',*,*,#2201,.T.);
#2955=ORIENTED_EDGE('',*,*,#2202,.T.);
#2956=ORIENTED_EDGE('',*,*,#2203,.F.);
#2957=ORIENTED_EDGE('',*,*,#2204,.F.);
#2958=ORIENTED_EDGE('',*,*,#2200,.T.);
#2959=ORIENTED_EDGE('',*,*,#2190,.T.);
#2960=ORIENTED_EDGE('',*,*,#2205,.F.);
#2961=ORIENTED_EDGE('',*,*,#2202,.F.);
#2962=ORIENTED_EDGE('',*,*,#2206,.T.);
#2963=ORIENTED_EDGE('',*,*,#2203,.T.);
#2964=ORIENTED_EDGE('',*,*,#2205,.T.);
#2965=ORIENTED_EDGE('',*,*,#2189,.T.);
#2966=ORIENTED_EDGE('',*,*,#2166,.F.);
#2967=ORIENTED_EDGE('',*,*,#2191,.T.);
#2968=ORIENTED_EDGE('',*,*,#2204,.T.);
#2969=ORIENTED_EDGE('',*,*,#2206,.F.);
#2970=ORIENTED_EDGE('',*,*,#2188,.F.);
#2971=ORIENTED_EDGE('',*,*,#2199,.F.);
#2972=ORIENTED_EDGE('',*,*,#2184,.F.);
#2973=ORIENTED_EDGE('',*,*,#2160,.F.);
#2974=ORIENTED_EDGE('',*,*,#2207,.T.);
#2975=ORIENTED_EDGE('',*,*,#2208,.F.);
#2976=ORIENTED_EDGE('',*,*,#2172,.F.);
#2977=ORIENTED_EDGE('',*,*,#2154,.F.);
#2978=ORIENTED_EDGE('',*,*,#2174,.T.);
#2979=ORIENTED_EDGE('',*,*,#2209,.F.);
#2980=ORIENTED_EDGE('',*,*,#2210,.F.);
#2981=ORIENTED_EDGE('',*,*,#2155,.F.);
#2982=ORIENTED_EDGE('',*,*,#2210,.T.);
#2983=ORIENTED_EDGE('',*,*,#2211,.F.);
#2984=ORIENTED_EDGE('',*,*,#2207,.F.);
#2985=ORIENTED_EDGE('',*,*,#2159,.F.);
#2986=ORIENTED_EDGE('',*,*,#2180,.T.);
#2987=ORIENTED_EDGE('',*,*,#2183,.F.);
#2988=ORIENTED_EDGE('',*,*,#2181,.F.);
#2989=ORIENTED_EDGE('',*,*,#2211,.T.);
#2990=ORIENTED_EDGE('',*,*,#2209,.T.);
#2991=ORIENTED_EDGE('',*,*,#2173,.T.);
#2992=ORIENTED_EDGE('',*,*,#2208,.T.);
#2993=ORIENTED_EDGE('',*,*,#2212,.F.);
#2994=ORIENTED_EDGE('',*,*,#2213,.F.);
#2995=ORIENTED_EDGE('',*,*,#2214,.T.);
#2996=ORIENTED_EDGE('',*,*,#2215,.F.);
#2997=ORIENTED_EDGE('',*,*,#2216,.F.);
#2998=ORIENTED_EDGE('',*,*,#2217,.F.);
#2999=ORIENTED_EDGE('',*,*,#2218,.T.);
#3000=ORIENTED_EDGE('',*,*,#2219,.T.);
#3001=ORIENTED_EDGE('',*,*,#2220,.F.);
#3002=ORIENTED_EDGE('',*,*,#2221,.F.);
#3003=ORIENTED_EDGE('',*,*,#2222,.T.);
#3004=ORIENTED_EDGE('',*,*,#2223,.F.);
#3005=ORIENTED_EDGE('',*,*,#2224,.F.);
#3006=ORIENTED_EDGE('',*,*,#2225,.F.);
#3007=ORIENTED_EDGE('',*,*,#2226,.T.);
#3008=ORIENTED_EDGE('',*,*,#2227,.F.);
#3009=ORIENTED_EDGE('',*,*,#2228,.F.);
#3010=ORIENTED_EDGE('',*,*,#2229,.T.);
#3011=ORIENTED_EDGE('',*,*,#2230,.T.);
#3012=ORIENTED_EDGE('',*,*,#2231,.F.);
#3013=ORIENTED_EDGE('',*,*,#2232,.F.);
#3014=ORIENTED_EDGE('',*,*,#2233,.F.);
#3015=ORIENTED_EDGE('',*,*,#2234,.T.);
#3016=ORIENTED_EDGE('',*,*,#2235,.F.);
#3017=ORIENTED_EDGE('',*,*,#2236,.F.);
#3018=ORIENTED_EDGE('',*,*,#2237,.F.);
#3019=ORIENTED_EDGE('',*,*,#2238,.T.);
#3020=ORIENTED_EDGE('',*,*,#2239,.F.);
#3021=ORIENTED_EDGE('',*,*,#2240,.F.);
#3022=ORIENTED_EDGE('',*,*,#2241,.F.);
#3023=ORIENTED_EDGE('',*,*,#2242,.T.);
#3024=ORIENTED_EDGE('',*,*,#2243,.T.);
#3025=ORIENTED_EDGE('',*,*,#2215,.T.);
#3026=ORIENTED_EDGE('',*,*,#2244,.T.);
#3027=ORIENTED_EDGE('',*,*,#2217,.T.);
#3028=ORIENTED_EDGE('',*,*,#2245,.F.);
#3029=ORIENTED_EDGE('',*,*,#2223,.T.);
#3030=ORIENTED_EDGE('',*,*,#2246,.T.);
#3031=ORIENTED_EDGE('',*,*,#2225,.T.);
#3032=ORIENTED_EDGE('',*,*,#2247,.F.);
#3033=ORIENTED_EDGE('',*,*,#2248,.F.);
#3034=ORIENTED_EDGE('',*,*,#2249,.F.);
#3035=ORIENTED_EDGE('',*,*,#2250,.T.);
#3036=ORIENTED_EDGE('',*,*,#2251,.F.);
#3037=ORIENTED_EDGE('',*,*,#2243,.F.);
#3038=ORIENTED_EDGE('',*,*,#2252,.T.);
#3039=ORIENTED_EDGE('',*,*,#2237,.T.);
#3040=ORIENTED_EDGE('',*,*,#2253,.F.);
#3041=ORIENTED_EDGE('',*,*,#2235,.T.);
#3042=ORIENTED_EDGE('',*,*,#2254,.T.);
#3043=ORIENTED_EDGE('',*,*,#2229,.F.);
#3044=ORIENTED_EDGE('',*,*,#2255,.F.);
#3045=ORIENTED_EDGE('',*,*,#2256,.F.);
#3046=ORIENTED_EDGE('',*,*,#2230,.F.);
#3047=ORIENTED_EDGE('',*,*,#2254,.F.);
#3048=ORIENTED_EDGE('',*,*,#2234,.F.);
#3049=ORIENTED_EDGE('',*,*,#2257,.F.);
#3050=ORIENTED_EDGE('',*,*,#2219,.F.);
#3051=ORIENTED_EDGE('',*,*,#2258,.T.);
#3052=ORIENTED_EDGE('',*,*,#2213,.T.);
#3053=ORIENTED_EDGE('',*,*,#2259,.F.);
#3054=ORIENTED_EDGE('',*,*,#2244,.F.);
#3055=ORIENTED_EDGE('',*,*,#2214,.F.);
#3056=ORIENTED_EDGE('',*,*,#2258,.F.);
#3057=ORIENTED_EDGE('',*,*,#2218,.F.);
#3058=ORIENTED_EDGE('',*,*,#2260,.F.);
#3059=ORIENTED_EDGE('',*,*,#2261,.F.);
#3060=ORIENTED_EDGE('',*,*,#2238,.F.);
#3061=ORIENTED_EDGE('',*,*,#2252,.F.);
#3062=ORIENTED_EDGE('',*,*,#2242,.F.);
#3063=ORIENTED_EDGE('',*,*,#2262,.F.);
#3064=ORIENTED_EDGE('',*,*,#2227,.T.);
#3065=ORIENTED_EDGE('',*,*,#2263,.T.);
#3066=ORIENTED_EDGE('',*,*,#2221,.T.);
#3067=ORIENTED_EDGE('',*,*,#2264,.F.);
#3068=ORIENTED_EDGE('',*,*,#2246,.F.);
#3069=ORIENTED_EDGE('',*,*,#2222,.F.);
#3070=ORIENTED_EDGE('',*,*,#2263,.F.);
#3071=ORIENTED_EDGE('',*,*,#2226,.F.);
#3072=ORIENTED_EDGE('',*,*,#2265,.F.);
#3073=ORIENTED_EDGE('',*,*,#2216,.T.);
#3074=ORIENTED_EDGE('',*,*,#2259,.T.);
#3075=ORIENTED_EDGE('',*,*,#2212,.T.);
#3076=ORIENTED_EDGE('',*,*,#2251,.T.);
#3077=ORIENTED_EDGE('',*,*,#2266,.T.);
#3078=ORIENTED_EDGE('',*,*,#2267,.T.);
#3079=ORIENTED_EDGE('',*,*,#2240,.T.);
#3080=ORIENTED_EDGE('',*,*,#2253,.T.);
#3081=ORIENTED_EDGE('',*,*,#2236,.T.);
#3082=ORIENTED_EDGE('',*,*,#2268,.T.);
#3083=ORIENTED_EDGE('',*,*,#2232,.T.);
#3084=ORIENTED_EDGE('',*,*,#2255,.T.);
#3085=ORIENTED_EDGE('',*,*,#2228,.T.);
#3086=ORIENTED_EDGE('',*,*,#2269,.T.);
#3087=ORIENTED_EDGE('',*,*,#2270,.T.);
#3088=ORIENTED_EDGE('',*,*,#2247,.T.);
#3089=ORIENTED_EDGE('',*,*,#2224,.T.);
#3090=ORIENTED_EDGE('',*,*,#2264,.T.);
#3091=ORIENTED_EDGE('',*,*,#2220,.T.);
#3092=ORIENTED_EDGE('',*,*,#2245,.T.);
#3093=ORIENTED_EDGE('',*,*,#2271,.T.);
#3094=ORIENTED_EDGE('',*,*,#2272,.T.);
#3095=ORIENTED_EDGE('',*,*,#2273,.T.);
#3096=ORIENTED_EDGE('',*,*,#2274,.T.);
#3097=ORIENTED_EDGE('',*,*,#2275,.T.);
#3098=ORIENTED_EDGE('',*,*,#2276,.T.);
#3099=ORIENTED_EDGE('',*,*,#2277,.T.);
#3100=ORIENTED_EDGE('',*,*,#2278,.T.);
#3101=ORIENTED_EDGE('',*,*,#2279,.T.);
#3102=ORIENTED_EDGE('',*,*,#2280,.T.);
#3103=ORIENTED_EDGE('',*,*,#2281,.T.);
#3104=ORIENTED_EDGE('',*,*,#2282,.T.);
#3105=ORIENTED_EDGE('',*,*,#2283,.T.);
#3106=ORIENTED_EDGE('',*,*,#2284,.T.);
#3107=ORIENTED_EDGE('',*,*,#2285,.T.);
#3108=ORIENTED_EDGE('',*,*,#2286,.T.);
#3109=ORIENTED_EDGE('',*,*,#2287,.T.);
#3110=ORIENTED_EDGE('',*,*,#2288,.T.);
#3111=ORIENTED_EDGE('',*,*,#2289,.T.);
#3112=ORIENTED_EDGE('',*,*,#2290,.T.);
#3113=ORIENTED_EDGE('',*,*,#2291,.T.);
#3114=ORIENTED_EDGE('',*,*,#2292,.T.);
#3115=ORIENTED_EDGE('',*,*,#2293,.T.);
#3116=ORIENTED_EDGE('',*,*,#2294,.T.);
#3117=ORIENTED_EDGE('',*,*,#2295,.T.);
#3118=ORIENTED_EDGE('',*,*,#2296,.T.);
#3119=ORIENTED_EDGE('',*,*,#2297,.T.);
#3120=ORIENTED_EDGE('',*,*,#2298,.T.);
#3121=ORIENTED_EDGE('',*,*,#2299,.T.);
#3122=ORIENTED_EDGE('',*,*,#2300,.T.);
#3123=ORIENTED_EDGE('',*,*,#2301,.T.);
#3124=ORIENTED_EDGE('',*,*,#2302,.T.);
#3125=ORIENTED_EDGE('',*,*,#2303,.T.);
#3126=ORIENTED_EDGE('',*,*,#2304,.T.);
#3127=ORIENTED_EDGE('',*,*,#2305,.T.);
#3128=ORIENTED_EDGE('',*,*,#2306,.T.);
#3129=ORIENTED_EDGE('',*,*,#2307,.T.);
#3130=ORIENTED_EDGE('',*,*,#2308,.T.);
#3131=ORIENTED_EDGE('',*,*,#2309,.T.);
#3132=ORIENTED_EDGE('',*,*,#2310,.T.);
#3133=ORIENTED_EDGE('',*,*,#2311,.T.);
#3134=ORIENTED_EDGE('',*,*,#2312,.T.);
#3135=ORIENTED_EDGE('',*,*,#2313,.T.);
#3136=ORIENTED_EDGE('',*,*,#2314,.T.);
#3137=ORIENTED_EDGE('',*,*,#2287,.F.);
#3138=ORIENTED_EDGE('',*,*,#2315,.F.);
#3139=ORIENTED_EDGE('',*,*,#2316,.F.);
#3140=ORIENTED_EDGE('',*,*,#2317,.F.);
#3141=ORIENTED_EDGE('',*,*,#2283,.F.);
#3142=ORIENTED_EDGE('',*,*,#2318,.F.);
#3143=ORIENTED_EDGE('',*,*,#2319,.F.);
#3144=ORIENTED_EDGE('',*,*,#2320,.F.);
#3145=ORIENTED_EDGE('',*,*,#2279,.F.);
#3146=ORIENTED_EDGE('',*,*,#2321,.F.);
#3147=ORIENTED_EDGE('',*,*,#2322,.F.);
#3148=ORIENTED_EDGE('',*,*,#2323,.F.);
#3149=ORIENTED_EDGE('',*,*,#2275,.F.);
#3150=ORIENTED_EDGE('',*,*,#2324,.F.);
#3151=ORIENTED_EDGE('',*,*,#2325,.F.);
#3152=ORIENTED_EDGE('',*,*,#2326,.F.);
#3153=ORIENTED_EDGE('',*,*,#2309,.F.);
#3154=ORIENTED_EDGE('',*,*,#2327,.F.);
#3155=ORIENTED_EDGE('',*,*,#2328,.F.);
#3156=ORIENTED_EDGE('',*,*,#2329,.F.);
#3157=ORIENTED_EDGE('',*,*,#2305,.F.);
#3158=ORIENTED_EDGE('',*,*,#2330,.F.);
#3159=ORIENTED_EDGE('',*,*,#2331,.F.);
#3160=ORIENTED_EDGE('',*,*,#2332,.F.);
#3161=ORIENTED_EDGE('',*,*,#2301,.F.);
#3162=ORIENTED_EDGE('',*,*,#2333,.F.);
#3163=ORIENTED_EDGE('',*,*,#2334,.F.);
#3164=ORIENTED_EDGE('',*,*,#2335,.F.);
#3165=ORIENTED_EDGE('',*,*,#2297,.F.);
#3166=ORIENTED_EDGE('',*,*,#2336,.F.);
#3167=ORIENTED_EDGE('',*,*,#2337,.F.);
#3168=ORIENTED_EDGE('',*,*,#2338,.F.);
#3169=ORIENTED_EDGE('',*,*,#2271,.F.);
#3170=ORIENTED_EDGE('',*,*,#2339,.F.);
#3171=ORIENTED_EDGE('',*,*,#2340,.F.);
#3172=ORIENTED_EDGE('',*,*,#2341,.F.);
#3173=ORIENTED_EDGE('',*,*,#2293,.F.);
#3174=ORIENTED_EDGE('',*,*,#2342,.F.);
#3175=ORIENTED_EDGE('',*,*,#2343,.F.);
#3176=ORIENTED_EDGE('',*,*,#2344,.F.);
#3177=ORIENTED_EDGE('',*,*,#2312,.F.);
#3178=ORIENTED_EDGE('',*,*,#2345,.F.);
#3179=ORIENTED_EDGE('',*,*,#2346,.F.);
#3180=ORIENTED_EDGE('',*,*,#2347,.F.);
#3181=ORIENTED_EDGE('',*,*,#2348,.F.);
#3182=ORIENTED_EDGE('',*,*,#2349,.T.);
#3183=ORIENTED_EDGE('',*,*,#2350,.F.);
#3184=ORIENTED_EDGE('',*,*,#2351,.T.);
#3185=ORIENTED_EDGE('',*,*,#2290,.F.);
#3186=ORIENTED_EDGE('',*,*,#2352,.F.);
#3187=ORIENTED_EDGE('',*,*,#2343,.T.);
#3188=ORIENTED_EDGE('',*,*,#2353,.T.);
#3189=ORIENTED_EDGE('',*,*,#2354,.F.);
#3190=ORIENTED_EDGE('',*,*,#2355,.T.);
#3191=ORIENTED_EDGE('',*,*,#2316,.T.);
#3192=ORIENTED_EDGE('',*,*,#2356,.T.);
#3193=ORIENTED_EDGE('',*,*,#2357,.F.);
#3194=ORIENTED_EDGE('',*,*,#2358,.T.);
#3195=ORIENTED_EDGE('',*,*,#2344,.T.);
#3196=ORIENTED_EDGE('',*,*,#2355,.F.);
#3197=ORIENTED_EDGE('',*,*,#2359,.T.);
#3198=ORIENTED_EDGE('',*,*,#2294,.F.);
#3199=ORIENTED_EDGE('',*,*,#2315,.T.);
#3200=ORIENTED_EDGE('',*,*,#2286,.F.);
#3201=ORIENTED_EDGE('',*,*,#2360,.F.);
#3202=ORIENTED_EDGE('',*,*,#2356,.F.);
#3203=ORIENTED_EDGE('',*,*,#2342,.T.);
#3204=ORIENTED_EDGE('',*,*,#2292,.F.);
#3205=ORIENTED_EDGE('',*,*,#2361,.F.);
#3206=ORIENTED_EDGE('',*,*,#2353,.F.);
#3207=ORIENTED_EDGE('',*,*,#2337,.T.);
#3208=ORIENTED_EDGE('',*,*,#2362,.T.);
#3209=ORIENTED_EDGE('',*,*,#2363,.F.);
#3210=ORIENTED_EDGE('',*,*,#2364,.T.);
#3211=ORIENTED_EDGE('',*,*,#2319,.T.);
#3212=ORIENTED_EDGE('',*,*,#2365,.T.);
#3213=ORIENTED_EDGE('',*,*,#2366,.F.);
#3214=ORIENTED_EDGE('',*,*,#2367,.T.);
#3215=ORIENTED_EDGE('',*,*,#2338,.T.);
#3216=ORIENTED_EDGE('',*,*,#2364,.F.);
#3217=ORIENTED_EDGE('',*,*,#2368,.T.);
#3218=ORIENTED_EDGE('',*,*,#2298,.F.);
#3219=ORIENTED_EDGE('',*,*,#2318,.T.);
#3220=ORIENTED_EDGE('',*,*,#2282,.F.);
#3221=ORIENTED_EDGE('',*,*,#2369,.F.);
#3222=ORIENTED_EDGE('',*,*,#2365,.F.);
#3223=ORIENTED_EDGE('',*,*,#2336,.T.);
#3224=ORIENTED_EDGE('',*,*,#2296,.F.);
#3225=ORIENTED_EDGE('',*,*,#2370,.F.);
#3226=ORIENTED_EDGE('',*,*,#2362,.F.);
#3227=ORIENTED_EDGE('',*,*,#2334,.T.);
#3228=ORIENTED_EDGE('',*,*,#2371,.T.);
#3229=ORIENTED_EDGE('',*,*,#2372,.F.);
#3230=ORIENTED_EDGE('',*,*,#2373,.T.);
#3231=ORIENTED_EDGE('',*,*,#2322,.T.);
#3232=ORIENTED_EDGE('',*,*,#2374,.T.);
#3233=ORIENTED_EDGE('',*,*,#2375,.F.);
#3234=ORIENTED_EDGE('',*,*,#2376,.T.);
#3235=ORIENTED_EDGE('',*,*,#2335,.T.);
#3236=ORIENTED_EDGE('',*,*,#2373,.F.);
#3237=ORIENTED_EDGE('',*,*,#2377,.T.);
#3238=ORIENTED_EDGE('',*,*,#2302,.F.);
#3239=ORIENTED_EDGE('',*,*,#2321,.T.);
#3240=ORIENTED_EDGE('',*,*,#2278,.F.);
#3241=ORIENTED_EDGE('',*,*,#2378,.F.);
#3242=ORIENTED_EDGE('',*,*,#2374,.F.);
#3243=ORIENTED_EDGE('',*,*,#2333,.T.);
#3244=ORIENTED_EDGE('',*,*,#2300,.F.);
#3245=ORIENTED_EDGE('',*,*,#2379,.F.);
#3246=ORIENTED_EDGE('',*,*,#2371,.F.);
#3247=ORIENTED_EDGE('',*,*,#2331,.T.);
#3248=ORIENTED_EDGE('',*,*,#2380,.T.);
#3249=ORIENTED_EDGE('',*,*,#2381,.F.);
#3250=ORIENTED_EDGE('',*,*,#2382,.T.);
#3251=ORIENTED_EDGE('',*,*,#2325,.T.);
#3252=ORIENTED_EDGE('',*,*,#2383,.T.);
#3253=ORIENTED_EDGE('',*,*,#2384,.F.);
#3254=ORIENTED_EDGE('',*,*,#2385,.T.);
#3255=ORIENTED_EDGE('',*,*,#2332,.T.);
#3256=ORIENTED_EDGE('',*,*,#2382,.F.);
#3257=ORIENTED_EDGE('',*,*,#2386,.T.);
#3258=ORIENTED_EDGE('',*,*,#2306,.F.);
#3259=ORIENTED_EDGE('',*,*,#2324,.T.);
#3260=ORIENTED_EDGE('',*,*,#2274,.F.);
#3261=ORIENTED_EDGE('',*,*,#2387,.F.);
#3262=ORIENTED_EDGE('',*,*,#2383,.F.);
#3263=ORIENTED_EDGE('',*,*,#2330,.T.);
#3264=ORIENTED_EDGE('',*,*,#2304,.F.);
#3265=ORIENTED_EDGE('',*,*,#2388,.F.);
#3266=ORIENTED_EDGE('',*,*,#2380,.F.);
#3267=ORIENTED_EDGE('',*,*,#2328,.T.);
#3268=ORIENTED_EDGE('',*,*,#2389,.T.);
#3269=ORIENTED_EDGE('',*,*,#2390,.F.);
#3270=ORIENTED_EDGE('',*,*,#2391,.T.);
#3271=ORIENTED_EDGE('',*,*,#2340,.T.);
#3272=ORIENTED_EDGE('',*,*,#2392,.T.);
#3273=ORIENTED_EDGE('',*,*,#2393,.F.);
#3274=ORIENTED_EDGE('',*,*,#2394,.T.);
#3275=ORIENTED_EDGE('',*,*,#2329,.T.);
#3276=ORIENTED_EDGE('',*,*,#2391,.F.);
#3277=ORIENTED_EDGE('',*,*,#2395,.T.);
#3278=ORIENTED_EDGE('',*,*,#2310,.F.);
#3279=ORIENTED_EDGE('',*,*,#2339,.T.);
#3280=ORIENTED_EDGE('',*,*,#2314,.F.);
#3281=ORIENTED_EDGE('',*,*,#2396,.F.);
#3282=ORIENTED_EDGE('',*,*,#2392,.F.);
#3283=ORIENTED_EDGE('',*,*,#2327,.T.);
#3284=ORIENTED_EDGE('',*,*,#2308,.F.);
#3285=ORIENTED_EDGE('',*,*,#2397,.F.);
#3286=ORIENTED_EDGE('',*,*,#2389,.F.);
#3287=ORIENTED_EDGE('',*,*,#2398,.F.);
#3288=ORIENTED_EDGE('',*,*,#2399,.T.);
#3289=ORIENTED_EDGE('',*,*,#2265,.T.);
#3290=ORIENTED_EDGE('',*,*,#2399,.F.);
#3291=ORIENTED_EDGE('',*,*,#2400,.F.);
#3292=ORIENTED_EDGE('',*,*,#2401,.T.);
#3293=ORIENTED_EDGE('',*,*,#2262,.T.);
#3294=ORIENTED_EDGE('',*,*,#2401,.F.);
#3295=ORIENTED_EDGE('',*,*,#2402,.F.);
#3296=ORIENTED_EDGE('',*,*,#2403,.T.);
#3297=ORIENTED_EDGE('',*,*,#2260,.T.);
#3298=ORIENTED_EDGE('',*,*,#2403,.F.);
#3299=ORIENTED_EDGE('',*,*,#2404,.F.);
#3300=ORIENTED_EDGE('',*,*,#2405,.T.);
#3301=ORIENTED_EDGE('',*,*,#2257,.T.);
#3302=ORIENTED_EDGE('',*,*,#2405,.F.);
#3303=ORIENTED_EDGE('',*,*,#2289,.F.);
#3304=ORIENTED_EDGE('',*,*,#2406,.F.);
#3305=ORIENTED_EDGE('',*,*,#2357,.T.);
#3306=ORIENTED_EDGE('',*,*,#2360,.T.);
#3307=ORIENTED_EDGE('',*,*,#2285,.F.);
#3308=ORIENTED_EDGE('',*,*,#2407,.F.);
#3309=ORIENTED_EDGE('',*,*,#2366,.T.);
#3310=ORIENTED_EDGE('',*,*,#2369,.T.);
#3311=ORIENTED_EDGE('',*,*,#2281,.F.);
#3312=ORIENTED_EDGE('',*,*,#2408,.F.);
#3313=ORIENTED_EDGE('',*,*,#2375,.T.);
#3314=ORIENTED_EDGE('',*,*,#2378,.T.);
#3315=ORIENTED_EDGE('',*,*,#2277,.F.);
#3316=ORIENTED_EDGE('',*,*,#2409,.F.);
#3317=ORIENTED_EDGE('',*,*,#2384,.T.);
#3318=ORIENTED_EDGE('',*,*,#2387,.T.);
#3319=ORIENTED_EDGE('',*,*,#2273,.F.);
#3320=ORIENTED_EDGE('',*,*,#2410,.F.);
#3321=ORIENTED_EDGE('',*,*,#2393,.T.);
#3322=ORIENTED_EDGE('',*,*,#2396,.T.);
#3323=ORIENTED_EDGE('',*,*,#2313,.F.);
#3324=ORIENTED_EDGE('',*,*,#2349,.F.);
#3325=ORIENTED_EDGE('',*,*,#2411,.F.);
#3326=ORIENTED_EDGE('',*,*,#2412,.F.);
#3327=ORIENTED_EDGE('',*,*,#2413,.F.);
#3328=ORIENTED_EDGE('',*,*,#2352,.T.);
#3329=ORIENTED_EDGE('',*,*,#2323,.T.);
#3330=ORIENTED_EDGE('',*,*,#2376,.F.);
#3331=ORIENTED_EDGE('',*,*,#2408,.T.);
#3332=ORIENTED_EDGE('',*,*,#2280,.F.);
#3333=ORIENTED_EDGE('',*,*,#2320,.T.);
#3334=ORIENTED_EDGE('',*,*,#2367,.F.);
#3335=ORIENTED_EDGE('',*,*,#2407,.T.);
#3336=ORIENTED_EDGE('',*,*,#2284,.F.);
#3337=ORIENTED_EDGE('',*,*,#2326,.T.);
#3338=ORIENTED_EDGE('',*,*,#2385,.F.);
#3339=ORIENTED_EDGE('',*,*,#2409,.T.);
#3340=ORIENTED_EDGE('',*,*,#2276,.F.);
#3341=ORIENTED_EDGE('',*,*,#2341,.T.);
#3342=ORIENTED_EDGE('',*,*,#2394,.F.);
#3343=ORIENTED_EDGE('',*,*,#2410,.T.);
#3344=ORIENTED_EDGE('',*,*,#2272,.F.);
#3345=ORIENTED_EDGE('',*,*,#2317,.T.);
#3346=ORIENTED_EDGE('',*,*,#2358,.F.);
#3347=ORIENTED_EDGE('',*,*,#2406,.T.);
#3348=ORIENTED_EDGE('',*,*,#2288,.F.);
#3349=ORIENTED_EDGE('',*,*,#2414,.F.);
#3350=ORIENTED_EDGE('',*,*,#2345,.T.);
#3351=ORIENTED_EDGE('',*,*,#2311,.F.);
#3352=ORIENTED_EDGE('',*,*,#2395,.F.);
#3353=ORIENTED_EDGE('',*,*,#2390,.T.);
#3354=ORIENTED_EDGE('',*,*,#2397,.T.);
#3355=ORIENTED_EDGE('',*,*,#2307,.F.);
#3356=ORIENTED_EDGE('',*,*,#2386,.F.);
#3357=ORIENTED_EDGE('',*,*,#2381,.T.);
#3358=ORIENTED_EDGE('',*,*,#2388,.T.);
#3359=ORIENTED_EDGE('',*,*,#2303,.F.);
#3360=ORIENTED_EDGE('',*,*,#2377,.F.);
#3361=ORIENTED_EDGE('',*,*,#2372,.T.);
#3362=ORIENTED_EDGE('',*,*,#2379,.T.);
#3363=ORIENTED_EDGE('',*,*,#2299,.F.);
#3364=ORIENTED_EDGE('',*,*,#2368,.F.);
#3365=ORIENTED_EDGE('',*,*,#2363,.T.);
#3366=ORIENTED_EDGE('',*,*,#2370,.T.);
#3367=ORIENTED_EDGE('',*,*,#2295,.F.);
#3368=ORIENTED_EDGE('',*,*,#2359,.F.);
#3369=ORIENTED_EDGE('',*,*,#2354,.T.);
#3370=ORIENTED_EDGE('',*,*,#2361,.T.);
#3371=ORIENTED_EDGE('',*,*,#2291,.F.);
#3372=ORIENTED_EDGE('',*,*,#2351,.F.);
#3373=ORIENTED_EDGE('',*,*,#2415,.T.);
#3374=ORIENTED_EDGE('',*,*,#2416,.T.);
#3375=ORIENTED_EDGE('',*,*,#2417,.T.);
#3376=ORIENTED_EDGE('',*,*,#2418,.T.);
#3377=ORIENTED_EDGE('',*,*,#2419,.T.);
#3378=ORIENTED_EDGE('',*,*,#2420,.T.);
#3379=ORIENTED_EDGE('',*,*,#2421,.T.);
#3380=ORIENTED_EDGE('',*,*,#2422,.T.);
#3381=ORIENTED_EDGE('',*,*,#2423,.T.);
#3382=ORIENTED_EDGE('',*,*,#2424,.T.);
#3383=ORIENTED_EDGE('',*,*,#2249,.T.);
#3384=ORIENTED_EDGE('',*,*,#2425,.T.);
#3385=ORIENTED_EDGE('',*,*,#2398,.T.);
#3386=ORIENTED_EDGE('',*,*,#2400,.T.);
#3387=ORIENTED_EDGE('',*,*,#2402,.T.);
#3388=ORIENTED_EDGE('',*,*,#2404,.T.);
#3389=ORIENTED_EDGE('',*,*,#2411,.T.);
#3390=ORIENTED_EDGE('',*,*,#2348,.T.);
#3391=ORIENTED_EDGE('',*,*,#2426,.T.);
#3392=ORIENTED_EDGE('',*,*,#2427,.T.);
#3393=ORIENTED_EDGE('',*,*,#2428,.T.);
#3394=ORIENTED_EDGE('',*,*,#2429,.T.);
#3395=ORIENTED_EDGE('',*,*,#2430,.T.);
#3396=ORIENTED_EDGE('',*,*,#2431,.T.);
#3397=ORIENTED_EDGE('',*,*,#2347,.T.);
#3398=ORIENTED_EDGE('',*,*,#2432,.F.);
#3399=ORIENTED_EDGE('',*,*,#2433,.F.);
#3400=ORIENTED_EDGE('',*,*,#2426,.F.);
#3401=ORIENTED_EDGE('',*,*,#2415,.F.);
#3402=ORIENTED_EDGE('',*,*,#2434,.T.);
#3403=ORIENTED_EDGE('',*,*,#2435,.T.);
#3404=ORIENTED_EDGE('',*,*,#2436,.T.);
#3405=ORIENTED_EDGE('',*,*,#2417,.F.);
#3406=ORIENTED_EDGE('',*,*,#2437,.F.);
#3407=ORIENTED_EDGE('',*,*,#2438,.F.);
#3408=ORIENTED_EDGE('',*,*,#2439,.F.);
#3409=ORIENTED_EDGE('',*,*,#2418,.F.);
#3410=ORIENTED_EDGE('',*,*,#2439,.T.);
#3411=ORIENTED_EDGE('',*,*,#2440,.T.);
#3412=ORIENTED_EDGE('',*,*,#2434,.F.);
#3413=ORIENTED_EDGE('',*,*,#2425,.F.);
#3414=ORIENTED_EDGE('',*,*,#2248,.T.);
#3415=ORIENTED_EDGE('',*,*,#2270,.F.);
#3416=ORIENTED_EDGE('',*,*,#2441,.F.);
#3417=ORIENTED_EDGE('',*,*,#2438,.T.);
#3418=ORIENTED_EDGE('',*,*,#2442,.T.);
#3419=ORIENTED_EDGE('',*,*,#2435,.F.);
#3420=ORIENTED_EDGE('',*,*,#2440,.F.);
#3421=ORIENTED_EDGE('',*,*,#2422,.F.);
#3422=ORIENTED_EDGE('',*,*,#2443,.T.);
#3423=ORIENTED_EDGE('',*,*,#2444,.F.);
#3424=ORIENTED_EDGE('',*,*,#2445,.F.);
#3425=ORIENTED_EDGE('',*,*,#2423,.F.);
#3426=ORIENTED_EDGE('',*,*,#2445,.T.);
#3427=ORIENTED_EDGE('',*,*,#2446,.F.);
#3428=ORIENTED_EDGE('',*,*,#2447,.F.);
#3429=ORIENTED_EDGE('',*,*,#2421,.F.);
#3430=ORIENTED_EDGE('',*,*,#2448,.T.);
#3431=ORIENTED_EDGE('',*,*,#2449,.F.);
#3432=ORIENTED_EDGE('',*,*,#2443,.F.);
#3433=ORIENTED_EDGE('',*,*,#2449,.T.);
#3434=ORIENTED_EDGE('',*,*,#2450,.T.);
#3435=ORIENTED_EDGE('',*,*,#2446,.T.);
#3436=ORIENTED_EDGE('',*,*,#2444,.T.);
#3437=ORIENTED_EDGE('',*,*,#2437,.T.);
#3438=ORIENTED_EDGE('',*,*,#2416,.F.);
#3439=ORIENTED_EDGE('',*,*,#2436,.F.);
#3440=ORIENTED_EDGE('',*,*,#2442,.F.);
#3441=ORIENTED_EDGE('',*,*,#2427,.F.);
#3442=ORIENTED_EDGE('',*,*,#2433,.T.);
#3443=ORIENTED_EDGE('',*,*,#2451,.F.);
#3444=ORIENTED_EDGE('',*,*,#2452,.F.);
#3445=ORIENTED_EDGE('',*,*,#2412,.T.);
#3446=ORIENTED_EDGE('',*,*,#2431,.F.);
#3447=ORIENTED_EDGE('',*,*,#2453,.T.);
#3448=ORIENTED_EDGE('',*,*,#2454,.F.);
#3449=ORIENTED_EDGE('',*,*,#2428,.F.);
#3450=ORIENTED_EDGE('',*,*,#2452,.T.);
#3451=ORIENTED_EDGE('',*,*,#2455,.F.);
#3452=ORIENTED_EDGE('',*,*,#2456,.F.);
#3453=ORIENTED_EDGE('',*,*,#2429,.F.);
#3454=ORIENTED_EDGE('',*,*,#2456,.T.);
#3455=ORIENTED_EDGE('',*,*,#2457,.F.);
#3456=ORIENTED_EDGE('',*,*,#2458,.F.);
#3457=ORIENTED_EDGE('',*,*,#2430,.F.);
#3458=ORIENTED_EDGE('',*,*,#2458,.T.);
#3459=ORIENTED_EDGE('',*,*,#2459,.F.);
#3460=ORIENTED_EDGE('',*,*,#2453,.F.);
#3461=ORIENTED_EDGE('',*,*,#2413,.T.);
#3462=ORIENTED_EDGE('',*,*,#2454,.T.);
#3463=ORIENTED_EDGE('',*,*,#2459,.T.);
#3464=ORIENTED_EDGE('',*,*,#2457,.T.);
#3465=ORIENTED_EDGE('',*,*,#2455,.T.);
#3466=ORIENTED_EDGE('',*,*,#2451,.T.);
#3467=ORIENTED_EDGE('',*,*,#2432,.T.);
#3468=ORIENTED_EDGE('',*,*,#2346,.T.);
#3469=ORIENTED_EDGE('',*,*,#2414,.T.);
#3470=ORIENTED_EDGE('',*,*,#2350,.T.);
#3471=ORIENTED_EDGE('',*,*,#2233,.T.);
#3472=ORIENTED_EDGE('',*,*,#2268,.F.);
#3473=ORIENTED_EDGE('',*,*,#2239,.T.);
#3474=ORIENTED_EDGE('',*,*,#2261,.T.);
#3475=ORIENTED_EDGE('',*,*,#2241,.T.);
#3476=ORIENTED_EDGE('',*,*,#2267,.F.);
#3477=ORIENTED_EDGE('',*,*,#2460,.F.);
#3478=ORIENTED_EDGE('',*,*,#2419,.F.);
#3479=ORIENTED_EDGE('',*,*,#2441,.T.);
#3480=ORIENTED_EDGE('',*,*,#2269,.F.);
#3481=ORIENTED_EDGE('',*,*,#2231,.T.);
#3482=ORIENTED_EDGE('',*,*,#2256,.T.);
#3483=ORIENTED_EDGE('',*,*,#2420,.F.);
#3484=ORIENTED_EDGE('',*,*,#2460,.T.);
#3485=ORIENTED_EDGE('',*,*,#2266,.F.);
#3486=ORIENTED_EDGE('',*,*,#2250,.F.);
#3487=ORIENTED_EDGE('',*,*,#2424,.F.);
#3488=ORIENTED_EDGE('',*,*,#2447,.T.);
#3489=ORIENTED_EDGE('',*,*,#2450,.F.);
#3490=ORIENTED_EDGE('',*,*,#2448,.F.);
#3491=(
BOUNDED_SURFACE()
B_SPLINE_SURFACE(5,1,((#4849,#4850),(#4851,#4852),(#4853,#4854),(#4855,
#4856),(#4857,#4858),(#4859,#4860),(#4861,#4862),(#4863,#4864),(#4865,#4866),
(#4867,#4868),(#4869,#4870),(#4871,#4872),(#4873,#4874),(#4875,#4876),(#4877,
#4878)),.UNSPECIFIED.,.F.,.F.,.F.)
B_SPLINE_SURFACE_WITH_KNOTS((6,1,1,1,1,1,1,1,1,1,6),(2,2),(0.,0.1,0.2,0.3,
0.4,0.5,0.6,0.7,0.8,0.9,1.),(0.,0.7),.UNSPECIFIED.)
GEOMETRIC_REPRESENTATION_ITEM()
RATIONAL_B_SPLINE_SURFACE(((1.,1.),(1.,1.),(1.,1.),(1.,1.),(1.,1.),(1.,
1.),(1.,1.),(1.,1.),(1.,1.),(1.,1.),(1.,1.),(1.,1.),(1.,1.),(1.,1.),(1.,
1.)))
REPRESENTATION_ITEM('')
SURFACE()
);
#3492=(
BOUNDED_SURFACE()
B_SPLINE_SURFACE(5,1,((#5211,#5212),(#5213,#5214),(#5215,#5216),(#5217,
#5218),(#5219,#5220),(#5221,#5222),(#5223,#5224),(#5225,#5226),(#5227,#5228),
(#5229,#5230),(#5231,#5232),(#5233,#5234),(#5235,#5236),(#5237,#5238),(#5239,
#5240)),.UNSPECIFIED.,.F.,.F.,.F.)
B_SPLINE_SURFACE_WITH_KNOTS((6,1,1,1,1,1,1,1,1,1,6),(2,2),(-1.,-0.9,-0.8,
-0.7,-0.6,-0.5,-0.4,-0.3,-0.2,-0.1,0.),(0.,0.7),.UNSPECIFIED.)
GEOMETRIC_REPRESENTATION_ITEM()
RATIONAL_B_SPLINE_SURFACE(((1.,1.),(1.,1.),(1.,1.),(1.,1.),(1.,1.),(1.,
1.),(1.,1.),(1.,1.),(1.,1.),(1.,1.),(1.,1.),(1.,1.),(1.,1.),(1.,1.),(1.,
1.)))
REPRESENTATION_ITEM('')
SURFACE()
);
#3493=(
BOUNDED_SURFACE()
B_SPLINE_SURFACE(5,1,((#5305,#5306),(#5307,#5308),(#5309,#5310),(#5311,
#5312),(#5313,#5314),(#5315,#5316),(#5317,#5318),(#5319,#5320),(#5321,#5322),
(#5323,#5324),(#5325,#5326),(#5327,#5328),(#5329,#5330),(#5331,#5332),(#5333,
#5334)),.UNSPECIFIED.,.F.,.F.,.F.)
B_SPLINE_SURFACE_WITH_KNOTS((6,1,1,1,1,1,1,1,1,1,6),(2,2),(0.,0.1,0.2,0.3,
0.4,0.5,0.6,0.7,0.8,0.9,1.),(0.,0.7),.UNSPECIFIED.)
GEOMETRIC_REPRESENTATION_ITEM()
RATIONAL_B_SPLINE_SURFACE(((1.,1.),(1.,1.),(1.,1.),(1.,1.),(1.,1.),(1.,
1.),(1.,1.),(1.,1.),(1.,1.),(1.,1.),(1.,1.),(1.,1.),(1.,1.),(1.,1.),(1.,
1.)))
REPRESENTATION_ITEM('')
SURFACE()
);
#3494=(
BOUNDED_SURFACE()
B_SPLINE_SURFACE(5,1,((#5399,#5400),(#5401,#5402),(#5403,#5404),(#5405,
#5406),(#5407,#5408),(#5409,#5410),(#5411,#5412),(#5413,#5414),(#5415,#5416),
(#5417,#5418),(#5419,#5420),(#5421,#5422),(#5423,#5424),(#5425,#5426),(#5427,
#5428)),.UNSPECIFIED.,.F.,.F.,.F.)
B_SPLINE_SURFACE_WITH_KNOTS((6,1,1,1,1,1,1,1,1,1,6),(2,2),(0.,0.1,0.2,0.3,
0.4,0.5,0.6,0.7,0.8,0.9,1.),(0.,0.7),.UNSPECIFIED.)
GEOMETRIC_REPRESENTATION_ITEM()
RATIONAL_B_SPLINE_SURFACE(((1.,1.),(1.,1.),(1.,1.),(1.,1.),(1.,1.),(1.,
1.),(1.,1.),(1.,1.),(1.,1.),(1.,1.),(1.,1.),(1.,1.),(1.,1.),(1.,1.),(1.,
1.)))
REPRESENTATION_ITEM('')
SURFACE()
);
#3495=ADVANCED_FACE('',(#274),#3491,.T.);
#3496=ADVANCED_FACE('',(#275),#251,.F.);
#3497=ADVANCED_FACE('',(#276,#19),#45,.T.);
#3498=ADVANCED_FACE('',(#277),#252,.F.);
#3499=ADVANCED_FACE('',(#278,#20),#46,.T.);
#3500=ADVANCED_FACE('',(#279),#253,.F.);
#3501=ADVANCED_FACE('',(#280,#21),#47,.T.);
#3502=ADVANCED_FACE('',(#281),#254,.F.);
#3503=ADVANCED_FACE('',(#282,#22),#48,.T.);
#3504=ADVANCED_FACE('',(#283),#255,.F.);
#3505=ADVANCED_FACE('',(#284),#256,.F.);
#3506=ADVANCED_FACE('',(#285),#257,.F.);
#3507=ADVANCED_FACE('',(#286),#258,.F.);
#3508=ADVANCED_FACE('',(#287,#23,#24),#49,.T.);
#3509=ADVANCED_FACE('',(#288,#25,#26),#50,.T.);
#3510=ADVANCED_FACE('',(#289),#51,.T.);
#3511=ADVANCED_FACE('',(#290),#52,.T.);
#3512=ADVANCED_FACE('',(#291),#259,.F.);
#3513=ADVANCED_FACE('',(#292),#53,.T.);
#3514=ADVANCED_FACE('',(#293),#54,.T.);
#3515=ADVANCED_FACE('',(#294),#55,.F.);
#3516=ADVANCED_FACE('',(#295),#56,.T.);
#3517=ADVANCED_FACE('',(#296),#260,.F.);
#3518=ADVANCED_FACE('',(#297),#57,.F.);
#3519=ADVANCED_FACE('',(#298),#3492,.T.);
#3520=ADVANCED_FACE('',(#299),#58,.T.);
#3521=ADVANCED_FACE('',(#300),#59,.T.);
#3522=ADVANCED_FACE('',(#301),#60,.T.);
#3523=ADVANCED_FACE('',(#302),#61,.T.);
#3524=ADVANCED_FACE('',(#303),#62,.T.);
#3525=ADVANCED_FACE('',(#304),#3493,.T.);
#3526=ADVANCED_FACE('',(#305),#63,.F.);
#3527=ADVANCED_FACE('',(#306),#64,.T.);
#3528=ADVANCED_FACE('',(#307),#65,.T.);
#3529=ADVANCED_FACE('',(#308),#66,.T.);
#3530=ADVANCED_FACE('',(#309),#67,.T.);
#3531=ADVANCED_FACE('',(#310),#68,.T.);
#3532=ADVANCED_FACE('',(#311),#69,.T.);
#3533=ADVANCED_FACE('',(#312),#3494,.T.);
#3534=ADVANCED_FACE('',(#313),#70,.T.);
#3535=ADVANCED_FACE('',(#314),#71,.F.);
#3536=ADVANCED_FACE('',(#315),#72,.T.);
#3537=ADVANCED_FACE('',(#316),#73,.F.);
#3538=ADVANCED_FACE('',(#317,#27,#28,#29,#30),#74,.F.);
#3539=ADVANCED_FACE('',(#318),#75,.F.);
#3540=ADVANCED_FACE('',(#319),#76,.F.);
#3541=ADVANCED_FACE('',(#320),#77,.F.);
#3542=ADVANCED_FACE('',(#321),#78,.T.);
#3543=ADVANCED_FACE('',(#322),#79,.T.);
#3544=ADVANCED_FACE('',(#323),#80,.T.);
#3545=ADVANCED_FACE('',(#324),#81,.T.);
#3546=ADVANCED_FACE('',(#325),#82,.T.);
#3547=ADVANCED_FACE('',(#326),#83,.T.);
#3548=ADVANCED_FACE('',(#327,#31,#32,#33),#84,.T.);
#3549=ADVANCED_FACE('',(#328),#85,.T.);
#3550=ADVANCED_FACE('',(#329),#86,.T.);
#3551=ADVANCED_FACE('',(#330),#87,.T.);
#3552=ADVANCED_FACE('',(#331),#88,.T.);
#3553=ADVANCED_FACE('',(#332),#89,.T.);
#3554=ADVANCED_FACE('',(#333),#90,.T.);
#3555=ADVANCED_FACE('',(#334),#91,.T.);
#3556=ADVANCED_FACE('',(#335),#92,.F.);
#3557=ADVANCED_FACE('',(#336),#261,.T.);
#3558=ADVANCED_FACE('',(#337),#262,.T.);
#3559=ADVANCED_FACE('',(#338),#93,.T.);
#3560=ADVANCED_FACE('',(#339),#94,.F.);
#3561=ADVANCED_FACE('',(#340),#95,.F.);
#3562=ADVANCED_FACE('',(#341),#263,.F.);
#3563=ADVANCED_FACE('',(#342),#96,.T.);
#3564=ADVANCED_FACE('',(#343),#264,.F.);
#3565=ADVANCED_FACE('',(#344),#97,.T.);
#3566=ADVANCED_FACE('',(#345),#98,.T.);
#3567=ADVANCED_FACE('',(#346),#99,.T.);
#3568=ADVANCED_FACE('',(#347),#100,.T.);
#3569=ADVANCED_FACE('',(#348),#101,.T.);
#3570=ADVANCED_FACE('',(#349),#265,.T.);
#3571=ADVANCED_FACE('',(#350),#102,.T.);
#3572=ADVANCED_FACE('',(#351),#103,.T.);
#3573=ADVANCED_FACE('',(#352,#34),#104,.F.);
#3574=ADVANCED_FACE('',(#353),#105,.F.);
#3575=ADVANCED_FACE('',(#354),#106,.T.);
#3576=ADVANCED_FACE('',(#355),#107,.T.);
#3577=ADVANCED_FACE('',(#356),#108,.T.);
#3578=ADVANCED_FACE('',(#357),#109,.T.);
#3579=ADVANCED_FACE('',(#358),#110,.T.);
#3580=ADVANCED_FACE('',(#359),#111,.T.);
#3581=ADVANCED_FACE('',(#360),#112,.T.);
#3582=ADVANCED_FACE('',(#361),#113,.T.);
#3583=ADVANCED_FACE('',(#362),#114,.T.);
#3584=ADVANCED_FACE('',(#363),#115,.T.);
#3585=ADVANCED_FACE('',(#364),#116,.T.);
#3586=ADVANCED_FACE('',(#365),#117,.T.);
#3587=ADVANCED_FACE('',(#366),#118,.T.);
#3588=ADVANCED_FACE('',(#367),#119,.T.);
#3589=ADVANCED_FACE('',(#368),#120,.T.);
#3590=ADVANCED_FACE('',(#369),#121,.T.);
#3591=ADVANCED_FACE('',(#370),#122,.T.);
#3592=ADVANCED_FACE('',(#371),#123,.T.);
#3593=ADVANCED_FACE('',(#372),#124,.T.);
#3594=ADVANCED_FACE('',(#373),#125,.T.);
#3595=ADVANCED_FACE('',(#374),#126,.T.);
#3596=ADVANCED_FACE('',(#375),#127,.T.);
#3597=ADVANCED_FACE('',(#376),#128,.F.);
#3598=ADVANCED_FACE('',(#377),#129,.F.);
#3599=ADVANCED_FACE('',(#378),#130,.F.);
#3600=ADVANCED_FACE('',(#379),#131,.F.);
#3601=ADVANCED_FACE('',(#380),#132,.F.);
#3602=ADVANCED_FACE('',(#381),#133,.F.);
#3603=ADVANCED_FACE('',(#382),#134,.F.);
#3604=ADVANCED_FACE('',(#383),#135,.F.);
#3605=ADVANCED_FACE('',(#384),#136,.T.);
#3606=ADVANCED_FACE('',(#385),#266,.F.);
#3607=ADVANCED_FACE('',(#386),#267,.F.);
#3608=ADVANCED_FACE('',(#387,#35),#137,.T.);
#3609=ADVANCED_FACE('',(#388),#268,.F.);
#3610=ADVANCED_FACE('',(#389,#36),#138,.T.);
#3611=ADVANCED_FACE('',(#390,#37),#139,.T.);
#3612=ADVANCED_FACE('',(#391),#269,.F.);
#3613=ADVANCED_FACE('',(#392,#38),#140,.T.);
#3614=ADVANCED_FACE('',(#393,#39),#141,.T.);
#3615=ADVANCED_FACE('',(#394),#142,.F.);
#3616=ADVANCED_FACE('',(#395),#143,.F.);
#3617=ADVANCED_FACE('',(#396),#144,.F.);
#3618=ADVANCED_FACE('',(#397),#145,.F.);
#3619=ADVANCED_FACE('',(#398),#146,.F.);
#3620=ADVANCED_FACE('',(#399),#147,.F.);
#3621=ADVANCED_FACE('',(#400),#148,.F.);
#3622=ADVANCED_FACE('',(#401),#149,.F.);
#3623=ADVANCED_FACE('',(#402),#150,.F.);
#3624=ADVANCED_FACE('',(#403),#151,.F.);
#3625=ADVANCED_FACE('',(#404),#152,.F.);
#3626=ADVANCED_FACE('',(#405),#153,.F.);
#3627=ADVANCED_FACE('',(#406),#154,.F.);
#3628=ADVANCED_FACE('',(#407),#155,.F.);
#3629=ADVANCED_FACE('',(#408),#156,.F.);
#3630=ADVANCED_FACE('',(#409),#157,.F.);
#3631=ADVANCED_FACE('',(#410),#158,.F.);
#3632=ADVANCED_FACE('',(#411),#159,.F.);
#3633=ADVANCED_FACE('',(#412),#160,.F.);
#3634=ADVANCED_FACE('',(#413),#161,.F.);
#3635=ADVANCED_FACE('',(#414),#162,.F.);
#3636=ADVANCED_FACE('',(#415),#163,.F.);
#3637=ADVANCED_FACE('',(#416),#164,.F.);
#3638=ADVANCED_FACE('',(#417),#165,.F.);
#3639=ADVANCED_FACE('',(#418),#166,.F.);
#3640=ADVANCED_FACE('',(#419),#167,.F.);
#3641=ADVANCED_FACE('',(#420),#168,.F.);
#3642=ADVANCED_FACE('',(#421),#169,.F.);
#3643=ADVANCED_FACE('',(#422),#170,.F.);
#3644=ADVANCED_FACE('',(#423),#171,.F.);
#3645=ADVANCED_FACE('',(#424),#172,.F.);
#3646=ADVANCED_FACE('',(#425),#173,.F.);
#3647=ADVANCED_FACE('',(#426),#174,.F.);
#3648=ADVANCED_FACE('',(#427),#175,.F.);
#3649=ADVANCED_FACE('',(#428),#176,.F.);
#3650=ADVANCED_FACE('',(#429),#177,.F.);
#3651=ADVANCED_FACE('',(#430),#178,.F.);
#3652=ADVANCED_FACE('',(#431),#270,.F.);
#3653=ADVANCED_FACE('',(#432),#271,.F.);
#3654=ADVANCED_FACE('',(#433),#272,.F.);
#3655=ADVANCED_FACE('',(#434),#273,.F.);
#3656=ADVANCED_FACE('',(#435),#179,.F.);
#3657=ADVANCED_FACE('',(#436),#180,.F.);
#3658=ADVANCED_FACE('',(#437),#181,.F.);
#3659=ADVANCED_FACE('',(#438),#182,.F.);
#3660=ADVANCED_FACE('',(#439),#183,.F.);
#3661=ADVANCED_FACE('',(#440),#184,.F.);
#3662=ADVANCED_FACE('',(#441),#185,.F.);
#3663=ADVANCED_FACE('',(#442,#40,#41,#42,#43,#44),#186,.F.);
#3664=ADVANCED_FACE('',(#443),#187,.T.);
#3665=ADVANCED_FACE('',(#444),#188,.T.);
#3666=ADVANCED_FACE('',(#445),#189,.F.);
#3667=ADVANCED_FACE('',(#446),#190,.T.);
#3668=ADVANCED_FACE('',(#447),#191,.T.);
#3669=ADVANCED_FACE('',(#448),#192,.T.);
#3670=ADVANCED_FACE('',(#449),#193,.T.);
#3671=ADVANCED_FACE('',(#450),#194,.T.);
#3672=ADVANCED_FACE('',(#451),#195,.T.);
#3673=ADVANCED_FACE('',(#452),#196,.T.);
#3674=ADVANCED_FACE('',(#453),#197,.T.);
#3675=ADVANCED_FACE('',(#454),#198,.T.);
#3676=ADVANCED_FACE('',(#455),#199,.T.);
#3677=ADVANCED_FACE('',(#456),#200,.T.);
#3678=ADVANCED_FACE('',(#457),#201,.T.);
#3679=ADVANCED_FACE('',(#458),#202,.T.);
#3680=ADVANCED_FACE('',(#459),#203,.T.);
#3681=ADVANCED_FACE('',(#460),#204,.T.);
#3682=CLOSED_SHELL('',(#3495,#3496,#3497,#3498,#3499,#3500,#3501,#3502,
#3503,#3504,#3505,#3506,#3507,#3508,#3509,#3510,#3511,#3512,#3513,#3514,
#3515,#3516,#3517,#3518,#3519,#3520,#3521,#3522,#3523,#3524,#3525,#3526,
#3527,#3528,#3529,#3530,#3531,#3532,#3533,#3534,#3535,#3536,#3537,#3538,
#3539,#3540,#3541,#3542,#3543,#3544,#3545,#3546,#3547,#3548,#3549,#3550,
#3551,#3552,#3553,#3554,#3555,#3556,#3557,#3558,#3559,#3560,#3561,#3562,
#3563,#3564,#3565,#3566,#3567,#3568,#3569,#3570,#3571));
#3683=CLOSED_SHELL('',(#3572,#3573,#3574,#3575,#3576,#3577,#3578,#3579,
#3580,#3581,#3582,#3583,#3584,#3585,#3586,#3587,#3588,#3589,#3590,#3591,
#3592,#3593,#3594,#3595,#3596));
#3684=CLOSED_SHELL('',(#3597,#3598,#3599,#3600,#3601,#3602,#3603,#3604,
#3605,#3606,#3607,#3608,#3609,#3610,#3611,#3612,#3613,#3614,#3615,#3616,
#3617,#3618,#3619,#3620,#3621,#3622,#3623,#3624,#3625,#3626,#3627,#3628,
#3629,#3630,#3631,#3632,#3633,#3634,#3635,#3636,#3637,#3638,#3639,#3640,
#3641,#3642,#3643,#3644,#3645,#3646,#3647,#3648,#3649,#3650,#3651,#3652,
#3653,#3654,#3655,#3656,#3657,#3658,#3659,#3660,#3661,#3662,#3663,#3664,
#3665,#3666,#3667,#3668,#3669,#3670,#3671,#3672,#3673,#3674,#3675,#3676,
#3677,#3678,#3679,#3680,#3681));
#3685=DERIVED_UNIT_ELEMENT(#3687,1.);
#3686=DERIVED_UNIT_ELEMENT(#6211,-3.);
#3687=(
MASS_UNIT()
NAMED_UNIT(*)
SI_UNIT(.KILO.,.GRAM.)
);
#3688=DERIVED_UNIT((#3685,#3686));
#3689=MEASURE_REPRESENTATION_ITEM('density measure',
POSITIVE_RATIO_MEASURE(7850.),#3688);
#3690=PROPERTY_DEFINITION_REPRESENTATION(#3695,#3692);
#3691=PROPERTY_DEFINITION_REPRESENTATION(#3696,#3693);
#3692=REPRESENTATION('material name',(#3694),#6208);
#3693=REPRESENTATION('density',(#3689),#6208);
#3694=DESCRIPTIVE_REPRESENTATION_ITEM('Steel','Steel');
#3695=PROPERTY_DEFINITION('material property','material name',#6218);
#3696=PROPERTY_DEFINITION('material property','density of part',#6218);
#3697=AXIS2_PLACEMENT_3D('',#4848,#3927,#3928);
#3698=AXIS2_PLACEMENT_3D('',#4936,#3932,#3933);
#3699=AXIS2_PLACEMENT_3D('',#4938,#3934,#3935);
#3700=AXIS2_PLACEMENT_3D('',#4941,#3937,#3938);
#3701=AXIS2_PLACEMENT_3D('',#4942,#3939,#3940);
#3702=AXIS2_PLACEMENT_3D('',#4944,#3941,#3942);
#3703=AXIS2_PLACEMENT_3D('',#4945,#3943,#3944);
#3704=AXIS2_PLACEMENT_3D('',#4947,#3945,#3946);
#3705=AXIS2_PLACEMENT_3D('',#4950,#3948,#3949);
#3706=AXIS2_PLACEMENT_3D('',#4951,#3950,#3951);
#3707=AXIS2_PLACEMENT_3D('',#4953,#3952,#3953);
#3708=AXIS2_PLACEMENT_3D('',#4954,#3954,#3955);
#3709=AXIS2_PLACEMENT_3D('',#4956,#3956,#3957);
#3710=AXIS2_PLACEMENT_3D('',#4959,#3959,#3960);
#3711=AXIS2_PLACEMENT_3D('',#4960,#3961,#3962);
#3712=AXIS2_PLACEMENT_3D('',#4962,#3963,#3964);
#3713=AXIS2_PLACEMENT_3D('',#4963,#3965,#3966);
#3714=AXIS2_PLACEMENT_3D('',#4965,#3967,#3968);
#3715=AXIS2_PLACEMENT_3D('',#4968,#3970,#3971);
#3716=AXIS2_PLACEMENT_3D('',#4969,#3972,#3973);
#3717=AXIS2_PLACEMENT_3D('',#4971,#3974,#3975);
#3718=AXIS2_PLACEMENT_3D('',#4972,#3976,#3977);
#3719=AXIS2_PLACEMENT_3D('',#4974,#3978,#3979);
#3720=AXIS2_PLACEMENT_3D('',#4976,#3981,#3982);
#3721=AXIS2_PLACEMENT_3D('',#4978,#3983,#3984);
#3722=AXIS2_PLACEMENT_3D('',#4980,#3986,#3987);
#3723=AXIS2_PLACEMENT_3D('',#4982,#3988,#3989);
#3724=AXIS2_PLACEMENT_3D('',#4984,#3991,#3992);
#3725=AXIS2_PLACEMENT_3D('',#4986,#3993,#3994);
#3726=AXIS2_PLACEMENT_3D('',#4988,#3996,#3997);
#3727=AXIS2_PLACEMENT_3D('',#4998,#4002,#4003);
#3728=AXIS2_PLACEMENT_3D('',#5002,#4006,#4007);
#3729=AXIS2_PLACEMENT_3D('',#5051,#4012,#4013);
#3730=AXIS2_PLACEMENT_3D('',#5055,#4016,#4017);
#3731=AXIS2_PLACEMENT_3D('',#5064,#4021,#4022);
#3732=AXIS2_PLACEMENT_3D('',#5108,#4026,#4027);
#3733=AXIS2_PLACEMENT_3D('',#5159,#4033,#4034);
#3734=AXIS2_PLACEMENT_3D('',#5163,#4037,#4038);
#3735=AXIS2_PLACEMENT_3D('',#5167,#4040,#4041);
#3736=AXIS2_PLACEMENT_3D('',#5169,#4043,#4044);
#3737=AXIS2_PLACEMENT_3D('',#5181,#4051,#4052);
#3738=AXIS2_PLACEMENT_3D('',#5183,#4054,#4055);
#3739=AXIS2_PLACEMENT_3D('',#5189,#4059,#4060);
#3740=AXIS2_PLACEMENT_3D('',#5201,#4067,#4068);
#3741=AXIS2_PLACEMENT_3D('',#5204,#4070,#4071);
#3742=AXIS2_PLACEMENT_3D('',#5205,#4072,#4073);
#3743=AXIS2_PLACEMENT_3D('',#5260,#4079,#4080);
#3744=AXIS2_PLACEMENT_3D('',#5270,#4086,#4087);
#3745=AXIS2_PLACEMENT_3D('',#5289,#4098,#4099);
#3746=AXIS2_PLACEMENT_3D('',#5293,#4102,#4103);
#3747=AXIS2_PLACEMENT_3D('',#5299,#4107,#4108);
#3748=AXIS2_PLACEMENT_3D('',#5352,#4113,#4114);
#3749=AXIS2_PLACEMENT_3D('',#5365,#4122,#4123);
#3750=AXIS2_PLACEMENT_3D('',#5368,#4126,#4127);
#3751=AXIS2_PLACEMENT_3D('',#5369,#4128,#4129);
#3752=AXIS2_PLACEMENT_3D('',#5375,#4132,#4133);
#3753=AXIS2_PLACEMENT_3D('',#5389,#4141,#4142);
#3754=AXIS2_PLACEMENT_3D('',#5393,#4145,#4146);
#3755=AXIS2_PLACEMENT_3D('',#5397,#4149,#4150);
#3756=AXIS2_PLACEMENT_3D('',#5448,#4154,#4155);
#3757=AXIS2_PLACEMENT_3D('',#5452,#4158,#4159);
#3758=AXIS2_PLACEMENT_3D('',#5455,#4162,#4163);
#3759=AXIS2_PLACEMENT_3D('',#5459,#4166,#4167);
#3760=AXIS2_PLACEMENT_3D('',#5464,#4171,#4172);
#3761=AXIS2_PLACEMENT_3D('',#5466,#4174,#4175);
#3762=AXIS2_PLACEMENT_3D('',#5470,#4178,#4179);
#3763=AXIS2_PLACEMENT_3D('',#5476,#4183,#4184);
#3764=AXIS2_PLACEMENT_3D('',#5479,#4187,#4188);
#3765=AXIS2_PLACEMENT_3D('',#5483,#4191,#4192);
#3766=AXIS2_PLACEMENT_3D('',#5485,#4194,#4195);
#3767=AXIS2_PLACEMENT_3D('',#5491,#4199,#4200);
#3768=AXIS2_PLACEMENT_3D('',#5497,#4204,#4205);
#3769=AXIS2_PLACEMENT_3D('',#5500,#4208,#4209);
#3770=AXIS2_PLACEMENT_3D('',#5501,#4210,#4211);
#3771=AXIS2_PLACEMENT_3D('',#5519,#4222,#4223);
#3772=AXIS2_PLACEMENT_3D('',#5521,#4224,#4225);
#3773=AXIS2_PLACEMENT_3D('',#5523,#4226,#4227);
#3774=AXIS2_PLACEMENT_3D('',#5524,#4228,#4229);
#3775=AXIS2_PLACEMENT_3D('',#5526,#4231,#4232);
#3776=AXIS2_PLACEMENT_3D('',#5528,#4234,#4235);
#3777=AXIS2_PLACEMENT_3D('',#5529,#4236,#4237);
#3778=AXIS2_PLACEMENT_3D('',#5535,#4241,#4242);
#3779=AXIS2_PLACEMENT_3D('',#5537,#4244,#4245);
#3780=AXIS2_PLACEMENT_3D('',#5539,#4247,#4248);
#3781=AXIS2_PLACEMENT_3D('',#5540,#4249,#4250);
#3782=AXIS2_PLACEMENT_3D('',#5542,#4252,#4253);
#3783=AXIS2_PLACEMENT_3D('',#5544,#4254,#4255);
#3784=AXIS2_PLACEMENT_3D('',#5546,#4257,#4258);
#3785=AXIS2_PLACEMENT_3D('',#5548,#4259,#4260);
#3786=AXIS2_PLACEMENT_3D('',#5550,#4262,#4263);
#3787=AXIS2_PLACEMENT_3D('',#5551,#4264,#4265);
#3788=AXIS2_PLACEMENT_3D('',#5553,#4267,#4268);
#3789=AXIS2_PLACEMENT_3D('',#5554,#4269,#4270);
#3790=AXIS2_PLACEMENT_3D('',#5556,#4272,#4273);
#3791=AXIS2_PLACEMENT_3D('',#5557,#4274,#4275);
#3792=AXIS2_PLACEMENT_3D('',#5558,#4276,#4277);
#3793=AXIS2_PLACEMENT_3D('',#5559,#4278,#4279);
#3794=AXIS2_PLACEMENT_3D('',#5560,#4280,#4281);
#3795=AXIS2_PLACEMENT_3D('',#5561,#4282,#4283);
#3796=AXIS2_PLACEMENT_3D('',#5565,#4286,#4287);
#3797=AXIS2_PLACEMENT_3D('',#5567,#4289,#4290);
#3798=AXIS2_PLACEMENT_3D('',#5568,#4291,#4292);
#3799=AXIS2_PLACEMENT_3D('',#5570,#4293,#4294);
#3800=AXIS2_PLACEMENT_3D('',#5572,#4296,#4297);
#3801=AXIS2_PLACEMENT_3D('',#5573,#4298,#4299);
#3802=AXIS2_PLACEMENT_3D('',#5582,#4304,#4305);
#3803=AXIS2_PLACEMENT_3D('',#5616,#4323,#4324);
#3804=AXIS2_PLACEMENT_3D('',#5622,#4328,#4329);
#3805=AXIS2_PLACEMENT_3D('',#5629,#4334,#4335);
#3806=AXIS2_PLACEMENT_3D('',#5631,#4337,#4338);
#3807=AXIS2_PLACEMENT_3D('',#5637,#4342,#4343);
#3808=AXIS2_PLACEMENT_3D('',#5641,#4346,#4347);
#3809=AXIS2_PLACEMENT_3D('',#5645,#4350,#4351);
#3810=AXIS2_PLACEMENT_3D('',#5647,#4353,#4354);
#3811=AXIS2_PLACEMENT_3D('',#5648,#4355,#4356);
#3812=AXIS2_PLACEMENT_3D('',#5654,#4360,#4361);
#3813=AXIS2_PLACEMENT_3D('',#5663,#4366,#4367);
#3814=AXIS2_PLACEMENT_3D('',#5669,#4371,#4372);
#3815=AXIS2_PLACEMENT_3D('',#5673,#4375,#4376);
#3816=AXIS2_PLACEMENT_3D('',#5677,#4379,#4380);
#3817=AXIS2_PLACEMENT_3D('',#5679,#4382,#4383);
#3818=AXIS2_PLACEMENT_3D('',#5684,#4387,#4388);
#3819=AXIS2_PLACEMENT_3D('',#5690,#4392,#4393);
#3820=AXIS2_PLACEMENT_3D('',#5692,#4395,#4396);
#3821=AXIS2_PLACEMENT_3D('',#5694,#4398,#4399);
#3822=AXIS2_PLACEMENT_3D('',#5695,#4400,#4401);
#3823=AXIS2_PLACEMENT_3D('',#5699,#4404,#4405);
#3824=AXIS2_PLACEMENT_3D('',#5703,#4408,#4409);
#3825=AXIS2_PLACEMENT_3D('',#5705,#4411,#4412);
#3826=AXIS2_PLACEMENT_3D('',#5706,#4413,#4414);
#3827=AXIS2_PLACEMENT_3D('',#5715,#4419,#4420);
#3828=AXIS2_PLACEMENT_3D('',#5724,#4425,#4426);
#3829=AXIS2_PLACEMENT_3D('',#5733,#4431,#4432);
#3830=AXIS2_PLACEMENT_3D('',#5742,#4437,#4438);
#3831=AXIS2_PLACEMENT_3D('',#5751,#4443,#4444);
#3832=AXIS2_PLACEMENT_3D('',#5760,#4449,#4450);
#3833=AXIS2_PLACEMENT_3D('',#5769,#4455,#4456);
#3834=AXIS2_PLACEMENT_3D('',#5778,#4461,#4462);
#3835=AXIS2_PLACEMENT_3D('',#5791,#4471,#4472);
#3836=AXIS2_PLACEMENT_3D('',#5792,#4473,#4474);
#3837=AXIS2_PLACEMENT_3D('',#5793,#4475,#4476);
#3838=AXIS2_PLACEMENT_3D('',#5794,#4477,#4478);
#3839=AXIS2_PLACEMENT_3D('',#5795,#4479,#4480);
#3840=AXIS2_PLACEMENT_3D('',#5796,#4481,#4482);
#3841=AXIS2_PLACEMENT_3D('',#5797,#4483,#4484);
#3842=AXIS2_PLACEMENT_3D('',#5800,#4486,#4487);
#3843=AXIS2_PLACEMENT_3D('',#5801,#4488,#4489);
#3844=AXIS2_PLACEMENT_3D('',#5802,#4490,#4491);
#3845=AXIS2_PLACEMENT_3D('',#5803,#4492,#4493);
#3846=AXIS2_PLACEMENT_3D('',#5804,#4494,#4495);
#3847=AXIS2_PLACEMENT_3D('',#5806,#4496,#4497);
#3848=AXIS2_PLACEMENT_3D('',#5807,#4498,#4499);
#3849=AXIS2_PLACEMENT_3D('',#5810,#4501,#4502);
#3850=AXIS2_PLACEMENT_3D('',#5811,#4503,#4504);
#3851=AXIS2_PLACEMENT_3D('',#5812,#4505,#4506);
#3852=AXIS2_PLACEMENT_3D('',#5813,#4507,#4508);
#3853=AXIS2_PLACEMENT_3D('',#5814,#4509,#4510);
#3854=AXIS2_PLACEMENT_3D('',#5816,#4511,#4512);
#3855=AXIS2_PLACEMENT_3D('',#5817,#4513,#4514);
#3856=AXIS2_PLACEMENT_3D('',#5913,#4564,#4565);
#3857=AXIS2_PLACEMENT_3D('',#5919,#4569,#4570);
#3858=AXIS2_PLACEMENT_3D('',#5925,#4574,#4575);
#3859=AXIS2_PLACEMENT_3D('',#5931,#4579,#4580);
#3860=AXIS2_PLACEMENT_3D('',#5937,#4584,#4585);
#3861=AXIS2_PLACEMENT_3D('',#5943,#4589,#4590);
#3862=AXIS2_PLACEMENT_3D('',#5949,#4594,#4595);
#3863=AXIS2_PLACEMENT_3D('',#5955,#4599,#4600);
#3864=AXIS2_PLACEMENT_3D('',#5961,#4604,#4605);
#3865=AXIS2_PLACEMENT_3D('',#5967,#4609,#4610);
#3866=AXIS2_PLACEMENT_3D('',#5973,#4614,#4615);
#3867=AXIS2_PLACEMENT_3D('',#5983,#4621,#4622);
#3868=AXIS2_PLACEMENT_3D('',#5989,#4626,#4627);
#3869=AXIS2_PLACEMENT_3D('',#5995,#4631,#4632);
#3870=AXIS2_PLACEMENT_3D('',#6001,#4636,#4637);
#3871=AXIS2_PLACEMENT_3D('',#6003,#4639,#4640);
#3872=AXIS2_PLACEMENT_3D('',#6005,#4642,#4643);
#3873=AXIS2_PLACEMENT_3D('',#6007,#4645,#4646);
#3874=AXIS2_PLACEMENT_3D('',#6013,#4650,#4651);
#3875=AXIS2_PLACEMENT_3D('',#6019,#4655,#4656);
#3876=AXIS2_PLACEMENT_3D('',#6021,#4658,#4659);
#3877=AXIS2_PLACEMENT_3D('',#6023,#4661,#4662);
#3878=AXIS2_PLACEMENT_3D('',#6025,#4664,#4665);
#3879=AXIS2_PLACEMENT_3D('',#6031,#4669,#4670);
#3880=AXIS2_PLACEMENT_3D('',#6037,#4674,#4675);
#3881=AXIS2_PLACEMENT_3D('',#6039,#4677,#4678);
#3882=AXIS2_PLACEMENT_3D('',#6041,#4680,#4681);
#3883=AXIS2_PLACEMENT_3D('',#6043,#4683,#4684);
#3884=AXIS2_PLACEMENT_3D('',#6049,#4688,#4689);
#3885=AXIS2_PLACEMENT_3D('',#6055,#4693,#4694);
#3886=AXIS2_PLACEMENT_3D('',#6057,#4696,#4697);
#3887=AXIS2_PLACEMENT_3D('',#6059,#4699,#4700);
#3888=AXIS2_PLACEMENT_3D('',#6061,#4702,#4703);
#3889=AXIS2_PLACEMENT_3D('',#6067,#4707,#4708);
#3890=AXIS2_PLACEMENT_3D('',#6073,#4712,#4713);
#3891=AXIS2_PLACEMENT_3D('',#6075,#4715,#4716);
#3892=AXIS2_PLACEMENT_3D('',#6077,#4718,#4719);
#3893=AXIS2_PLACEMENT_3D('',#6079,#4721,#4722);
#3894=AXIS2_PLACEMENT_3D('',#6081,#4723,#4724);
#3895=AXIS2_PLACEMENT_3D('',#6083,#4726,#4727);
#3896=AXIS2_PLACEMENT_3D('',#6085,#4728,#4729);
#3897=AXIS2_PLACEMENT_3D('',#6087,#4731,#4732);
#3898=AXIS2_PLACEMENT_3D('',#6089,#4733,#4734);
#3899=AXIS2_PLACEMENT_3D('',#6091,#4736,#4737);
#3900=AXIS2_PLACEMENT_3D('',#6093,#4738,#4739);
#3901=AXIS2_PLACEMENT_3D('',#6095,#4741,#4742);
#3902=AXIS2_PLACEMENT_3D('',#6106,#4751,#4752);
#3903=AXIS2_PLACEMENT_3D('',#6107,#4753,#4754);
#3904=AXIS2_PLACEMENT_3D('',#6108,#4755,#4756);
#3905=AXIS2_PLACEMENT_3D('',#6109,#4757,#4758);
#3906=AXIS2_PLACEMENT_3D('',#6110,#4759,#4760);
#3907=AXIS2_PLACEMENT_3D('',#6111,#4761,#4762);
#3908=AXIS2_PLACEMENT_3D('',#6113,#4764,#4765);
#3909=AXIS2_PLACEMENT_3D('',#6146,#4783,#4784);
#3910=AXIS2_PLACEMENT_3D('',#6150,#4787,#4788);
#3911=AXIS2_PLACEMENT_3D('',#6156,#4792,#4793);
#3912=AXIS2_PLACEMENT_3D('',#6162,#4797,#4798);
#3913=AXIS2_PLACEMENT_3D('',#6165,#4801,#4802);
#3914=AXIS2_PLACEMENT_3D('',#6167,#4804,#4805);
#3915=AXIS2_PLACEMENT_3D('',#6173,#4809,#4810);
#3916=AXIS2_PLACEMENT_3D('',#6177,#4813,#4814);
#3917=AXIS2_PLACEMENT_3D('',#6181,#4817,#4818);
#3918=AXIS2_PLACEMENT_3D('',#6183,#4820,#4821);
#3919=AXIS2_PLACEMENT_3D('',#6184,#4822,#4823);
#3920=AXIS2_PLACEMENT_3D('',#6188,#4826,#4827);
#3921=AXIS2_PLACEMENT_3D('',#6192,#4830,#4831);
#3922=AXIS2_PLACEMENT_3D('',#6196,#4834,#4835);
#3923=AXIS2_PLACEMENT_3D('',#6200,#4838,#4839);
#3924=AXIS2_PLACEMENT_3D('',#6202,#4841,#4842);
#3925=AXIS2_PLACEMENT_3D('',#6203,#4843,#4844);
#3926=AXIS2_PLACEMENT_3D('',#6205,#4846,#4847);
#3927=DIRECTION('axis',(0.,0.,1.));
#3928=DIRECTION('refdir',(1.,0.,0.));
#3929=DIRECTION('',(0.,0.,-1.));
#3930=DIRECTION('',(0.,0.,-1.));
#3931=DIRECTION('',(0.,0.,1.));
#3932=DIRECTION('center_axis',(0.,0.,1.));
#3933=DIRECTION('ref_axis',(1.,0.,0.));
#3934=DIRECTION('center_axis',(0.,0.,1.));
#3935=DIRECTION('ref_axis',(1.,0.,0.));
#3936=DIRECTION('',(0.,0.,1.));
#3937=DIRECTION('center_axis',(0.,0.,1.));
#3938=DIRECTION('ref_axis',(1.,0.,0.));
#3939=DIRECTION('center_axis',(0.,0.,-1.));
#3940=DIRECTION('ref_axis',(1.,0.,0.));
#3941=DIRECTION('center_axis',(0.,0.,-1.));
#3942=DIRECTION('ref_axis',(-1.,0.,0.));
#3943=DIRECTION('center_axis',(0.,0.,1.));
#3944=DIRECTION('ref_axis',(1.,0.,0.));
#3945=DIRECTION('center_axis',(0.,0.,1.));
#3946=DIRECTION('ref_axis',(1.,0.,0.));
#3947=DIRECTION('',(0.,0.,1.));
#3948=DIRECTION('center_axis',(0.,0.,1.));
#3949=DIRECTION('ref_axis',(1.,0.,0.));
#3950=DIRECTION('center_axis',(0.,0.,-1.));
#3951=DIRECTION('ref_axis',(1.,0.,0.));
#3952=DIRECTION('center_axis',(0.,0.,-1.));
#3953=DIRECTION('ref_axis',(-1.,0.,0.));
#3954=DIRECTION('center_axis',(0.,0.,1.));
#3955=DIRECTION('ref_axis',(1.,0.,0.));
#3956=DIRECTION('center_axis',(0.,0.,1.));
#3957=DIRECTION('ref_axis',(1.,0.,0.));
#3958=DIRECTION('',(0.,0.,1.));
#3959=DIRECTION('center_axis',(0.,0.,1.));
#3960=DIRECTION('ref_axis',(1.,0.,0.));
#3961=DIRECTION('center_axis',(0.,0.,-1.));
#3962=DIRECTION('ref_axis',(1.,0.,0.));
#3963=DIRECTION('center_axis',(0.,0.,-1.));
#3964=DIRECTION('ref_axis',(-1.,0.,0.));
#3965=DIRECTION('center_axis',(0.,0.,1.));
#3966=DIRECTION('ref_axis',(1.,0.,0.));
#3967=DIRECTION('center_axis',(0.,0.,1.));
#3968=DIRECTION('ref_axis',(1.,0.,0.));
#3969=DIRECTION('',(0.,0.,1.));
#3970=DIRECTION('center_axis',(0.,0.,1.));
#3971=DIRECTION('ref_axis',(1.,0.,0.));
#3972=DIRECTION('center_axis',(0.,0.,-1.));
#3973=DIRECTION('ref_axis',(1.,0.,0.));
#3974=DIRECTION('center_axis',(0.,0.,-1.));
#3975=DIRECTION('ref_axis',(-1.,0.,0.));
#3976=DIRECTION('center_axis',(0.,0.,-1.));
#3977=DIRECTION('ref_axis',(-1.,0.,0.));
#3978=DIRECTION('center_axis',(0.,0.,-1.));
#3979=DIRECTION('ref_axis',(-1.,0.,0.));
#3980=DIRECTION('',(0.,0.,-1.));
#3981=DIRECTION('center_axis',(0.,0.,-1.));
#3982=DIRECTION('ref_axis',(-1.,0.,0.));
#3983=DIRECTION('center_axis',(0.,0.,-1.));
#3984=DIRECTION('ref_axis',(-1.,0.,0.));
#3985=DIRECTION('',(0.,0.,-1.));
#3986=DIRECTION('center_axis',(0.,0.,-1.));
#3987=DIRECTION('ref_axis',(-1.,0.,0.));
#3988=DIRECTION('center_axis',(0.,0.,-1.));
#3989=DIRECTION('ref_axis',(-1.,0.,0.));
#3990=DIRECTION('',(0.,0.,-1.));
#3991=DIRECTION('center_axis',(0.,0.,-1.));
#3992=DIRECTION('ref_axis',(-1.,0.,0.));
#3993=DIRECTION('center_axis',(0.,0.,-1.));
#3994=DIRECTION('ref_axis',(-1.,0.,0.));
#3995=DIRECTION('',(0.,0.,-1.));
#3996=DIRECTION('center_axis',(0.,0.,1.));
#3997=DIRECTION('ref_axis',(1.,0.,0.));
#3998=DIRECTION('',(1.,0.,0.));
#3999=DIRECTION('',(0.,1.,0.));
#4000=DIRECTION('',(-1.,0.,0.));
#4001=DIRECTION('',(0.,-1.,0.));
#4002=DIRECTION('center_axis',(0.,0.,1.));
#4003=DIRECTION('ref_axis',(-1.,0.,0.));
#4004=DIRECTION('',(-1.,0.,0.));
#4005=DIRECTION('',(0.,-1.,0.));
#4006=DIRECTION('center_axis',(0.,0.,1.));
#4007=DIRECTION('ref_axis',(1.,0.,0.));
#4008=DIRECTION('',(-1.,0.,0.));
#4009=DIRECTION('',(0.,-1.,0.));
#4010=DIRECTION('',(1.,0.,0.));
#4011=DIRECTION('',(0.,1.,0.));
#4012=DIRECTION('center_axis',(0.,0.,1.));
#4013=DIRECTION('ref_axis',(-1.,0.,0.));
#4014=DIRECTION('',(1.,0.,0.));
#4015=DIRECTION('',(0.,1.,0.));
#4016=DIRECTION('center_axis',(0.,0.,1.));
#4017=DIRECTION('ref_axis',(1.,0.,0.));
#4018=DIRECTION('',(1.,0.,0.));
#4019=DIRECTION('',(0.,1.,0.));
#4020=DIRECTION('',(-1.,0.,0.));
#4021=DIRECTION('center_axis',(0.,0.,1.));
#4022=DIRECTION('ref_axis',(-1.,0.,0.));
#4023=DIRECTION('',(0.,1.,0.));
#4024=DIRECTION('',(-1.,0.,0.));
#4025=DIRECTION('',(0.,-1.,0.));
#4026=DIRECTION('center_axis',(0.,0.,1.));
#4027=DIRECTION('ref_axis',(1.,0.,0.));
#4028=DIRECTION('',(0.,1.,0.));
#4029=DIRECTION('',(0.,1.,0.));
#4030=DIRECTION('',(-1.,0.,0.));
#4031=DIRECTION('',(0.,-1.,0.));
#4032=DIRECTION('',(1.,0.,0.));
#4033=DIRECTION('center_axis',(0.,0.,1.));
#4034=DIRECTION('ref_axis',(-1.,0.,0.));
#4035=DIRECTION('',(0.,-1.,0.));
#4036=DIRECTION('',(1.,0.,0.));
#4037=DIRECTION('center_axis',(0.,0.,1.));
#4038=DIRECTION('ref_axis',(-1.,0.,0.));
#4039=DIRECTION('',(0.,0.,1.));
#4040=DIRECTION('center_axis',(0.,0.,-1.));
#4041=DIRECTION('ref_axis',(-1.,0.,0.));
#4042=DIRECTION('',(0.,0.,-1.));
#4043=DIRECTION('center_axis',(1.,0.,0.));
#4044=DIRECTION('ref_axis',(0.,1.,0.));
#4045=DIRECTION('',(0.,0.,1.));
#4046=DIRECTION('',(0.,1.,0.));
#4047=DIRECTION('',(0.,0.,1.));
#4048=DIRECTION('',(0.,-1.,0.));
#4049=DIRECTION('',(0.,0.,-1.));
#4050=DIRECTION('',(0.,-1.,0.));
#4051=DIRECTION('center_axis',(0.,-1.,0.));
#4052=DIRECTION('ref_axis',(0.,0.,-1.));
#4053=DIRECTION('',(1.,0.,0.));
#4054=DIRECTION('center_axis',(1.,0.,0.));
#4055=DIRECTION('ref_axis',(0.,0.,-1.));
#4056=DIRECTION('',(0.,0.,1.));
#4057=DIRECTION('',(0.,1.,0.));
#4058=DIRECTION('',(0.,0.,1.));
#4059=DIRECTION('center_axis',(0.,1.,0.));
#4060=DIRECTION('ref_axis',(-1.,0.,0.));
#4061=DIRECTION('',(0.,0.,-1.));
#4062=DIRECTION('',(1.,0.,0.));
#4063=DIRECTION('',(0.,0.,1.));
#4064=DIRECTION('',(-1.,0.,0.));
#4065=DIRECTION('',(0.,0.,-1.));
#4066=DIRECTION('',(1.,0.,0.));
#4067=DIRECTION('center_axis',(0.,0.,1.));
#4068=DIRECTION('ref_axis',(0.707107184215683,-0.707106378157183,0.));
#4069=DIRECTION('',(0.,0.,1.));
#4070=DIRECTION('center_axis',(0.,0.,-1.));
#4071=DIRECTION('ref_axis',(-1.,0.,0.));
#4072=DIRECTION('center_axis',(0.,-1.,0.));
#4073=DIRECTION('ref_axis',(-1.,0.,0.));
#4074=DIRECTION('',(0.,0.,-1.));
#4075=DIRECTION('',(-1.,0.,0.));
#4076=DIRECTION('',(0.,0.,-1.));
#4077=DIRECTION('',(0.,0.,-1.));
#4078=DIRECTION('',(0.,0.,-1.));
#4079=DIRECTION('center_axis',(0.,-1.,0.));
#4080=DIRECTION('ref_axis',(1.,0.,0.));
#4081=DIRECTION('',(0.,0.,1.));
#4082=DIRECTION('',(-1.,0.,0.));
#4083=DIRECTION('',(0.,0.,1.));
#4084=DIRECTION('',(1.,0.,0.));
#4085=DIRECTION('',(0.,0.,1.));
#4086=DIRECTION('center_axis',(-1.,0.,0.));
#4087=DIRECTION('ref_axis',(0.,-1.,0.));
#4088=DIRECTION('',(0.,1.,0.));
#4089=DIRECTION('',(0.,0.,1.));
#4090=DIRECTION('',(0.,0.,-1.));
#4091=DIRECTION('',(0.,-1.,0.));
#4092=DIRECTION('',(0.,0.,-1.));
#4093=DIRECTION('',(0.,1.,0.));
#4094=DIRECTION('',(0.,0.,1.));
#4095=DIRECTION('',(0.,-1.,0.));
#4096=DIRECTION('',(0.,0.,-1.));
#4097=DIRECTION('',(0.,1.,0.));
#4098=DIRECTION('center_axis',(-1.,0.,0.));
#4099=DIRECTION('ref_axis',(0.,0.,1.));
#4100=DIRECTION('',(0.,0.,-1.));
#4101=DIRECTION('',(0.,1.,0.));
#4102=DIRECTION('center_axis',(1.,0.,0.));
#4103=DIRECTION('ref_axis',(0.,-1.,0.));
#4104=DIRECTION('',(0.,0.,-1.));
#4105=DIRECTION('',(0.,-1.,0.));
#4106=DIRECTION('',(0.,0.,-1.));
#4107=DIRECTION('center_axis',(-1.,0.,0.));
#4108=DIRECTION('ref_axis',(0.,1.,0.));
#4109=DIRECTION('',(0.,0.,-1.));
#4110=DIRECTION('',(0.,1.,0.));
#4111=DIRECTION('',(0.,0.,-1.));
#4112=DIRECTION('',(0.,0.,1.));
#4113=DIRECTION('center_axis',(1.,0.,0.));
#4114=DIRECTION('ref_axis',(0.,0.,-1.));
#4115=DIRECTION('',(0.,1.,0.));
#4116=DIRECTION('',(0.,0.,1.));
#4117=DIRECTION('',(0.,-1.,0.));
#4118=DIRECTION('',(0.,0.,1.));
#4119=DIRECTION('',(0.,-1.,0.));
#4120=DIRECTION('',(0.,0.,1.));
#4121=DIRECTION('',(0.,-1.,0.));
#4122=DIRECTION('center_axis',(0.,-1.,0.));
#4123=DIRECTION('ref_axis',(1.,0.,0.));
#4124=DIRECTION('',(-1.,0.,0.));
#4125=DIRECTION('',(1.,0.,0.));
#4126=DIRECTION('center_axis',(0.,0.,1.));
#4127=DIRECTION('ref_axis',(1.,0.,0.));
#4128=DIRECTION('center_axis',(0.,0.,1.));
#4129=DIRECTION('ref_axis',(-1.,0.,0.));
#4130=DIRECTION('',(1.,0.,0.));
#4131=DIRECTION('',(0.,-1.,0.));
#4132=DIRECTION('center_axis',(0.,0.,1.));
#4133=DIRECTION('ref_axis',(-1.,0.,0.));
#4134=DIRECTION('',(1.,0.,0.));
#4135=DIRECTION('',(0.,1.,0.));
#4136=DIRECTION('',(-1.,0.,0.));
#4137=DIRECTION('',(0.,1.,0.));
#4138=DIRECTION('',(1.,0.,0.));
#4139=DIRECTION('',(0.,1.,0.));
#4140=DIRECTION('',(-1.,0.,0.));
#4141=DIRECTION('center_axis',(0.,1.,0.));
#4142=DIRECTION('ref_axis',(-1.,0.,0.));
#4143=DIRECTION('',(-1.,0.,0.));
#4144=DIRECTION('',(0.,0.,1.));
#4145=DIRECTION('center_axis',(0.,0.,1.));
#4146=DIRECTION('ref_axis',(1.,0.,0.));
#4147=DIRECTION('',(-1.,0.,0.));
#4148=DIRECTION('',(0.,1.,0.));
#4149=DIRECTION('center_axis',(0.,1.,0.));
#4150=DIRECTION('ref_axis',(-1.,0.,0.));
#4151=DIRECTION('',(0.,0.,1.));
#4152=DIRECTION('',(0.,0.,1.));
#4153=DIRECTION('',(0.,0.,1.));
#4154=DIRECTION('center_axis',(1.,0.,0.));
#4155=DIRECTION('ref_axis',(0.,-1.,0.));
#4156=DIRECTION('',(0.,0.,-1.));
#4157=DIRECTION('',(0.,-1.,0.));
#4158=DIRECTION('center_axis',(-1.,0.,0.));
#4159=DIRECTION('ref_axis',(0.,0.,1.));
#4160=DIRECTION('',(0.,1.,0.));
#4161=DIRECTION('',(0.,-1.,0.));
#4162=DIRECTION('center_axis',(-1.,0.,0.));
#4163=DIRECTION('ref_axis',(0.,1.,0.));
#4164=DIRECTION('',(0.,0.,-1.));
#4165=DIRECTION('',(0.,1.,0.));
#4166=DIRECTION('center_axis',(0.,-1.,0.));
#4167=DIRECTION('ref_axis',(0.,0.,-1.));
#4168=DIRECTION('',(0.,0.,1.));
#4169=DIRECTION('',(-1.,0.,0.));
#4170=DIRECTION('',(1.,0.,0.));
#4171=DIRECTION('center_axis',(0.,0.,1.));
#4172=DIRECTION('ref_axis',(1.,0.,0.));
#4173=DIRECTION('',(-1.,0.,0.));
#4174=DIRECTION('center_axis',(0.,1.,0.));
#4175=DIRECTION('ref_axis',(0.,0.,1.));
#4176=DIRECTION('',(1.,0.,0.));
#4177=DIRECTION('',(0.,0.,-1.));
#4178=DIRECTION('center_axis',(0.,-1.,0.));
#4179=DIRECTION('ref_axis',(0.,0.,-1.));
#4180=DIRECTION('',(0.,0.,-1.));
#4181=DIRECTION('',(0.,0.,1.));
#4182=DIRECTION('',(1.,0.,0.));
#4183=DIRECTION('center_axis',(-1.,0.,0.));
#4184=DIRECTION('ref_axis',(0.,0.,1.));
#4185=DIRECTION('',(-2.77555756156289E-16,-1.,0.));
#4186=DIRECTION('',(0.,0.,1.));
#4187=DIRECTION('center_axis',(1.,0.,0.));
#4188=DIRECTION('ref_axis',(0.,1.,0.));
#4189=DIRECTION('',(0.,-1.,0.));
#4190=DIRECTION('',(0.,0.,-1.));
#4191=DIRECTION('center_axis',(1.,0.,0.));
#4192=DIRECTION('ref_axis',(0.,1.,0.));
#4193=DIRECTION('',(0.,0.,-1.));
#4194=DIRECTION('center_axis',(0.,1.,0.));
#4195=DIRECTION('ref_axis',(-1.,0.,0.));
#4196=DIRECTION('',(1.,0.,0.));
#4197=DIRECTION('',(0.,0.,1.));
#4198=DIRECTION('',(-1.,0.,0.));
#4199=DIRECTION('center_axis',(0.,-1.,0.));
#4200=DIRECTION('ref_axis',(1.,0.,0.));
#4201=DIRECTION('',(-1.,0.,0.));
#4202=DIRECTION('',(1.,0.,0.));
#4203=DIRECTION('',(0.,0.,1.));
#4204=DIRECTION('center_axis',(-1.,0.,0.));
#4205=DIRECTION('ref_axis',(0.,-1.,0.));
#4206=DIRECTION('',(0.,1.,0.));
#4207=DIRECTION('',(0.,-1.,0.));
#4208=DIRECTION('center_axis',(0.,0.,1.));
#4209=DIRECTION('ref_axis',(1.,0.,0.));
#4210=DIRECTION('center_axis',(0.,0.,1.));
#4211=DIRECTION('ref_axis',(1.,0.,0.));
#4212=DIRECTION('',(0.,1.,0.));
#4213=DIRECTION('',(1.,0.,0.));
#4214=DIRECTION('',(0.,-1.,0.));
#4215=DIRECTION('',(-1.,0.,0.));
#4216=DIRECTION('',(0.,1.,0.));
#4217=DIRECTION('',(0.,-1.,0.));
#4218=DIRECTION('',(-1.,0.,0.));
#4219=DIRECTION('',(1.,0.,0.));
#4220=DIRECTION('',(0.,-1.,0.));
#4221=DIRECTION('',(-1.,0.,0.));
#4222=DIRECTION('center_axis',(0.,0.,-1.));
#4223=DIRECTION('ref_axis',(1.,0.,0.));
#4224=DIRECTION('center_axis',(0.,0.,-1.));
#4225=DIRECTION('ref_axis',(-1.,0.,0.));
#4226=DIRECTION('center_axis',(0.,0.,-1.));
#4227=DIRECTION('ref_axis',(-1.,0.,0.));
#4228=DIRECTION('center_axis',(0.,-1.,0.));
#4229=DIRECTION('ref_axis',(1.,0.,0.));
#4230=DIRECTION('',(0.,0.,1.));
#4231=DIRECTION('center_axis',(0.,1.,0.));
#4232=DIRECTION('ref_axis',(-1.,0.,0.));
#4233=DIRECTION('',(0.,0.,1.));
#4234=DIRECTION('center_axis',(1.,0.,0.));
#4235=DIRECTION('ref_axis',(0.,1.,0.));
#4236=DIRECTION('center_axis',(0.,1.,0.));
#4237=DIRECTION('ref_axis',(-1.,0.,0.));
#4238=DIRECTION('',(0.,0.,1.));
#4239=DIRECTION('',(-1.,0.,0.));
#4240=DIRECTION('',(0.,0.,1.));
#4241=DIRECTION('center_axis',(1.,0.,0.));
#4242=DIRECTION('ref_axis',(0.,1.,0.));
#4243=DIRECTION('',(0.,1.,0.));
#4244=DIRECTION('center_axis',(-1.,0.,0.));
#4245=DIRECTION('ref_axis',(0.,-1.,0.));
#4246=DIRECTION('',(0.,-1.,0.));
#4247=DIRECTION('center_axis',(0.,0.,1.));
#4248=DIRECTION('ref_axis',(1.,0.,0.));
#4249=DIRECTION('center_axis',(-1.,0.,0.));
#4250=DIRECTION('ref_axis',(0.,0.,1.));
#4251=DIRECTION('',(0.,0.,1.));
#4252=DIRECTION('center_axis',(0.,0.,1.));
#4253=DIRECTION('ref_axis',(-1.,0.,0.));
#4254=DIRECTION('center_axis',(0.,0.,1.));
#4255=DIRECTION('ref_axis',(-1.,0.,0.));
#4256=DIRECTION('',(0.,0.,-1.));
#4257=DIRECTION('center_axis',(0.,0.,1.));
#4258=DIRECTION('ref_axis',(-1.,0.,0.));
#4259=DIRECTION('center_axis',(0.,0.,1.));
#4260=DIRECTION('ref_axis',(-1.,0.,0.));
#4261=DIRECTION('',(0.,0.,-1.));
#4262=DIRECTION('center_axis',(0.,0.,1.));
#4263=DIRECTION('ref_axis',(-1.,0.,0.));
#4264=DIRECTION('center_axis',(0.,1.,0.));
#4265=DIRECTION('ref_axis',(1.,0.,0.));
#4266=DIRECTION('',(1.,0.,0.));
#4267=DIRECTION('center_axis',(0.,0.,-1.));
#4268=DIRECTION('ref_axis',(-1.,0.,0.));
#4269=DIRECTION('center_axis',(0.,0.,1.));
#4270=DIRECTION('ref_axis',(-1.,0.,0.));
#4271=DIRECTION('',(0.,0.,1.));
#4272=DIRECTION('center_axis',(0.,1.,0.));
#4273=DIRECTION('ref_axis',(-1.,0.,0.));
#4274=DIRECTION('center_axis',(0.,0.,1.));
#4275=DIRECTION('ref_axis',(0.707106781186548,0.707106781186547,0.));
#4276=DIRECTION('center_axis',(0.,0.,1.));
#4277=DIRECTION('ref_axis',(-1.,0.,0.));
#4278=DIRECTION('center_axis',(0.,0.,1.));
#4279=DIRECTION('ref_axis',(-1.,0.,0.));
#4280=DIRECTION('center_axis',(0.,-1.,0.));
#4281=DIRECTION('ref_axis',(1.,0.,0.));
#4282=DIRECTION('center_axis',(0.,-1.,0.));
#4283=DIRECTION('ref_axis',(1.,0.,0.));
#4284=DIRECTION('',(1.,0.,0.));
#4285=DIRECTION('',(0.,0.,1.));
#4286=DIRECTION('center_axis',(-1.,0.,0.));
#4287=DIRECTION('ref_axis',(0.,-1.,0.));
#4288=DIRECTION('',(0.,-1.,0.));
#4289=DIRECTION('center_axis',(0.,0.,1.));
#4290=DIRECTION('ref_axis',(1.,0.,0.));
#4291=DIRECTION('center_axis',(0.,0.,1.));
#4292=DIRECTION('ref_axis',(1.,0.,0.));
#4293=DIRECTION('center_axis',(1.22464679914735E-16,0.,1.));
#4294=DIRECTION('ref_axis',(1.,0.,-1.22464679914735E-16));
#4295=DIRECTION('',(0.,0.,-1.));
#4296=DIRECTION('center_axis',(1.22464679914735E-16,0.,1.));
#4297=DIRECTION('ref_axis',(-1.,0.,1.22464679914735E-16));
#4298=DIRECTION('center_axis',(-1.,0.,0.));
#4299=DIRECTION('ref_axis',(0.,0.,1.));
#4300=DIRECTION('',(0.,1.,0.));
#4301=DIRECTION('',(0.,0.,1.));
#4302=DIRECTION('',(0.,1.,0.));
#4303=DIRECTION('',(0.,0.,-1.));
#4304=DIRECTION('center_axis',(-1.22464679914735E-16,0.,-1.));
#4305=DIRECTION('ref_axis',(1.,0.,-1.22464679914735E-16));
#4306=DIRECTION('',(1.,0.,-1.22464679914735E-16));
#4307=DIRECTION('',(0.,-1.,0.));
#4308=DIRECTION('',(1.,0.,-1.22464679914735E-16));
#4309=DIRECTION('',(0.,1.,0.));
#4310=DIRECTION('',(-1.,0.,1.22464679914735E-16));
#4311=DIRECTION('',(0.,-1.,0.));
#4312=DIRECTION('',(-1.,0.,1.22464679914735E-16));
#4313=DIRECTION('',(0.,1.,0.));
#4314=DIRECTION('',(-1.,0.,1.22464679914735E-16));
#4315=DIRECTION('',(0.,-1.,0.));
#4316=DIRECTION('',(1.,0.,-1.22464679914735E-16));
#4317=DIRECTION('',(0.,1.,0.));
#4318=DIRECTION('',(1.,0.,-1.22464679914735E-16));
#4319=DIRECTION('',(0.,-1.,0.));
#4320=DIRECTION('',(-1.,0.,1.22464679914735E-16));
#4321=DIRECTION('',(0.,-1.,0.));
#4322=DIRECTION('',(-1.,0.,1.22464679914735E-16));
#4323=DIRECTION('center_axis',(-1.,0.,0.));
#4324=DIRECTION('ref_axis',(0.,0.,1.));
#4325=DIRECTION('',(0.,0.,-1.));
#4326=DIRECTION('',(0.,1.,0.));
#4327=DIRECTION('',(0.,0.,1.));
#4328=DIRECTION('center_axis',(0.,-1.,0.));
#4329=DIRECTION('ref_axis',(-1.,0.,1.22464679914735E-16));
#4330=DIRECTION('',(-1.,0.,0.));
#4331=DIRECTION('',(-1.22464679914735E-16,0.,-1.));
#4332=DIRECTION('',(-1.,0.,1.22464679914735E-16));
#4333=DIRECTION('',(-1.22464679914735E-16,0.,-1.));
#4334=DIRECTION('center_axis',(0.,0.,1.));
#4335=DIRECTION('ref_axis',(1.,0.,0.));
#4336=DIRECTION('',(-1.,0.,1.22464679914735E-16));
#4337=DIRECTION('center_axis',(0.,-1.,0.));
#4338=DIRECTION('ref_axis',(1.,0.,-1.22464679914735E-16));
#4339=DIRECTION('',(0.,0.,1.));
#4340=DIRECTION('',(1.,0.,-1.22464679914735E-16));
#4341=DIRECTION('',(0.,0.,1.));
#4342=DIRECTION('center_axis',(-1.,0.,0.));
#4343=DIRECTION('ref_axis',(0.,-1.,0.));
#4344=DIRECTION('',(0.,-1.,0.));
#4345=DIRECTION('',(0.,0.,1.));
#4346=DIRECTION('center_axis',(1.,0.,0.));
#4347=DIRECTION('ref_axis',(0.,1.,0.));
#4348=DIRECTION('',(0.,0.,1.));
#4349=DIRECTION('',(0.,1.,0.));
#4350=DIRECTION('center_axis',(0.,0.,1.));
#4351=DIRECTION('ref_axis',(1.,0.,0.));
#4352=DIRECTION('',(-1.,0.,1.22464679914735E-16));
#4353=DIRECTION('center_axis',(0.,1.,0.));
#4354=DIRECTION('ref_axis',(-1.,0.,1.22464679914735E-16));
#4355=DIRECTION('center_axis',(0.,-1.,0.));
#4356=DIRECTION('ref_axis',(1.,0.,-1.22464679914735E-16));
#4357=DIRECTION('',(0.,0.,1.));
#4358=DIRECTION('',(1.,0.,-1.22464679914735E-16));
#4359=DIRECTION('',(0.,0.,1.));
#4360=DIRECTION('center_axis',(0.,-1.,0.));
#4361=DIRECTION('ref_axis',(1.,0.,-1.22464679914735E-16));
#4362=DIRECTION('',(1.,0.,0.));
#4363=DIRECTION('',(1.22464679914735E-16,0.,1.));
#4364=DIRECTION('',(1.,0.,-1.22464679914735E-16));
#4365=DIRECTION('',(1.22464679914735E-16,0.,1.));
#4366=DIRECTION('center_axis',(0.,-1.,0.));
#4367=DIRECTION('ref_axis',(1.,0.,-1.22464679914735E-16));
#4368=DIRECTION('',(1.22464679914735E-16,0.,1.));
#4369=DIRECTION('',(0.,0.,1.));
#4370=DIRECTION('',(1.,0.,-1.22464679914735E-16));
#4371=DIRECTION('center_axis',(-1.,0.,0.));
#4372=DIRECTION('ref_axis',(0.,-1.,0.));
#4373=DIRECTION('',(0.,-1.,0.));
#4374=DIRECTION('',(0.,0.,1.));
#4375=DIRECTION('center_axis',(0.,1.,0.));
#4376=DIRECTION('ref_axis',(-1.,0.,1.22464679914735E-16));
#4377=DIRECTION('',(-1.,0.,1.22464679914735E-16));
#4378=DIRECTION('',(0.,0.,1.));
#4379=DIRECTION('center_axis',(1.,0.,0.));
#4380=DIRECTION('ref_axis',(0.,1.,0.));
#4381=DIRECTION('',(0.,1.,0.));
#4382=DIRECTION('center_axis',(0.,0.,1.));
#4383=DIRECTION('ref_axis',(1.,0.,0.));
#4384=DIRECTION('',(0.,1.,0.));
#4385=DIRECTION('',(0.,-1.,0.));
#4386=DIRECTION('',(-1.,0.,0.));
#4387=DIRECTION('center_axis',(0.,1.,0.));
#4388=DIRECTION('ref_axis',(-1.,0.,1.22464679914735E-16));
#4389=DIRECTION('',(1.22464679914735E-16,0.,1.));
#4390=DIRECTION('',(-1.,0.,1.22464679914735E-16));
#4391=DIRECTION('',(1.22464679914735E-16,0.,1.));
#4392=DIRECTION('center_axis',(-1.,0.,1.22464679914735E-16));
#4393=DIRECTION('ref_axis',(0.,-1.,0.));
#4394=DIRECTION('',(0.,-1.,0.));
#4395=DIRECTION('center_axis',(1.22464679914735E-16,0.,1.));
#4396=DIRECTION('ref_axis',(1.,0.,-1.22464679914735E-16));
#4397=DIRECTION('',(0.,1.,0.));
#4398=DIRECTION('center_axis',(1.,0.,-1.22464679914735E-16));
#4399=DIRECTION('ref_axis',(0.,1.,0.));
#4400=DIRECTION('center_axis',(-1.,0.,1.22464679914735E-16));
#4401=DIRECTION('ref_axis',(0.,1.,0.));
#4402=DIRECTION('',(-1.22464679914735E-16,0.,-1.));
#4403=DIRECTION('',(0.,1.,0.));
#4404=DIRECTION('center_axis',(1.,0.,-1.22464679914735E-16));
#4405=DIRECTION('ref_axis',(0.,-1.,0.));
#4406=DIRECTION('',(0.,-1.,0.));
#4407=DIRECTION('',(-1.22464679914735E-16,0.,-1.));
#4408=DIRECTION('center_axis',(0.,1.,0.));
#4409=DIRECTION('ref_axis',(1.,0.,-1.22464679914735E-16));
#4410=DIRECTION('',(1.,0.,-1.22464679914735E-16));
#4411=DIRECTION('center_axis',(-1.22464679914735E-16,0.,-1.));
#4412=DIRECTION('ref_axis',(-1.,0.,1.22464679914735E-16));
#4413=DIRECTION('center_axis',(0.,1.,0.));
#4414=DIRECTION('ref_axis',(-1.,0.,0.));
#4415=DIRECTION('',(-1.,0.,0.));
#4416=DIRECTION('',(0.,0.,-1.));
#4417=DIRECTION('',(-1.,0.,0.));
#4418=DIRECTION('',(1.22464679914735E-16,0.,1.));
#4419=DIRECTION('center_axis',(0.,-1.,0.));
#4420=DIRECTION('ref_axis',(1.,0.,0.));
#4421=DIRECTION('',(1.,0.,0.));
#4422=DIRECTION('',(-1.22464679914735E-16,0.,-1.));
#4423=DIRECTION('',(1.,0.,0.));
#4424=DIRECTION('',(0.,0.,-1.));
#4425=DIRECTION('center_axis',(0.,1.,0.));
#4426=DIRECTION('ref_axis',(-1.,0.,0.));
#4427=DIRECTION('',(-1.,0.,0.));
#4428=DIRECTION('',(0.,0.,-1.));
#4429=DIRECTION('',(-1.,0.,0.));
#4430=DIRECTION('',(1.22464679914735E-16,0.,1.));
#4431=DIRECTION('center_axis',(0.,-1.,0.));
#4432=DIRECTION('ref_axis',(1.,0.,0.));
#4433=DIRECTION('',(1.,0.,0.));
#4434=DIRECTION('',(-1.22464679914735E-16,0.,-1.));
#4435=DIRECTION('',(1.,0.,0.));
#4436=DIRECTION('',(0.,0.,1.));
#4437=DIRECTION('center_axis',(0.,-1.,0.));
#4438=DIRECTION('ref_axis',(1.,0.,0.));
#4439=DIRECTION('',(1.,0.,0.));
#4440=DIRECTION('',(0.,0.,1.));
#4441=DIRECTION('',(1.,0.,0.));
#4442=DIRECTION('',(1.22464679914735E-16,0.,1.));
#4443=DIRECTION('center_axis',(0.,1.,0.));
#4444=DIRECTION('ref_axis',(-1.,0.,0.));
#4445=DIRECTION('',(-1.,0.,0.));
#4446=DIRECTION('',(-1.22464679914735E-16,0.,-1.));
#4447=DIRECTION('',(-1.,0.,0.));
#4448=DIRECTION('',(0.,0.,1.));
#4449=DIRECTION('center_axis',(0.,-1.,0.));
#4450=DIRECTION('ref_axis',(1.,0.,0.));
#4451=DIRECTION('',(1.,0.,0.));
#4452=DIRECTION('',(0.,0.,-1.));
#4453=DIRECTION('',(1.,0.,0.));
#4454=DIRECTION('',(1.22464679914735E-16,0.,1.));
#4455=DIRECTION('center_axis',(8.88178419700121E-15,1.,0.));
#4456=DIRECTION('ref_axis',(-1.,8.88178419700121E-15,0.));
#4457=DIRECTION('',(-1.,8.88178419700121E-15,0.));
#4458=DIRECTION('',(-1.22464679914735E-16,1.08770485875751E-30,-1.));
#4459=DIRECTION('',(-1.,8.88178419700121E-15,0.));
#4460=DIRECTION('',(0.,0.,-1.));
#4461=DIRECTION('center_axis',(-1.,0.,1.22464679914735E-16));
#4462=DIRECTION('ref_axis',(0.,1.,0.));
#4463=DIRECTION('',(0.,-1.,0.));
#4464=DIRECTION('',(0.,1.,0.));
#4465=DIRECTION('',(0.,-1.,0.));
#4466=DIRECTION('',(0.,1.,0.));
#4467=DIRECTION('',(-1.22464679914735E-16,0.,-1.));
#4468=DIRECTION('',(0.,-1.,0.));
#4469=DIRECTION('',(-1.22464679914735E-16,0.,-1.));
#4470=DIRECTION('',(0.,1.,0.));
#4471=DIRECTION('center_axis',(0.,0.,1.));
#4472=DIRECTION('ref_axis',(-1.,4.56335677841536E-15,0.));
#4473=DIRECTION('center_axis',(0.,0.,1.));
#4474=DIRECTION('ref_axis',(1.,0.,0.));
#4475=DIRECTION('center_axis',(0.,0.,1.));
#4476=DIRECTION('ref_axis',(1.,0.,0.));
#4477=DIRECTION('center_axis',(0.,0.,1.));
#4478=DIRECTION('ref_axis',(-1.,3.8353881296542E-9,0.));
#4479=DIRECTION('center_axis',(0.,0.,1.));
#4480=DIRECTION('ref_axis',(1.,0.,0.));
#4481=DIRECTION('center_axis',(0.,0.,1.));
#4482=DIRECTION('ref_axis',(1.,0.,0.));
#4483=DIRECTION('center_axis',(0.,0.,-1.));
#4484=DIRECTION('ref_axis',(1.,0.,0.));
#4485=DIRECTION('',(0.,1.,0.));
#4486=DIRECTION('center_axis',(0.,0.,-1.));
#4487=DIRECTION('ref_axis',(-1.,0.,1.29095700537809E-16));
#4488=DIRECTION('center_axis',(0.,0.,1.));
#4489=DIRECTION('ref_axis',(1.,0.,0.));
#4490=DIRECTION('center_axis',(0.,0.,1.));
#4491=DIRECTION('ref_axis',(1.,0.,0.));
#4492=DIRECTION('center_axis',(0.,0.,1.));
#4493=DIRECTION('ref_axis',(1.,0.,0.));
#4494=DIRECTION('center_axis',(0.,0.,-1.));
#4495=DIRECTION('ref_axis',(1.,0.,0.));
#4496=DIRECTION('center_axis',(0.,0.,-1.));
#4497=DIRECTION('ref_axis',(-1.,0.,0.));
#4498=DIRECTION('center_axis',(0.,0.,-1.));
#4499=DIRECTION('ref_axis',(1.,0.,0.));
#4500=DIRECTION('',(0.,1.,0.));
#4501=DIRECTION('center_axis',(0.,0.,-1.));
#4502=DIRECTION('ref_axis',(-1.,0.,1.29095700537809E-16));
#4503=DIRECTION('center_axis',(0.,0.,1.));
#4504=DIRECTION('ref_axis',(1.,0.,0.));
#4505=DIRECTION('center_axis',(0.,0.,1.));
#4506=DIRECTION('ref_axis',(1.,0.,0.));
#4507=DIRECTION('center_axis',(0.,0.,1.));
#4508=DIRECTION('ref_axis',(1.,0.,0.));
#4509=DIRECTION('center_axis',(0.,0.,-1.));
#4510=DIRECTION('ref_axis',(1.,0.,0.));
#4511=DIRECTION('center_axis',(0.,0.,-1.));
#4512=DIRECTION('ref_axis',(-1.,0.,0.));
#4513=DIRECTION('center_axis',(0.,0.,-1.));
#4514=DIRECTION('ref_axis',(-1.,0.,0.));
#4515=DIRECTION('',(1.,0.,-1.22464679914735E-16));
#4516=DIRECTION('',(0.,-1.,0.));
#4517=DIRECTION('',(0.,-1.,0.));
#4518=DIRECTION('',(0.,-1.,0.));
#4519=DIRECTION('',(-1.,0.,1.22464679914735E-16));
#4520=DIRECTION('',(0.,1.,0.));
#4521=DIRECTION('',(1.,0.,0.));
#4522=DIRECTION('',(0.,1.,0.));
#4523=DIRECTION('',(-1.,0.,0.));
#4524=DIRECTION('',(0.,1.,0.));
#4525=DIRECTION('',(1.,0.,0.));
#4526=DIRECTION('',(0.,1.,0.));
#4527=DIRECTION('',(-1.,0.,0.));
#4528=DIRECTION('',(0.,1.,0.));
#4529=DIRECTION('',(1.,0.,0.));
#4530=DIRECTION('',(0.,1.,0.));
#4531=DIRECTION('',(-1.,0.,0.));
#4532=DIRECTION('',(0.,1.,0.));
#4533=DIRECTION('',(1.,0.,0.));
#4534=DIRECTION('',(0.,1.,0.));
#4535=DIRECTION('',(-1.,0.,0.));
#4536=DIRECTION('',(0.,1.,0.));
#4537=DIRECTION('',(1.,0.,0.));
#4538=DIRECTION('',(0.,1.,0.));
#4539=DIRECTION('',(-1.,0.,0.));
#4540=DIRECTION('',(0.,-1.,0.));
#4541=DIRECTION('',(1.,0.,0.));
#4542=DIRECTION('',(0.,-1.,0.));
#4543=DIRECTION('',(-1.,0.,0.));
#4544=DIRECTION('',(0.,-1.,0.));
#4545=DIRECTION('',(1.,0.,0.));
#4546=DIRECTION('',(0.,-1.,0.));
#4547=DIRECTION('',(-1.,0.,0.));
#4548=DIRECTION('',(0.,-1.,0.));
#4549=DIRECTION('',(1.,0.,0.));
#4550=DIRECTION('',(0.,-1.,0.));
#4551=DIRECTION('',(-1.,0.,0.));
#4552=DIRECTION('',(0.,-1.,0.));
#4553=DIRECTION('',(1.,0.,0.));
#4554=DIRECTION('',(0.,-1.,0.));
#4555=DIRECTION('',(-1.,0.,0.));
#4556=DIRECTION('',(0.,-1.,0.));
#4557=DIRECTION('',(1.,0.,0.));
#4558=DIRECTION('',(0.,-1.,0.));
#4559=DIRECTION('',(-1.,0.,0.));
#4560=DIRECTION('',(0.,-1.,0.));
#4561=DIRECTION('',(1.,0.,0.));
#4562=DIRECTION('',(0.,1.,0.));
#4563=DIRECTION('',(-1.,0.,0.));
#4564=DIRECTION('center_axis',(1.,0.,0.));
#4565=DIRECTION('ref_axis',(0.,-1.,0.));
#4566=DIRECTION('',(0.,0.,-1.));
#4567=DIRECTION('',(0.,-1.,0.));
#4568=DIRECTION('',(0.,0.,1.));
#4569=DIRECTION('center_axis',(1.,0.,0.));
#4570=DIRECTION('ref_axis',(0.,-1.,0.));
#4571=DIRECTION('',(0.,0.,-1.));
#4572=DIRECTION('',(0.,-1.,0.));
#4573=DIRECTION('',(0.,0.,1.));
#4574=DIRECTION('center_axis',(1.,0.,0.));
#4575=DIRECTION('ref_axis',(0.,-1.,0.));
#4576=DIRECTION('',(0.,0.,-1.));
#4577=DIRECTION('',(0.,-1.,0.));
#4578=DIRECTION('',(0.,0.,1.));
#4579=DIRECTION('center_axis',(1.,0.,0.));
#4580=DIRECTION('ref_axis',(0.,-1.,0.));
#4581=DIRECTION('',(0.,0.,-1.));
#4582=DIRECTION('',(0.,-1.,0.));
#4583=DIRECTION('',(0.,0.,1.));
#4584=DIRECTION('center_axis',(-1.,0.,0.));
#4585=DIRECTION('ref_axis',(0.,1.,0.));
#4586=DIRECTION('',(0.,0.,-1.));
#4587=DIRECTION('',(0.,1.,0.));
#4588=DIRECTION('',(0.,0.,1.));
#4589=DIRECTION('center_axis',(-1.,0.,0.));
#4590=DIRECTION('ref_axis',(0.,1.,0.));
#4591=DIRECTION('',(0.,0.,-1.));
#4592=DIRECTION('',(0.,1.,0.));
#4593=DIRECTION('',(0.,0.,1.));
#4594=DIRECTION('center_axis',(-1.,0.,0.));
#4595=DIRECTION('ref_axis',(0.,1.,0.));
#4596=DIRECTION('',(0.,0.,-1.));
#4597=DIRECTION('',(0.,1.,0.));
#4598=DIRECTION('',(0.,0.,1.));
#4599=DIRECTION('center_axis',(-1.,0.,0.));
#4600=DIRECTION('ref_axis',(0.,1.,0.));
#4601=DIRECTION('',(0.,0.,-1.));
#4602=DIRECTION('',(0.,1.,0.));
#4603=DIRECTION('',(0.,0.,1.));
#4604=DIRECTION('center_axis',(1.,0.,0.));
#4605=DIRECTION('ref_axis',(0.,-1.,0.));
#4606=DIRECTION('',(0.,0.,-1.));
#4607=DIRECTION('',(0.,-1.,0.));
#4608=DIRECTION('',(0.,0.,1.));
#4609=DIRECTION('center_axis',(-1.,0.,0.));
#4610=DIRECTION('ref_axis',(0.,1.,0.));
#4611=DIRECTION('',(0.,0.,-1.));
#4612=DIRECTION('',(0.,1.,0.));
#4613=DIRECTION('',(0.,0.,1.));
#4614=DIRECTION('center_axis',(0.,-1.,0.));
#4615=DIRECTION('ref_axis',(-1.,0.,0.));
#4616=DIRECTION('',(0.,0.,-1.));
#4617=DIRECTION('',(-1.,0.,0.));
#4618=DIRECTION('',(1.22464679914735E-16,0.,1.));
#4619=DIRECTION('',(-1.,0.,1.22464679914735E-16));
#4620=DIRECTION('',(0.,0.,-1.));
#4621=DIRECTION('center_axis',(0.,1.,0.));
#4622=DIRECTION('ref_axis',(1.,0.,0.));
#4623=DIRECTION('',(1.,0.,0.));
#4624=DIRECTION('',(0.,0.,-1.));
#4625=DIRECTION('',(0.,0.,-1.));
#4626=DIRECTION('center_axis',(0.,0.,-1.));
#4627=DIRECTION('ref_axis',(-1.,0.,0.));
#4628=DIRECTION('',(-1.,0.,0.));
#4629=DIRECTION('',(0.,1.,0.));
#4630=DIRECTION('',(1.,0.,0.));
#4631=DIRECTION('center_axis',(0.,0.,-1.));
#4632=DIRECTION('ref_axis',(-1.,0.,0.));
#4633=DIRECTION('',(1.,0.,0.));
#4634=DIRECTION('',(0.,-1.,0.));
#4635=DIRECTION('',(-1.,0.,0.));
#4636=DIRECTION('center_axis',(0.,1.,0.));
#4637=DIRECTION('ref_axis',(1.,0.,0.));
#4638=DIRECTION('',(0.,0.,-1.));
#4639=DIRECTION('center_axis',(0.,1.,0.));
#4640=DIRECTION('ref_axis',(1.,0.,0.));
#4641=DIRECTION('',(0.,0.,-1.));
#4642=DIRECTION('center_axis',(0.,-1.,0.));
#4643=DIRECTION('ref_axis',(-1.,0.,0.));
#4644=DIRECTION('',(0.,0.,-1.));
#4645=DIRECTION('center_axis',(0.,0.,-1.));
#4646=DIRECTION('ref_axis',(-1.,0.,0.));
#4647=DIRECTION('',(-1.,0.,0.));
#4648=DIRECTION('',(0.,1.,0.));
#4649=DIRECTION('',(1.,0.,0.));
#4650=DIRECTION('center_axis',(0.,0.,-1.));
#4651=DIRECTION('ref_axis',(-1.,0.,0.));
#4652=DIRECTION('',(1.,0.,0.));
#4653=DIRECTION('',(0.,-1.,0.));
#4654=DIRECTION('',(-1.,0.,0.));
#4655=DIRECTION('center_axis',(0.,1.,0.));
#4656=DIRECTION('ref_axis',(1.,0.,0.));
#4657=DIRECTION('',(0.,0.,-1.));
#4658=DIRECTION('center_axis',(0.,1.,0.));
#4659=DIRECTION('ref_axis',(1.,0.,0.));
#4660=DIRECTION('',(0.,0.,-1.));
#4661=DIRECTION('center_axis',(0.,-1.,0.));
#4662=DIRECTION('ref_axis',(-1.,0.,0.));
#4663=DIRECTION('',(0.,0.,-1.));
#4664=DIRECTION('center_axis',(0.,0.,-1.));
#4665=DIRECTION('ref_axis',(-1.,0.,0.));
#4666=DIRECTION('',(-1.,0.,0.));
#4667=DIRECTION('',(0.,1.,0.));
#4668=DIRECTION('',(1.,0.,0.));
#4669=DIRECTION('center_axis',(0.,0.,-1.));
#4670=DIRECTION('ref_axis',(-1.,0.,0.));
#4671=DIRECTION('',(1.,0.,0.));
#4672=DIRECTION('',(0.,-1.,0.));
#4673=DIRECTION('',(-1.,0.,0.));
#4674=DIRECTION('center_axis',(0.,1.,0.));
#4675=DIRECTION('ref_axis',(1.,0.,0.));
#4676=DIRECTION('',(0.,0.,-1.));
#4677=DIRECTION('center_axis',(0.,1.,0.));
#4678=DIRECTION('ref_axis',(1.,0.,0.));
#4679=DIRECTION('',(0.,0.,-1.));
#4680=DIRECTION('center_axis',(0.,-1.,0.));
#4681=DIRECTION('ref_axis',(-1.,0.,0.));
#4682=DIRECTION('',(0.,0.,-1.));
#4683=DIRECTION('center_axis',(0.,0.,-1.));
#4684=DIRECTION('ref_axis',(-1.,0.,0.));
#4685=DIRECTION('',(-1.,0.,0.));
#4686=DIRECTION('',(0.,1.,0.));
#4687=DIRECTION('',(1.,0.,0.));
#4688=DIRECTION('center_axis',(0.,0.,-1.));
#4689=DIRECTION('ref_axis',(-1.,0.,0.));
#4690=DIRECTION('',(1.,0.,0.));
#4691=DIRECTION('',(0.,-1.,0.));
#4692=DIRECTION('',(-1.,0.,0.));
#4693=DIRECTION('center_axis',(0.,1.,0.));
#4694=DIRECTION('ref_axis',(1.,0.,0.));
#4695=DIRECTION('',(0.,0.,-1.));
#4696=DIRECTION('center_axis',(0.,1.,0.));
#4697=DIRECTION('ref_axis',(1.,0.,0.));
#4698=DIRECTION('',(0.,0.,-1.));
#4699=DIRECTION('center_axis',(0.,-1.,0.));
#4700=DIRECTION('ref_axis',(-1.,0.,0.));
#4701=DIRECTION('',(0.,0.,-1.));
#4702=DIRECTION('center_axis',(0.,0.,-1.));
#4703=DIRECTION('ref_axis',(-1.,0.,0.));
#4704=DIRECTION('',(-1.,0.,0.));
#4705=DIRECTION('',(0.,1.,0.));
#4706=DIRECTION('',(1.,0.,0.));
#4707=DIRECTION('center_axis',(0.,0.,-1.));
#4708=DIRECTION('ref_axis',(-1.,0.,0.));
#4709=DIRECTION('',(1.,0.,0.));
#4710=DIRECTION('',(0.,-1.,0.));
#4711=DIRECTION('',(-1.,0.,0.));
#4712=DIRECTION('center_axis',(0.,1.,0.));
#4713=DIRECTION('ref_axis',(1.,0.,0.));
#4714=DIRECTION('',(0.,0.,-1.));
#4715=DIRECTION('center_axis',(0.,1.,0.));
#4716=DIRECTION('ref_axis',(1.,0.,0.));
#4717=DIRECTION('',(0.,0.,-1.));
#4718=DIRECTION('center_axis',(0.,-1.,0.));
#4719=DIRECTION('ref_axis',(-1.,0.,0.));
#4720=DIRECTION('',(0.,0.,-1.));
#4721=DIRECTION('center_axis',(0.,0.,-1.));
#4722=DIRECTION('ref_axis',(-1.,0.,0.));
#4723=DIRECTION('center_axis',(-1.22464679914735E-16,0.,-1.));
#4724=DIRECTION('ref_axis',(-1.,0.,0.));
#4725=DIRECTION('',(0.,0.,-1.));
#4726=DIRECTION('center_axis',(-1.29095700537809E-16,0.,-1.));
#4727=DIRECTION('ref_axis',(-1.,0.,1.29095700537809E-16));
#4728=DIRECTION('center_axis',(-1.22464679914735E-16,0.,-1.));
#4729=DIRECTION('ref_axis',(-1.,0.,1.29095700537809E-16));
#4730=DIRECTION('',(-1.29095700537809E-16,0.,-1.));
#4731=DIRECTION('center_axis',(0.,0.,-1.));
#4732=DIRECTION('ref_axis',(-1.,0.,0.));
#4733=DIRECTION('center_axis',(-1.22464679914735E-16,0.,-1.));
#4734=DIRECTION('ref_axis',(-1.,0.,0.));
#4735=DIRECTION('',(0.,0.,-1.));
#4736=DIRECTION('center_axis',(-1.29095700537809E-16,0.,-1.));
#4737=DIRECTION('ref_axis',(-1.,0.,1.29095700537809E-16));
#4738=DIRECTION('center_axis',(-1.22464679914735E-16,0.,-1.));
#4739=DIRECTION('ref_axis',(-1.,0.,1.29095700537809E-16));
#4740=DIRECTION('',(-1.29095700537809E-16,0.,-1.));
#4741=DIRECTION('center_axis',(1.,0.,0.));
#4742=DIRECTION('ref_axis',(0.,-1.,0.));
#4743=DIRECTION('',(0.,0.,-1.));
#4744=DIRECTION('',(0.,0.,-1.));
#4745=DIRECTION('',(0.,0.,-1.));
#4746=DIRECTION('',(0.,0.,-1.));
#4747=DIRECTION('',(0.,0.,-1.));
#4748=DIRECTION('',(0.,-1.,0.));
#4749=DIRECTION('',(0.,0.,-1.));
#4750=DIRECTION('',(0.,-1.,0.));
#4751=DIRECTION('center_axis',(0.,-1.,0.));
#4752=DIRECTION('ref_axis',(-1.,0.,0.));
#4753=DIRECTION('center_axis',(0.,-1.,0.));
#4754=DIRECTION('ref_axis',(-1.,0.,0.));
#4755=DIRECTION('center_axis',(0.,-1.,0.));
#4756=DIRECTION('ref_axis',(-1.,0.,0.));
#4757=DIRECTION('center_axis',(0.,-1.,0.));
#4758=DIRECTION('ref_axis',(-1.,0.,0.));
#4759=DIRECTION('center_axis',(0.,-1.,0.));
#4760=DIRECTION('ref_axis',(-1.,0.,0.));
#4761=DIRECTION('center_axis',(-1.,0.,0.));
#4762=DIRECTION('ref_axis',(0.,1.,0.));
#4763=DIRECTION('',(0.,1.,0.));
#4764=DIRECTION('center_axis',(-1.22464679914735E-16,0.,-1.));
#4765=DIRECTION('ref_axis',(1.,0.,-1.22464679914735E-16));
#4766=DIRECTION('',(0.,1.,0.));
#4767=DIRECTION('',(1.,0.,-1.22464679914735E-16));
#4768=DIRECTION('',(0.,-1.,0.));
#4769=DIRECTION('',(1.,0.,-1.22464679914735E-16));
#4770=DIRECTION('',(0.,1.,0.));
#4771=DIRECTION('',(-1.,0.,1.22464679914735E-16));
#4772=DIRECTION('',(0.,-1.,0.));
#4773=DIRECTION('',(-1.,0.,1.22464679914735E-16));
#4774=DIRECTION('',(0.,1.,0.));
#4775=DIRECTION('',(-1.,0.,1.22464679914735E-16));
#4776=DIRECTION('',(1.,0.,-1.22464679914735E-16));
#4777=DIRECTION('',(0.,-1.,0.));
#4778=DIRECTION('',(-1.,0.,1.22464679914735E-16));
#4779=DIRECTION('',(0.,1.,0.));
#4780=DIRECTION('',(1.,0.,-1.22464679914735E-16));
#4781=DIRECTION('',(0.,-1.,0.));
#4782=DIRECTION('',(-1.,0.,1.22464679914735E-16));
#4783=DIRECTION('center_axis',(1.,0.,-1.22464679914735E-16));
#4784=DIRECTION('ref_axis',(0.,1.,0.));
#4785=DIRECTION('',(0.,1.,0.));
#4786=DIRECTION('',(0.,0.,1.));
#4787=DIRECTION('center_axis',(-1.,0.,0.));
#4788=DIRECTION('ref_axis',(0.,0.,1.));
#4789=DIRECTION('',(0.,0.,1.));
#4790=DIRECTION('',(0.,1.,0.));
#4791=DIRECTION('',(0.,0.,-1.));
#4792=DIRECTION('center_axis',(-1.,0.,0.));
#4793=DIRECTION('ref_axis',(0.,0.,1.));
#4794=DIRECTION('',(0.,0.,-1.));
#4795=DIRECTION('',(0.,1.,0.));
#4796=DIRECTION('',(0.,0.,1.));
#4797=DIRECTION('center_axis',(0.,-1.,0.));
#4798=DIRECTION('ref_axis',(-1.,0.,1.22464679914735E-16));
#4799=DIRECTION('',(-1.,0.,0.));
#4800=DIRECTION('',(-1.22464679914735E-16,0.,-1.));
#4801=DIRECTION('center_axis',(0.,0.,1.));
#4802=DIRECTION('ref_axis',(1.,0.,0.));
#4803=DIRECTION('',(-1.,0.,1.22464679914735E-16));
#4804=DIRECTION('center_axis',(0.,-1.,0.));
#4805=DIRECTION('ref_axis',(1.,0.,-1.22464679914735E-16));
#4806=DIRECTION('',(0.,0.,1.));
#4807=DIRECTION('',(1.,0.,-1.22464679914735E-16));
#4808=DIRECTION('',(0.,0.,1.));
#4809=DIRECTION('center_axis',(-1.,0.,0.));
#4810=DIRECTION('ref_axis',(0.,-1.,0.));
#4811=DIRECTION('',(0.,-1.,0.));
#4812=DIRECTION('',(0.,0.,1.));
#4813=DIRECTION('center_axis',(1.,0.,0.));
#4814=DIRECTION('ref_axis',(0.,1.,0.));
#4815=DIRECTION('',(0.,0.,1.));
#4816=DIRECTION('',(0.,1.,0.));
#4817=DIRECTION('center_axis',(0.,0.,1.));
#4818=DIRECTION('ref_axis',(1.,0.,0.));
#4819=DIRECTION('',(-1.,0.,1.22464679914735E-16));
#4820=DIRECTION('center_axis',(0.,1.,0.));
#4821=DIRECTION('ref_axis',(-1.,0.,1.22464679914735E-16));
#4822=DIRECTION('center_axis',(0.,-1.,0.));
#4823=DIRECTION('ref_axis',(1.,0.,-1.22464679914735E-16));
#4824=DIRECTION('',(1.,0.,-1.22464679914735E-16));
#4825=DIRECTION('',(0.,0.,1.));
#4826=DIRECTION('center_axis',(0.,-1.,0.));
#4827=DIRECTION('ref_axis',(1.,0.,-1.22464679914735E-16));
#4828=DIRECTION('',(0.,0.,1.));
#4829=DIRECTION('',(1.,0.,-1.22464679914735E-16));
#4830=DIRECTION('center_axis',(-1.,0.,0.));
#4831=DIRECTION('ref_axis',(0.,-1.,0.));
#4832=DIRECTION('',(0.,-1.,0.));
#4833=DIRECTION('',(0.,0.,1.));
#4834=DIRECTION('center_axis',(0.,1.,0.));
#4835=DIRECTION('ref_axis',(-1.,0.,1.22464679914735E-16));
#4836=DIRECTION('',(-1.,0.,1.22464679914735E-16));
#4837=DIRECTION('',(0.,0.,1.));
#4838=DIRECTION('center_axis',(1.,0.,0.));
#4839=DIRECTION('ref_axis',(0.,1.,0.));
#4840=DIRECTION('',(0.,1.,0.));
#4841=DIRECTION('center_axis',(0.,0.,1.));
#4842=DIRECTION('ref_axis',(1.,0.,0.));
#4843=DIRECTION('center_axis',(1.,0.,-1.22464679914735E-16));
#4844=DIRECTION('ref_axis',(0.,-1.,0.));
#4845=DIRECTION('',(-1.22464679914735E-16,0.,-1.));
#4846=DIRECTION('center_axis',(0.,1.,0.));
#4847=DIRECTION('ref_axis',(1.,0.,-1.22464679914735E-16));
#4848=CARTESIAN_POINT('',(0.,0.,0.));
#4849=CARTESIAN_POINT('Ctrl Pts',(1.,-23.0000000596046,8.));
#4850=CARTESIAN_POINT('Ctrl Pts',(1.,-23.0000000596046,1.));
#4851=CARTESIAN_POINT('Ctrl Pts',(0.988101480824051,-22.9633944405533,8.));
#4852=CARTESIAN_POINT('Ctrl Pts',(0.988101480824051,-22.9633944405533,1.));
#4853=CARTESIAN_POINT('Ctrl Pts',(0.963601743800722,-22.8911031017789,8.));
#4854=CARTESIAN_POINT('Ctrl Pts',(0.963601743800722,-22.8911031017789,1.));
#4855=CARTESIAN_POINT('Ctrl Pts',(0.924744129305977,-22.7854256776396,8.));
#4856=CARTESIAN_POINT('Ctrl Pts',(0.924744129305977,-22.7854256776396,1.));
#4857=CARTESIAN_POINT('Ctrl Pts',(0.868647844418746,-22.6501333997893,8.));
#4858=CARTESIAN_POINT('Ctrl Pts',(0.868647844418746,-22.6501333997893,1.));
#4859=CARTESIAN_POINT('Ctrl Pts',(0.790894948687654,-22.4910097720491,8.));
#4860=CARTESIAN_POINT('Ctrl Pts',(0.790894948687654,-22.4910097720491,1.));
#4861=CARTESIAN_POINT('Ctrl Pts',(0.704811394241162,-22.3427917681037,8.));
#4862=CARTESIAN_POINT('Ctrl Pts',(0.704811394241162,-22.3427917681037,1.));
#4863=CARTESIAN_POINT('Ctrl Pts',(0.609691931962784,-22.2064026260527,8.));
#4864=CARTESIAN_POINT('Ctrl Pts',(0.609691931962784,-22.2064026260527,1.));
#4865=CARTESIAN_POINT('Ctrl Pts',(0.505106203468439,-22.0824057259084,8.));
#4866=CARTESIAN_POINT('Ctrl Pts',(0.505106203468439,-22.0824057259084,1.));
#4867=CARTESIAN_POINT('Ctrl Pts',(0.391369635000738,-21.9703881447464,8.));
#4868=CARTESIAN_POINT('Ctrl Pts',(0.391369635000738,-21.9703881447464,1.));
#4869=CARTESIAN_POINT('Ctrl Pts',(0.269148503537744,-21.8694776626941,8.));
#4870=CARTESIAN_POINT('Ctrl Pts',(0.269148503537744,-21.8694776626941,1.));
#4871=CARTESIAN_POINT('Ctrl Pts',(0.165128442066444,-21.7969221618326,8.));
#4872=CARTESIAN_POINT('Ctrl Pts',(0.165128442066444,-21.7969221618326,1.));
#4873=CARTESIAN_POINT('Ctrl Pts',(0.0838230079966849,-21.7468129666638,
8.));
#4874=CARTESIAN_POINT('Ctrl Pts',(0.0838230079966849,-21.7468129666638,
1.));
#4875=CARTESIAN_POINT('Ctrl Pts',(0.0281807754822851,-21.7152901134675,
8.));
#4876=CARTESIAN_POINT('Ctrl Pts',(0.0281807754822851,-21.7152901134675,
1.));
#4877=CARTESIAN_POINT('Ctrl Pts',(0.,-21.6999995149672,8.));
#4878=CARTESIAN_POINT('Ctrl Pts',(0.,-21.6999995149672,1.));
#4879=CARTESIAN_POINT('',(1.,-23.0000000596046,7.3));
#4880=CARTESIAN_POINT('',(0.,-21.6999995149672,7.3));
#4881=CARTESIAN_POINT('Ctrl Pts',(1.,-23.0000000596046,7.3));
#4882=CARTESIAN_POINT('Ctrl Pts',(0.982697022584079,-22.9467677043531,7.3));
#4883=CARTESIAN_POINT('Ctrl Pts',(0.964505160050651,-22.8946989841784,7.3));
#4884=CARTESIAN_POINT('Ctrl Pts',(0.945407980696595,-22.8438154097412,7.3));
#4885=CARTESIAN_POINT('Ctrl Pts',(0.925314289528879,-22.7902766744498,7.3));
#4886=CARTESIAN_POINT('Ctrl Pts',(0.904218220922402,-22.7380501464672,7.3));
#4887=CARTESIAN_POINT('Ctrl Pts',(0.882064553968867,-22.6872081152089,7.3));
#4888=CARTESIAN_POINT('Ctrl Pts',(0.855589081682695,-22.6264476644729,7.3));
#4889=CARTESIAN_POINT('Ctrl Pts',(0.827602577797738,-22.5676652976708,7.3));
#4890=CARTESIAN_POINT('Ctrl Pts',(0.797962666488843,-22.5110473982851,7.3));
#4891=CARTESIAN_POINT('Ctrl Pts',(0.772107472903836,-22.4616590335987,7.3));
#4892=CARTESIAN_POINT('Ctrl Pts',(0.744991539734189,-22.4139210968176,7.3));
#4893=CARTESIAN_POINT('Ctrl Pts',(0.716515672869444,-22.367963442457,7.3));
#4894=CARTESIAN_POINT('Ctrl Pts',(0.693623310217304,-22.3310170943348,7.3));
#4895=CARTESIAN_POINT('Ctrl Pts',(0.669851266821233,-22.2952223318889,7.3));
#4896=CARTESIAN_POINT('Ctrl Pts',(0.64516269618662,-22.2606273906815,7.3));
#4897=CARTESIAN_POINT('Ctrl Pts',(0.621183208613295,-22.2270260544575,7.3));
#4898=CARTESIAN_POINT('Ctrl Pts',(0.596338066508588,-22.1945579422647,7.3));
#4899=CARTESIAN_POINT('Ctrl Pts',(0.570622730811514,-22.163228996165,7.3));
#4900=CARTESIAN_POINT('Ctrl Pts',(0.541668945465417,-22.1279546528246,7.3));
#4901=CARTESIAN_POINT('Ctrl Pts',(0.511612502632083,-22.0941237929031,7.3));
#4902=CARTESIAN_POINT('Ctrl Pts',(0.480492928433517,-22.0616846729509,7.3));
#4903=CARTESIAN_POINT('Ctrl Pts',(0.410275540301965,-21.9884898965122,7.3));
#4904=CARTESIAN_POINT('Ctrl Pts',(0.334651604428233,-21.922372804765,7.3));
#4905=CARTESIAN_POINT('Ctrl Pts',(0.254364612719062,-21.8623600961583,7.3));
#4906=CARTESIAN_POINT('Ctrl Pts',(0.214221116864477,-21.8323537418549,7.3));
#4907=CARTESIAN_POINT('Ctrl Pts',(0.172912445163542,-21.8038727134415,7.3));
#4908=CARTESIAN_POINT('Ctrl Pts',(0.130503333224359,-21.776832265856,7.3));
#4909=CARTESIAN_POINT('Ctrl Pts',(0.0917893407631005,-21.7521478611113,
7.3));
#4910=CARTESIAN_POINT('Ctrl Pts',(0.0521583495115094,-21.7286638949098,
7.3));
#4911=CARTESIAN_POINT('Ctrl Pts',(0.0116296015330088,-21.7063551775623,
7.3));
#4912=CARTESIAN_POINT('Ctrl Pts',(0.0077612697865178,-21.7042258860385,
7.3));
#4913=CARTESIAN_POINT('Ctrl Pts',(0.00388473549152441,-21.7021073324301,
7.3));
#4914=CARTESIAN_POINT('Ctrl Pts',(0.,-21.6999995149672,7.3));
#4915=CARTESIAN_POINT('',(0.,-21.6999995149672,1.));
#4916=CARTESIAN_POINT('',(0.,-21.6999995149672,8.));
#4917=CARTESIAN_POINT('',(1.,-23.0000000596046,1.));
#4918=CARTESIAN_POINT('Ctrl Pts',(1.,-23.0000000596046,1.));
#4919=CARTESIAN_POINT('Ctrl Pts',(0.988101480824051,-22.9633944405533,1.));
#4920=CARTESIAN_POINT('Ctrl Pts',(0.963601743800722,-22.8911031017789,1.));
#4921=CARTESIAN_POINT('Ctrl Pts',(0.924744129305977,-22.7854256776396,1.));
#4922=CARTESIAN_POINT('Ctrl Pts',(0.868647844418746,-22.6501333997893,1.));
#4923=CARTESIAN_POINT('Ctrl Pts',(0.790894948687654,-22.4910097720491,1.));
#4924=CARTESIAN_POINT('Ctrl Pts',(0.704811394241162,-22.3427917681037,1.));
#4925=CARTESIAN_POINT('Ctrl Pts',(0.609691931962784,-22.2064026260527,1.));
#4926=CARTESIAN_POINT('Ctrl Pts',(0.505106203468439,-22.0824057259084,1.));
#4927=CARTESIAN_POINT('Ctrl Pts',(0.391369635000738,-21.9703881447464,1.));
#4928=CARTESIAN_POINT('Ctrl Pts',(0.269148503537744,-21.8694776626941,1.));
#4929=CARTESIAN_POINT('Ctrl Pts',(0.165128442066444,-21.7969221618326,1.));
#4930=CARTESIAN_POINT('Ctrl Pts',(0.0838230079966849,-21.7468129666638,
1.));
#4931=CARTESIAN_POINT('Ctrl Pts',(0.0281807754822851,-21.7152901134675,
1.));
#4932=CARTESIAN_POINT('Ctrl Pts',(0.,-21.6999995149672,1.));
#4933=CARTESIAN_POINT('',(1.,-23.0000000596046,5.));
#4934=CARTESIAN_POINT('',(1.,-23.0000000596046,8.));
#4935=CARTESIAN_POINT('',(1.,-23.0000000596046,6.4));
#4936=CARTESIAN_POINT('Origin',(1.,-6.,1.));
#4937=CARTESIAN_POINT('',(0.25,-6.,1.));
#4938=CARTESIAN_POINT('Origin',(1.,-6.,1.));
#4939=CARTESIAN_POINT('',(0.25,-6.,3.5));
#4940=CARTESIAN_POINT('',(0.25,-6.,1.));
#4941=CARTESIAN_POINT('Origin',(1.,-6.,3.5));
#4942=CARTESIAN_POINT('Origin',(1.,-6.,3.5));
#4943=CARTESIAN_POINT('',(1.6,-6.,3.5));
#4944=CARTESIAN_POINT('Origin',(1.,-6.,3.5));
#4945=CARTESIAN_POINT('Origin',(43.3999990299344,-26.3999992981553,1.));
#4946=CARTESIAN_POINT('',(42.6499990299344,-26.3999992981553,1.));
#4947=CARTESIAN_POINT('Origin',(43.3999990299344,-26.3999992981553,1.));
#4948=CARTESIAN_POINT('',(42.6499990299344,-26.3999992981553,3.5));
#4949=CARTESIAN_POINT('',(42.6499990299344,-26.3999992981553,1.));
#4950=CARTESIAN_POINT('Origin',(43.3999990299344,-26.3999992981553,3.5));
#4951=CARTESIAN_POINT('Origin',(43.3999990299344,-26.3999992981553,3.5));
#4952=CARTESIAN_POINT('',(43.9999990299344,-26.3999992981553,3.5));
#4953=CARTESIAN_POINT('Origin',(43.3999990299344,-26.3999992981553,3.5));
#4954=CARTESIAN_POINT('Origin',(1.,-18.0000000596046,1.));
#4955=CARTESIAN_POINT('',(0.25,-18.0000000596046,1.));
#4956=CARTESIAN_POINT('Origin',(1.,-18.0000000596046,1.));
#4957=CARTESIAN_POINT('',(0.25,-18.0000000596046,3.5));
#4958=CARTESIAN_POINT('',(0.25,-18.0000000596046,1.));
#4959=CARTESIAN_POINT('Origin',(1.,-18.0000000596046,3.5));
#4960=CARTESIAN_POINT('Origin',(1.,-18.0000000596046,3.5));
#4961=CARTESIAN_POINT('',(1.6,-18.0000000596046,3.5));
#4962=CARTESIAN_POINT('Origin',(1.,-18.0000000596046,3.5));
#4963=CARTESIAN_POINT('Origin',(43.3999990299344,-11.4999998547137,1.));
#4964=CARTESIAN_POINT('',(42.6499990299344,-11.4999998547137,1.));
#4965=CARTESIAN_POINT('Origin',(43.3999990299344,-11.4999998547137,1.));
#4966=CARTESIAN_POINT('',(42.6499990299344,-11.4999998547137,3.5));
#4967=CARTESIAN_POINT('',(42.6499990299344,-11.4999998547137,1.));
#4968=CARTESIAN_POINT('Origin',(43.3999990299344,-11.4999998547137,3.5));
#4969=CARTESIAN_POINT('Origin',(43.3999990299344,-11.4999998547137,3.5));
#4970=CARTESIAN_POINT('',(43.9999990299344,-11.4999998547137,3.5));
#4971=CARTESIAN_POINT('Origin',(43.3999990299344,-11.4999998547137,3.5));
#4972=CARTESIAN_POINT('Origin',(43.3999990299344,-11.4999998547137,8.));
#4973=CARTESIAN_POINT('',(43.9999990299344,-11.4999998547137,7.3));
#4974=CARTESIAN_POINT('Origin',(43.3999990299344,-11.4999998547137,7.3));
#4975=CARTESIAN_POINT('',(43.9999990299344,-11.4999998547137,8.));
#4976=CARTESIAN_POINT('Origin',(1.,-18.0000000596046,8.));
#4977=CARTESIAN_POINT('',(1.6,-18.0000000596046,7.3));
#4978=CARTESIAN_POINT('Origin',(1.,-18.0000000596046,7.3));
#4979=CARTESIAN_POINT('',(1.6,-18.0000000596046,8.));
#4980=CARTESIAN_POINT('Origin',(43.3999990299344,-26.3999992981553,8.));
#4981=CARTESIAN_POINT('',(43.9999990299344,-26.3999992981553,7.3));
#4982=CARTESIAN_POINT('Origin',(43.3999990299344,-26.3999992981553,7.3));
#4983=CARTESIAN_POINT('',(43.9999990299344,-26.3999992981553,8.));
#4984=CARTESIAN_POINT('Origin',(1.,-6.,8.));
#4985=CARTESIAN_POINT('',(1.6,-6.,7.3));
#4986=CARTESIAN_POINT('Origin',(1.,-6.,7.3));
#4987=CARTESIAN_POINT('',(1.6,-6.,8.));
#4988=CARTESIAN_POINT('Origin',(2.00000002980232,-2.00000002980232,7.3));
#4989=CARTESIAN_POINT('',(0.,-1.,7.3));
#4990=CARTESIAN_POINT('',(16.0000000596046,-1.,7.3));
#4991=CARTESIAN_POINT('',(23.2000000149012,-1.,7.3));
#4992=CARTESIAN_POINT('',(0.,-11.5000000149012,7.3));
#4993=CARTESIAN_POINT('',(2.,-23.0000000596046,7.3));
#4994=CARTESIAN_POINT('',(1.00000001490116,-23.0000000596046,7.3));
#4995=CARTESIAN_POINT('',(2.,-2.50000002980232,7.3));
#4996=CARTESIAN_POINT('',(2.,-16.2000000149012,7.3));
#4997=CARTESIAN_POINT('',(2.50000002980232,-2.,7.3));
#4998=CARTESIAN_POINT('Origin',(2.00000002980232,-2.00000002980232,7.3));
#4999=CARTESIAN_POINT('',(16.0000000596046,-2.,7.3));
#5000=CARTESIAN_POINT('',(2.00000001490116,-2.,7.3));
#5001=CARTESIAN_POINT('',(16.0000000596046,-2.00000001490116,7.3));
#5002=CARTESIAN_POINT('Origin',(42.4,-30.2999996848404,7.3));
#5003=CARTESIAN_POINT('',(44.3999990075827,-31.3999992758036,7.3));
#5004=CARTESIAN_POINT('',(32.4,-31.4,7.3));
#5005=CARTESIAN_POINT('',(21.2,-31.4,7.3));
#5006=CARTESIAN_POINT('',(44.3999990075827,-7.59999983012676,7.3));
#5007=CARTESIAN_POINT('',(44.3999990075827,-31.349999480322,7.3));
#5008=CARTESIAN_POINT('',(43.4,-6.5,7.3));
#5009=CARTESIAN_POINT('Ctrl Pts',(43.399999057224,-6.50000010343913,7.3));
#5010=CARTESIAN_POINT('Ctrl Pts',(43.4055582093689,-6.55066792809597,7.3));
#5011=CARTESIAN_POINT('Ctrl Pts',(43.412391516239,-6.59983142918413,7.3));
#5012=CARTESIAN_POINT('Ctrl Pts',(43.4205165424841,-6.64746986909939,7.3));
#5013=CARTESIAN_POINT('Ctrl Pts',(43.4289837500356,-6.69711457743931,7.3));
#5014=CARTESIAN_POINT('Ctrl Pts',(43.4388538118857,-6.74510301378733,7.3));
#5015=CARTESIAN_POINT('Ctrl Pts',(43.4501847184553,-6.79136671208165,7.3));
#5016=CARTESIAN_POINT('Ctrl Pts',(43.4627030032521,-6.84247843447099,7.3));
#5017=CARTESIAN_POINT('Ctrl Pts',(43.4770046460012,-6.89148464538271,7.3));
#5018=CARTESIAN_POINT('Ctrl Pts',(43.4932113861959,-6.93824161377354,7.3));
#5019=CARTESIAN_POINT('Ctrl Pts',(43.5120895963272,-6.99270585912948,7.3));
#5020=CARTESIAN_POINT('Ctrl Pts',(43.5335554627079,-7.04411500277449,7.3));
#5021=CARTESIAN_POINT('Ctrl Pts',(43.5578370432847,-7.09219978938539,7.3));
#5022=CARTESIAN_POINT('Ctrl Pts',(43.5776372223394,-7.13141006161999,7.3));
#5023=CARTESIAN_POINT('Ctrl Pts',(43.5993121643567,-7.16840690557038,7.3));
#5024=CARTESIAN_POINT('Ctrl Pts',(43.6229692481319,-7.20306354507017,7.3));
#5025=CARTESIAN_POINT('Ctrl Pts',(43.6418975921229,-7.23079277832047,7.3));
#5026=CARTESIAN_POINT('Ctrl Pts',(43.6620954103745,-7.25702321396831,7.3));
#5027=CARTESIAN_POINT('Ctrl Pts',(43.6835922267324,-7.28171999485261,7.3));
#5028=CARTESIAN_POINT('Ctrl Pts',(43.7042642482248,-7.30546920388582,7.3));
#5029=CARTESIAN_POINT('Ctrl Pts',(43.7261377585749,-7.32779988189818,7.3));
#5030=CARTESIAN_POINT('Ctrl Pts',(43.7492048006463,-7.34872142343802,7.3));
#5031=CARTESIAN_POINT('Ctrl Pts',(43.7767929931257,-7.37374359633652,7.3));
#5032=CARTESIAN_POINT('Ctrl Pts',(43.8060881552151,-7.3967504452249,7.3));
#5033=CARTESIAN_POINT('Ctrl Pts',(43.837026454241,-7.41781733378815,7.3));
#5034=CARTESIAN_POINT('Ctrl Pts',(43.8987695791568,-7.45986022473877,7.3));
#5035=CARTESIAN_POINT('Ctrl Pts',(43.9670527191811,-7.49418168386392,7.3));
#5036=CARTESIAN_POINT('Ctrl Pts',(44.0411439159243,-7.52164589369846,7.3));
#5037=CARTESIAN_POINT('Ctrl Pts',(44.0813222965963,-7.536539261954,7.3));
#5038=CARTESIAN_POINT('Ctrl Pts',(44.1232070082173,-7.54941806023277,7.3));
#5039=CARTESIAN_POINT('Ctrl Pts',(44.1667023718937,-7.56039525127963,7.3));
#5040=CARTESIAN_POINT('Ctrl Pts',(44.2067214702576,-7.57049511598092,7.3));
#5041=CARTESIAN_POINT('Ctrl Pts',(44.2481037580794,-7.57898553876525,7.3));
#5042=CARTESIAN_POINT('Ctrl Pts',(44.2908032054336,-7.58592086460395,7.3));
#5043=CARTESIAN_POINT('Ctrl Pts',(44.3262942248754,-7.59168538380567,7.3));
#5044=CARTESIAN_POINT('Ctrl Pts',(44.3626956908138,-7.59637498950509,7.3));
#5045=CARTESIAN_POINT('Ctrl Pts',(44.3999990075827,-7.59999983012676,7.3));
#5046=CARTESIAN_POINT('',(42.4,-6.5,7.3));
#5047=CARTESIAN_POINT('',(43.4,-6.5,7.3));
#5048=CARTESIAN_POINT('',(42.4,-29.9000014439266,7.3));
#5049=CARTESIAN_POINT('',(42.4,-29.2499995272607,7.3));
#5050=CARTESIAN_POINT('',(41.9000020138941,-30.4,7.3));
#5051=CARTESIAN_POINT('Origin',(42.400002013892,-30.4000014439225,7.3));
#5052=CARTESIAN_POINT('',(32.4,-30.4,7.3));
#5053=CARTESIAN_POINT('',(42.4,-30.4,7.3));
#5054=CARTESIAN_POINT('',(32.4,-30.3499998424202,7.3));
#5055=CARTESIAN_POINT('Origin',(42.4,-30.2999996848404,7.3));
#5056=CARTESIAN_POINT('',(32.4,-1.,7.3));
#5057=CARTESIAN_POINT('',(44.3999990075827,-0.999999977648258,7.3));
#5058=CARTESIAN_POINT('',(43.4,-1.,7.3));
#5059=CARTESIAN_POINT('',(32.4,-2.,7.3));
#5060=CARTESIAN_POINT('',(32.4,-15.1499998424202,7.3));
#5061=CARTESIAN_POINT('',(41.9,-2.,7.3));
#5062=CARTESIAN_POINT('',(41.4,-2.,7.3));
#5063=CARTESIAN_POINT('',(42.4,-2.5,7.3));
#5064=CARTESIAN_POINT('Origin',(42.4,-2.,7.3));
#5065=CARTESIAN_POINT('',(42.4,-3.5,7.3));
#5066=CARTESIAN_POINT('',(42.4,-29.2499995272607,7.3));
#5067=CARTESIAN_POINT('',(43.4,-3.5,7.3));
#5068=CARTESIAN_POINT('',(42.4,-3.5,7.3));
#5069=CARTESIAN_POINT('',(44.3999990075827,-2.49999994412065,7.3));
#5070=CARTESIAN_POINT('Ctrl Pts',(44.3999990075827,-2.49999994412065,7.3));
#5071=CARTESIAN_POINT('Ctrl Pts',(44.3545539755207,-2.5062417473461,7.3));
#5072=CARTESIAN_POINT('Ctrl Pts',(44.3104329064126,-2.51380751352313,7.3));
#5073=CARTESIAN_POINT('Ctrl Pts',(44.2676550836815,-2.522716526075,7.3));
#5074=CARTESIAN_POINT('Ctrl Pts',(44.2228443450291,-2.53204891860051,7.3));
#5075=CARTESIAN_POINT('Ctrl Pts',(44.1795076196866,-2.54285532443351,7.3));
#5076=CARTESIAN_POINT('Ctrl Pts',(44.1377092643376,-2.55520010025808,7.3));
#5077=CARTESIAN_POINT('Ctrl Pts',(44.0899322241305,-2.56931062795693,7.3));
#5078=CARTESIAN_POINT('Ctrl Pts',(44.0441654617539,-2.58543143348364,7.3));
#5079=CARTESIAN_POINT('Ctrl Pts',(44.000557138455,-2.6037106780861,7.3));
#5080=CARTESIAN_POINT('Ctrl Pts',(43.9560630935534,-2.62236118946972,7.3));
#5081=CARTESIAN_POINT('Ctrl Pts',(43.9138191242691,-2.64326177646863,7.3));
#5082=CARTESIAN_POINT('Ctrl Pts',(43.8740052859488,-2.66659249443043,7.3));
#5083=CARTESIAN_POINT('Ctrl Pts',(43.8396574091456,-2.68672018520551,7.3));
#5084=CARTESIAN_POINT('Ctrl Pts',(43.8071205416088,-2.70865888524606,7.3));
#5085=CARTESIAN_POINT('Ctrl Pts',(43.7764899823807,-2.73250389359513,7.3));
#5086=CARTESIAN_POINT('Ctrl Pts',(43.7513909917506,-2.75204273507273,7.3));
#5087=CARTESIAN_POINT('Ctrl Pts',(43.7275724792444,-2.77286205467404,7.3));
#5088=CARTESIAN_POINT('Ctrl Pts',(43.705057859357,-2.79498526689435,7.3));
#5089=CARTESIAN_POINT('Ctrl Pts',(43.6827966975852,-2.81685942726722,7.3));
#5090=CARTESIAN_POINT('Ctrl Pts',(43.6618103904647,-2.84000844229158,7.3));
#5091=CARTESIAN_POINT('Ctrl Pts',(43.6420819778687,-2.86441535184079,7.3));
#5092=CARTESIAN_POINT('Ctrl Pts',(43.6177585058198,-2.89450701681049,7.3));
#5093=CARTESIAN_POINT('Ctrl Pts',(43.5953465745019,-2.92651022251171,7.3));
#5094=CARTESIAN_POINT('Ctrl Pts',(43.5747566088146,-2.96033539384444,7.3));
#5095=CARTESIAN_POINT('Ctrl Pts',(43.5443258284684,-3.01032704388563,7.3));
#5096=CARTESIAN_POINT('Ctrl Pts',(43.5178697342791,-3.06429338008568,7.3));
#5097=CARTESIAN_POINT('Ctrl Pts',(43.4950181518678,-3.12186422806645,7.3));
#5098=CARTESIAN_POINT('Ctrl Pts',(43.4788279530337,-3.16265280275128,7.3));
#5099=CARTESIAN_POINT('Ctrl Pts',(43.4644450961072,-3.20524871934502,7.3));
#5100=CARTESIAN_POINT('Ctrl Pts',(43.4517580776181,-3.24954047437784,7.3));
#5101=CARTESIAN_POINT('Ctrl Pts',(43.440175576691,-3.28997623902754,7.3));
#5102=CARTESIAN_POINT('Ctrl Pts',(43.4300061726344,-3.33182510054907,7.3));
#5103=CARTESIAN_POINT('Ctrl Pts',(43.421195401785,-3.3750325952793,7.3));
#5104=CARTESIAN_POINT('Ctrl Pts',(43.4129430805591,-3.41550148636463,7.3));
#5105=CARTESIAN_POINT('Ctrl Pts',(43.4058827071487,-3.45716232526677,7.3));
#5106=CARTESIAN_POINT('Ctrl Pts',(43.3999990373495,-3.49999986778145,7.3));
#5107=CARTESIAN_POINT('',(44.3999990075827,-15.6499998312444,7.3));
#5108=CARTESIAN_POINT('Origin',(2.00000002980232,-30.2998153277071,7.3));
#5109=CARTESIAN_POINT('',(0.999999977648258,-28.1999993696809,7.3));
#5110=CARTESIAN_POINT('',(1.,-28.1996306554142,7.3));
#5111=CARTESIAN_POINT('',(1.,-15.1499076638536,7.3));
#5112=CARTESIAN_POINT('',(0.,-29.3999992981553,7.3));
#5113=CARTESIAN_POINT('Ctrl Pts',(0.,-29.3999992981553,7.3));
#5114=CARTESIAN_POINT('Ctrl Pts',(0.0393209736551305,-29.3865514021924,
7.3));
#5115=CARTESIAN_POINT('Ctrl Pts',(0.0777868674321216,-29.371672516929,7.3));
#5116=CARTESIAN_POINT('Ctrl Pts',(0.11538361216335,-29.3553390973971,7.3));
#5117=CARTESIAN_POINT('Ctrl Pts',(0.155255309613499,-29.3380173540771,7.3));
#5118=CARTESIAN_POINT('Ctrl Pts',(0.194149408036437,-29.31905958378,7.3));
#5119=CARTESIAN_POINT('Ctrl Pts',(0.23201772079447,-29.2983851454274,7.3));
#5120=CARTESIAN_POINT('Ctrl Pts',(0.278420137998506,-29.2730514602426,7.3));
#5121=CARTESIAN_POINT('Ctrl Pts',(0.323281840117914,-29.2451393647146,7.3));
#5122=CARTESIAN_POINT('Ctrl Pts',(0.366470244366307,-29.214426979514,7.3));
#5123=CARTESIAN_POINT('Ctrl Pts',(0.40272044721397,-29.1886485278016,7.3));
#5124=CARTESIAN_POINT('Ctrl Pts',(0.437789587483632,-29.1608935497354,7.3));
#5125=CARTESIAN_POINT('Ctrl Pts',(0.471595794622033,-29.1310250336871,7.3));
#5126=CARTESIAN_POINT('Ctrl Pts',(0.501176225868134,-29.1048900821448,7.3));
#5127=CARTESIAN_POINT('Ctrl Pts',(0.52978861146954,-29.077135091356,7.3));
#5128=CARTESIAN_POINT('Ctrl Pts',(0.55739611278204,-29.0476984112835,7.3));
#5129=CARTESIAN_POINT('Ctrl Pts',(0.582212676816842,-29.021237586462,7.3));
#5130=CARTESIAN_POINT('Ctrl Pts',(0.606216838194381,-28.9934171933222,7.3));
#5131=CARTESIAN_POINT('Ctrl Pts',(0.629406789752351,-28.9642342075501,7.3));
#5132=CARTESIAN_POINT('Ctrl Pts',(0.65431520575466,-28.9328886504892,7.3));
#5133=CARTESIAN_POINT('Ctrl Pts',(0.678284715137459,-28.8999718187869,7.3));
#5134=CARTESIAN_POINT('Ctrl Pts',(0.701347720853753,-28.8655379392823,7.3));
#5135=CARTESIAN_POINT('Ctrl Pts',(0.735071109490823,-28.8151877327611,7.3));
#5136=CARTESIAN_POINT('Ctrl Pts',(0.766857417812805,-28.761595792595,7.3));
#5137=CARTESIAN_POINT('Ctrl Pts',(0.796868176033112,-28.7050324420752,7.3));
#5138=CARTESIAN_POINT('Ctrl Pts',(0.823261768655676,-28.655286613595,7.3));
#5139=CARTESIAN_POINT('Ctrl Pts',(0.848284978413051,-28.6032474283516,7.3));
#5140=CARTESIAN_POINT('Ctrl Pts',(0.87204649813202,-28.5490967854587,7.3));
#5141=CARTESIAN_POINT('Ctrl Pts',(0.893185336853596,-28.5009230272009,7.3));
#5142=CARTESIAN_POINT('Ctrl Pts',(0.913326231964869,-28.4510791949903,7.3));
#5143=CARTESIAN_POINT('Ctrl Pts',(0.932524305296483,-28.3996575360565,7.3));
#5144=CARTESIAN_POINT('Ctrl Pts',(0.950723994217053,-28.3509100299808,7.3));
#5145=CARTESIAN_POINT('Ctrl Pts',(0.96807652051692,-28.300744784253,7.3));
#5146=CARTESIAN_POINT('Ctrl Pts',(0.984604038821919,-28.2491988749796,7.3));
#5147=CARTESIAN_POINT('Ctrl Pts',(0.989818286246971,-28.2329367163336,7.3));
#5148=CARTESIAN_POINT('Ctrl Pts',(0.994950220399104,-28.2165368051616,7.3));
#5149=CARTESIAN_POINT('Ctrl Pts',(0.999999977648258,-28.1999993696809,7.3));
#5150=CARTESIAN_POINT('',(0.,-31.3999992981553,7.3));
#5151=CARTESIAN_POINT('',(0.,-30.8499073129312,7.3));
#5152=CARTESIAN_POINT('',(3.00000005960464,-31.4,7.3));
#5153=CARTESIAN_POINT('',(1.00000001490116,-31.4,7.3));
#5154=CARTESIAN_POINT('',(3.00000153691524,-30.3992848801827,7.3));
#5155=CARTESIAN_POINT('',(3.00000005960464,-31.3499076638536,7.3));
#5156=CARTESIAN_POINT('',(2.03085526677734,-30.3992848801827,7.3));
#5157=CARTESIAN_POINT('',(2.50000078335878,-30.3992848801827,7.3));
#5158=CARTESIAN_POINT('',(2.00000153691524,-29.3992848801827,7.3));
#5159=CARTESIAN_POINT('Origin',(2.00000153691524,-29.8997608565059,7.3));
#5160=CARTESIAN_POINT('',(2.,-28.1996306554142,7.3));
#5161=CARTESIAN_POINT('',(2.,-30.3499076638536,7.3));
#5162=CARTESIAN_POINT('',(2.00000001490116,-28.1996306554142,7.3));
#5163=CARTESIAN_POINT('Origin',(2.00000002980232,-2.00000002980232,3.5));
#5164=CARTESIAN_POINT('',(2.,-2.50000002980232,2.));
#5165=CARTESIAN_POINT('',(2.,-2.50000002980232,3.5));
#5166=CARTESIAN_POINT('',(2.50000002980232,-2.00000002980232,2.));
#5167=CARTESIAN_POINT('Origin',(2.00000002980232,-2.00000002980232,2.));
#5168=CARTESIAN_POINT('',(2.50000002980232,-2.00000002980232,3.5));
#5169=CARTESIAN_POINT('Origin',(2.,-30.4,0.));
#5170=CARTESIAN_POINT('',(2.,-23.0000000596046,5.));
#5171=CARTESIAN_POINT('',(2.,-23.0000000596046,0.));
#5172=CARTESIAN_POINT('',(2.,-23.8000000596046,5.));
#5173=CARTESIAN_POINT('',(2.,-23.0000000596046,5.));
#5174=CARTESIAN_POINT('',(2.,-23.8000000596046,3.5));
#5175=CARTESIAN_POINT('',(2.,-23.8000000596046,3.5));
#5176=CARTESIAN_POINT('',(2.,-9.,3.5));
#5177=CARTESIAN_POINT('',(2.,-20.0000000298023,3.5));
#5178=CARTESIAN_POINT('',(2.,-9.,2.));
#5179=CARTESIAN_POINT('',(2.,-9.,1.));
#5180=CARTESIAN_POINT('',(2.,-19.3500001676381,2.));
#5181=CARTESIAN_POINT('Origin',(0.,-23.0000000596046,0.));
#5182=CARTESIAN_POINT('',(0.75,-23.0000000596046,5.));
#5183=CARTESIAN_POINT('Origin',(32.4,-30.4,0.));
#5184=CARTESIAN_POINT('',(32.4,-30.4,2.));
#5185=CARTESIAN_POINT('',(32.4,-30.4,0.));
#5186=CARTESIAN_POINT('',(32.4,-31.4,2.));
#5187=CARTESIAN_POINT('',(32.4,-23.3,2.));
#5188=CARTESIAN_POINT('',(32.4,-31.4,0.));
#5189=CARTESIAN_POINT('Origin',(42.4,-30.4,0.));
#5190=CARTESIAN_POINT('',(41.9000020138941,-30.4,2.));
#5191=CARTESIAN_POINT('',(41.9000020138941,-30.4,3.5));
#5192=CARTESIAN_POINT('',(37.9,-30.4,2.));
#5193=CARTESIAN_POINT('',(31.3,-30.4,2.));
#5194=CARTESIAN_POINT('',(37.9,-30.4,3.5));
#5195=CARTESIAN_POINT('',(37.9,-30.4,1.));
#5196=CARTESIAN_POINT('',(34.9,-30.4,3.5));
#5197=CARTESIAN_POINT('',(39.4,-30.4,3.5));
#5198=CARTESIAN_POINT('',(34.9,-30.4,2.));
#5199=CARTESIAN_POINT('',(34.9,-30.4,1.));
#5200=CARTESIAN_POINT('',(31.3,-30.4,2.));
#5201=CARTESIAN_POINT('Origin',(42.400002013892,-30.4000014439225,3.5));
#5202=CARTESIAN_POINT('',(42.4,-29.9000014439266,2.));
#5203=CARTESIAN_POINT('',(42.4,-29.9000014439266,3.5));
#5204=CARTESIAN_POINT('Origin',(42.400002013892,-30.4000014439225,2.));
#5205=CARTESIAN_POINT('Origin',(44.4,-6.5,6.4));
#5206=CARTESIAN_POINT('',(43.4,-6.5,4.9));
#5207=CARTESIAN_POINT('',(43.4,-6.5,3.2));
#5208=CARTESIAN_POINT('',(42.4,-6.5,4.9));
#5209=CARTESIAN_POINT('',(44.4,-6.5,4.9));
#5210=CARTESIAN_POINT('',(42.4,-6.5,3.2));
#5211=CARTESIAN_POINT('Ctrl Pts',(43.3999990299344,-6.49999985471368,8.));
#5212=CARTESIAN_POINT('Ctrl Pts',(43.3999990299344,-6.49999985471368,1.));
#5213=CARTESIAN_POINT('Ctrl Pts',(43.4044296334165,-6.5403817735993,8.));
#5214=CARTESIAN_POINT('Ctrl Pts',(43.4044296334165,-6.5403817735993,1.));
#5215=CARTESIAN_POINT('Ctrl Pts',(43.4146428344549,-6.6195493872148,8.));
#5216=CARTESIAN_POINT('Ctrl Pts',(43.4146428344549,-6.6195493872148,1.));
#5217=CARTESIAN_POINT('Ctrl Pts',(43.4340184576189,-6.73351232480162,8.));
#5218=CARTESIAN_POINT('Ctrl Pts',(43.4340184576189,-6.73351232480162,1.));
#5219=CARTESIAN_POINT('Ctrl Pts',(43.4680991058663,-6.87572674353182,8.));
#5220=CARTESIAN_POINT('Ctrl Pts',(43.4680991058663,-6.87572674353182,1.));
#5221=CARTESIAN_POINT('Ctrl Pts',(43.525383505099,-7.03615867075276,8.));
#5222=CARTESIAN_POINT('Ctrl Pts',(43.525383505099,-7.03615867075276,1.));
#5223=CARTESIAN_POINT('Ctrl Pts',(43.5986894113409,-7.17767489637103,8.));
#5224=CARTESIAN_POINT('Ctrl Pts',(43.5986894113409,-7.17767489637103,1.));
#5225=CARTESIAN_POINT('Ctrl Pts',(43.6893649312225,-7.2986837859292,8.));
#5226=CARTESIAN_POINT('Ctrl Pts',(43.6893649312225,-7.2986837859292,1.));
#5227=CARTESIAN_POINT('Ctrl Pts',(43.7982188267774,-7.39823047911674,8.));
#5228=CARTESIAN_POINT('Ctrl Pts',(43.7982188267774,-7.39823047911674,1.));
#5229=CARTESIAN_POINT('Ctrl Pts',(43.9246258145808,-7.47705321327833,8.));
#5230=CARTESIAN_POINT('Ctrl Pts',(43.9246258145808,-7.47705321327833,1.));
#5231=CARTESIAN_POINT('Ctrl Pts',(44.0672999592039,-7.5366702208083,8.));
#5232=CARTESIAN_POINT('Ctrl Pts',(44.0672999592039,-7.5366702208083,1.));
#5233=CARTESIAN_POINT('Ctrl Pts',(44.1934050184518,-7.57023653944034,8.));
#5234=CARTESIAN_POINT('Ctrl Pts',(44.1934050184518,-7.57023653944034,1.));
#5235=CARTESIAN_POINT('Ctrl Pts',(44.2942896437875,-7.5879663348583,8.));
#5236=CARTESIAN_POINT('Ctrl Pts',(44.2942896437875,-7.5879663348583,1.));
#5237=CARTESIAN_POINT('Ctrl Pts',(44.3643030458563,-7.59653117952669,8.));
#5238=CARTESIAN_POINT('Ctrl Pts',(44.3643030458563,-7.59653117952669,1.));
#5239=CARTESIAN_POINT('Ctrl Pts',(44.3999990075827,-7.59999983012676,8.));
#5240=CARTESIAN_POINT('Ctrl Pts',(44.3999990075827,-7.59999983012676,1.));
#5241=CARTESIAN_POINT('',(44.3999990075827,-7.59999983012676,1.));
#5242=CARTESIAN_POINT('',(44.3999990075827,-7.59999983012676,8.));
#5243=CARTESIAN_POINT('',(43.3999990299344,-6.49999985471368,1.));
#5244=CARTESIAN_POINT('Ctrl Pts',(43.3999990299344,-6.49999985471368,1.));
#5245=CARTESIAN_POINT('Ctrl Pts',(43.4044296334165,-6.5403817735993,1.));
#5246=CARTESIAN_POINT('Ctrl Pts',(43.4146428344549,-6.6195493872148,1.));
#5247=CARTESIAN_POINT('Ctrl Pts',(43.4340184576189,-6.73351232480162,1.));
#5248=CARTESIAN_POINT('Ctrl Pts',(43.4680991058663,-6.87572674353182,1.));
#5249=CARTESIAN_POINT('Ctrl Pts',(43.525383505099,-7.03615867075276,1.));
#5250=CARTESIAN_POINT('Ctrl Pts',(43.5986894113409,-7.17767489637103,1.));
#5251=CARTESIAN_POINT('Ctrl Pts',(43.6893649312225,-7.2986837859292,1.));
#5252=CARTESIAN_POINT('Ctrl Pts',(43.7982188267774,-7.39823047911674,1.));
#5253=CARTESIAN_POINT('Ctrl Pts',(43.9246258145808,-7.47705321327833,1.));
#5254=CARTESIAN_POINT('Ctrl Pts',(44.0672999592039,-7.5366702208083,1.));
#5255=CARTESIAN_POINT('Ctrl Pts',(44.1934050184518,-7.57023653944034,1.));
#5256=CARTESIAN_POINT('Ctrl Pts',(44.2942896437875,-7.5879663348583,1.));
#5257=CARTESIAN_POINT('Ctrl Pts',(44.3643030458563,-7.59653117952669,1.));
#5258=CARTESIAN_POINT('Ctrl Pts',(44.3999990075827,-7.59999983012676,1.));
#5259=CARTESIAN_POINT('',(43.3999990299344,-6.49999985471368,8.));
#5260=CARTESIAN_POINT('Origin',(40.4,-2.,0.));
#5261=CARTESIAN_POINT('',(32.4,-2.,2.));
#5262=CARTESIAN_POINT('',(32.4,-2.,0.));
#5263=CARTESIAN_POINT('',(41.4,-2.,2.));
#5264=CARTESIAN_POINT('',(31.3,-2.,2.));
#5265=CARTESIAN_POINT('',(41.4,-2.,3.5));
#5266=CARTESIAN_POINT('',(41.4,-2.,1.));
#5267=CARTESIAN_POINT('',(41.9,-2.,3.5));
#5268=CARTESIAN_POINT('',(41.15,-2.,3.5));
#5269=CARTESIAN_POINT('',(41.9,-2.,3.5));
#5270=CARTESIAN_POINT('Origin',(42.4,-28.1999993696809,0.));
#5271=CARTESIAN_POINT('',(42.4,-3.5,4.9));
#5272=CARTESIAN_POINT('',(42.4,-16.5999996848404,4.9));
#5273=CARTESIAN_POINT('',(42.4,-3.5,3.2));
#5274=CARTESIAN_POINT('',(42.4,-2.5,3.5));
#5275=CARTESIAN_POINT('',(42.4,-2.5,3.5));
#5276=CARTESIAN_POINT('',(42.4,-3.,3.5));
#5277=CARTESIAN_POINT('',(42.4,-2.25,3.5));
#5278=CARTESIAN_POINT('',(42.4,-3.,2.));
#5279=CARTESIAN_POINT('',(42.4,-3.,1.));
#5280=CARTESIAN_POINT('',(42.4,-18.,2.));
#5281=CARTESIAN_POINT('',(42.4,-9.1,2.));
#5282=CARTESIAN_POINT('',(42.4,-18.,3.5));
#5283=CARTESIAN_POINT('',(42.4,-18.,1.));
#5284=CARTESIAN_POINT('',(42.4,-22.,3.5));
#5285=CARTESIAN_POINT('',(42.4,-24.0999996848404,3.5));
#5286=CARTESIAN_POINT('',(42.4,-22.,2.));
#5287=CARTESIAN_POINT('',(42.4,-22.,1.));
#5288=CARTESIAN_POINT('',(42.4,-9.1,2.));
#5289=CARTESIAN_POINT('Origin',(32.4,0.,0.));
#5290=CARTESIAN_POINT('',(32.4,-1.,2.));
#5291=CARTESIAN_POINT('',(32.4,-1.,0.));
#5292=CARTESIAN_POINT('',(32.4,-8.1,2.));
#5293=CARTESIAN_POINT('Origin',(44.3999990075827,-0.999999977648258,8.));
#5294=CARTESIAN_POINT('',(44.3999990075827,-2.49999994412065,1.));
#5295=CARTESIAN_POINT('',(44.3999990075827,-2.49999994412065,8.));
#5296=CARTESIAN_POINT('',(44.3999990075827,-0.999999977648258,1.));
#5297=CARTESIAN_POINT('',(44.3999990075827,-0.999999977648258,1.));
#5298=CARTESIAN_POINT('',(44.3999990075827,-0.999999977648258,8.));
#5299=CARTESIAN_POINT('Origin',(0.,-31.3999992981553,8.));
#5300=CARTESIAN_POINT('',(0.,-29.3999992981553,1.));
#5301=CARTESIAN_POINT('',(0.,-29.3999992981553,8.));
#5302=CARTESIAN_POINT('',(0.,-31.3999992981553,1.));
#5303=CARTESIAN_POINT('',(0.,-31.3999992981553,1.));
#5304=CARTESIAN_POINT('',(0.,-31.3999992981553,8.));
#5305=CARTESIAN_POINT('Ctrl Pts',(0.,-29.3999992981553,8.));
#5306=CARTESIAN_POINT('Ctrl Pts',(0.,-29.3999992981553,1.));
#5307=CARTESIAN_POINT('Ctrl Pts',(0.0285139062042469,-29.3902474530587,
8.));
#5308=CARTESIAN_POINT('Ctrl Pts',(0.0285139062042469,-29.3902474530587,
1.));
#5309=CARTESIAN_POINT('Ctrl Pts',(0.0847902705671708,-29.3694862030275,
8.));
#5310=CARTESIAN_POINT('Ctrl Pts',(0.0847902705671708,-29.3694862030275,
1.));
#5311=CARTESIAN_POINT('Ctrl Pts',(0.166950500059629,-29.3345716937935,8.));
#5312=CARTESIAN_POINT('Ctrl Pts',(0.166950500059629,-29.3345716937935,1.));
#5313=CARTESIAN_POINT('Ctrl Pts',(0.271914429586956,-29.280349221793,8.));
#5314=CARTESIAN_POINT('Ctrl Pts',(0.271914429586956,-29.280349221793,1.));
#5315=CARTESIAN_POINT('Ctrl Pts',(0.394969488827787,-29.1989322282551,8.));
#5316=CARTESIAN_POINT('Ctrl Pts',(0.394969488827787,-29.1989322282551,1.));
#5317=CARTESIAN_POINT('Ctrl Pts',(0.509173791231193,-29.1027033572881,8.));
#5318=CARTESIAN_POINT('Ctrl Pts',(0.509173791231193,-29.1027033572881,1.));
#5319=CARTESIAN_POINT('Ctrl Pts',(0.613847566581059,-28.9905250029948,8.));
#5320=CARTESIAN_POINT('Ctrl Pts',(0.613847566581059,-28.9905250029948,1.));
#5321=CARTESIAN_POINT('Ctrl Pts',(0.708698755486683,-28.8619083994968,8.));
#5322=CARTESIAN_POINT('Ctrl Pts',(0.708698755486683,-28.8619083994968,1.));
#5323=CARTESIAN_POINT('Ctrl Pts',(0.794204509337831,-28.717652066966,8.));
#5324=CARTESIAN_POINT('Ctrl Pts',(0.794204509337831,-28.717652066966,1.));
#5325=CARTESIAN_POINT('Ctrl Pts',(0.871107564652519,-28.5589989863644,8.));
#5326=CARTESIAN_POINT('Ctrl Pts',(0.871107564652519,-28.5589989863644,1.));
#5327=CARTESIAN_POINT('Ctrl Pts',(0.926331117200589,-28.4215352299133,8.));
#5328=CARTESIAN_POINT('Ctrl Pts',(0.926331117200589,-28.4215352299133,1.));
#5329=CARTESIAN_POINT('Ctrl Pts',(0.964433654304431,-28.3128894961298,8.));
#5330=CARTESIAN_POINT('Ctrl Pts',(0.964433654304431,-28.3128894961298,1.));
#5331=CARTESIAN_POINT('Ctrl Pts',(0.988386090332921,-28.2380336558222,8.));
#5332=CARTESIAN_POINT('Ctrl Pts',(0.988386090332921,-28.2380336558222,1.));
#5333=CARTESIAN_POINT('Ctrl Pts',(0.999999977648258,-28.1999993696809,8.));
#5334=CARTESIAN_POINT('Ctrl Pts',(0.999999977648258,-28.1999993696809,1.));
#5335=CARTESIAN_POINT('',(0.999999977648258,-28.1999993696809,1.));
#5336=CARTESIAN_POINT('',(0.999999977648258,-28.1999993696809,8.));
#5337=CARTESIAN_POINT('Ctrl Pts',(0.,-29.3999992981553,1.));
#5338=CARTESIAN_POINT('Ctrl Pts',(0.0285139062042469,-29.3902474530587,
1.));
#5339=CARTESIAN_POINT('Ctrl Pts',(0.0847902705671708,-29.3694862030275,
1.));
#5340=CARTESIAN_POINT('Ctrl Pts',(0.166950500059629,-29.3345716937935,1.));
#5341=CARTESIAN_POINT('Ctrl Pts',(0.271914429586956,-29.280349221793,1.));
#5342=CARTESIAN_POINT('Ctrl Pts',(0.394969488827787,-29.1989322282551,1.));
#5343=CARTESIAN_POINT('Ctrl Pts',(0.509173791231193,-29.1027033572881,1.));
#5344=CARTESIAN_POINT('Ctrl Pts',(0.613847566581059,-28.9905250029948,1.));
#5345=CARTESIAN_POINT('Ctrl Pts',(0.708698755486683,-28.8619083994968,1.));
#5346=CARTESIAN_POINT('Ctrl Pts',(0.794204509337831,-28.717652066966,1.));
#5347=CARTESIAN_POINT('Ctrl Pts',(0.871107564652519,-28.5589989863644,1.));
#5348=CARTESIAN_POINT('Ctrl Pts',(0.926331117200589,-28.4215352299133,1.));
#5349=CARTESIAN_POINT('Ctrl Pts',(0.964433654304431,-28.3128894961298,1.));
#5350=CARTESIAN_POINT('Ctrl Pts',(0.988386090332921,-28.2380336558222,1.));
#5351=CARTESIAN_POINT('Ctrl Pts',(0.999999977648258,-28.1999993696809,1.));
#5352=CARTESIAN_POINT('Origin',(1.,0.,0.));
#5353=CARTESIAN_POINT('',(1.,-8.1,1.));
#5354=CARTESIAN_POINT('',(1.,-28.1996306554142,5.));
#5355=CARTESIAN_POINT('',(1.,-28.1996306554142,0.));
#5356=CARTESIAN_POINT('',(1.,-27.3996306554142,5.));
#5357=CARTESIAN_POINT('',(1.,-27.3996306554142,5.));
#5358=CARTESIAN_POINT('',(1.,-27.3996306554142,3.5));
#5359=CARTESIAN_POINT('',(1.,-27.3996306554142,3.5));
#5360=CARTESIAN_POINT('',(1.,-23.8000000596046,3.5));
#5361=CARTESIAN_POINT('',(1.,-8.1,3.5));
#5362=CARTESIAN_POINT('',(1.,-23.8000000596046,5.));
#5363=CARTESIAN_POINT('',(1.,-23.8000000596046,3.5));
#5364=CARTESIAN_POINT('',(1.,-23.8000000596046,5.));
#5365=CARTESIAN_POINT('Origin',(1.,-23.8000000596046,3.5));
#5366=CARTESIAN_POINT('',(11.0999999925494,-23.8000000596046,3.5));
#5367=CARTESIAN_POINT('',(2.,-23.8000000596046,5.));
#5368=CARTESIAN_POINT('Origin',(1.5,-23.4000000596047,5.));
#5369=CARTESIAN_POINT('Origin',(21.1999999850988,-16.2,3.5));
#5370=CARTESIAN_POINT('',(2.,-27.3996306554142,3.5));
#5371=CARTESIAN_POINT('',(11.5999999925494,-27.3996306554142,3.5));
#5372=CARTESIAN_POINT('',(2.,-29.3995501039455,3.5));
#5373=CARTESIAN_POINT('',(2.,-22.1998153277071,3.5));
#5374=CARTESIAN_POINT('',(2.03085526677734,-30.3992848801827,3.5));
#5375=CARTESIAN_POINT('Origin',(2.00000153691524,-29.8997608565059,3.5));
#5376=CARTESIAN_POINT('',(3.00000005960464,-30.3996424400914,3.5));
#5377=CARTESIAN_POINT('',(2.00000153691524,-30.3992848801827,3.5));
#5378=CARTESIAN_POINT('',(3.00000002980232,-29.8998153277071,3.5));
#5379=CARTESIAN_POINT('',(3.00000002980232,-22.7999076638536,3.5));
#5380=CARTESIAN_POINT('',(2.50000001490116,-29.8998153277071,3.5));
#5381=CARTESIAN_POINT('',(11.85,-29.8998153277071,3.5));
#5382=CARTESIAN_POINT('',(2.50000001490116,-15.,3.5));
#5383=CARTESIAN_POINT('',(2.50000001490116,-15.,3.5));
#5384=CARTESIAN_POINT('',(3.5,-15.,3.5));
#5385=CARTESIAN_POINT('',(3.5,-15.,3.5));
#5386=CARTESIAN_POINT('',(3.5,-9.,3.5));
#5387=CARTESIAN_POINT('',(3.5,-12.,3.5));
#5388=CARTESIAN_POINT('',(3.5,-9.,3.5));
#5389=CARTESIAN_POINT('Origin',(2.,-27.3996306554142,3.5));
#5390=CARTESIAN_POINT('',(2.,-27.3996306554142,5.));
#5391=CARTESIAN_POINT('',(2.,-27.3996306554142,5.));
#5392=CARTESIAN_POINT('',(2.,-27.3996306554142,3.5));
#5393=CARTESIAN_POINT('Origin',(1.5,-27.7996306554142,5.));
#5394=CARTESIAN_POINT('',(2.,-28.1996306554142,5.));
#5395=CARTESIAN_POINT('',(1.75,-28.1996306554142,5.));
#5396=CARTESIAN_POINT('',(2.,-28.1996306554142,5.));
#5397=CARTESIAN_POINT('Origin',(2.,-28.1996306554142,0.));
#5398=CARTESIAN_POINT('',(2.,-28.1996306554142,0.));
#5399=CARTESIAN_POINT('Ctrl Pts',(44.3999990075827,-2.49999994412065,8.));
#5400=CARTESIAN_POINT('Ctrl Pts',(44.3999990075827,-2.49999994412065,1.));
#5401=CARTESIAN_POINT('Ctrl Pts',(44.3648294865215,-2.50483042217374,8.));
#5402=CARTESIAN_POINT('Ctrl Pts',(44.3648294865215,-2.50483042217374,1.));
#5403=CARTESIAN_POINT('Ctrl Pts',(44.2958151914851,-2.51581612536373,8.));
#5404=CARTESIAN_POINT('Ctrl Pts',(44.2958151914851,-2.51581612536373,1.));
#5405=CARTESIAN_POINT('Ctrl Pts',(44.196267868394,-2.53626879960527,8.));
#5406=CARTESIAN_POINT('Ctrl Pts',(44.196267868394,-2.53626879960527,1.));
#5407=CARTESIAN_POINT('Ctrl Pts',(44.0716181596331,-2.57161908727535,8.));
#5408=CARTESIAN_POINT('Ctrl Pts',(44.0716181596331,-2.57161908727535,1.));
#5409=CARTESIAN_POINT('Ctrl Pts',(43.9301867401558,-2.63018766332058,8.));
#5410=CARTESIAN_POINT('Ctrl Pts',(43.9301867401558,-2.63018766332058,1.));
#5411=CARTESIAN_POINT('Ctrl Pts',(43.804421228086,-2.70442214676326,8.));
#5412=CARTESIAN_POINT('Ctrl Pts',(43.804421228086,-2.70442214676326,1.));
#5413=CARTESIAN_POINT('Ctrl Pts',(43.6956000806117,-2.79560099479756,8.));
#5414=CARTESIAN_POINT('Ctrl Pts',(43.6956000806117,-2.79560099479756,1.));
#5415=CARTESIAN_POINT('Ctrl Pts',(43.6044212325974,-2.90442214229345,8.));
#5416=CARTESIAN_POINT('Ctrl Pts',(43.6044212325974,-2.90442214229345,1.));
#5417=CARTESIAN_POINT('Ctrl Pts',(43.5301867491683,-3.03018765438082,8.));
#5418=CARTESIAN_POINT('Ctrl Pts',(43.5301867491683,-3.03018765438082,1.));
#5419=CARTESIAN_POINT('Ctrl Pts',(43.4716181731265,-3.17161907386538,8.));
#5420=CARTESIAN_POINT('Ctrl Pts',(43.4716181731265,-3.17161907386538,1.));
#5421=CARTESIAN_POINT('Ctrl Pts',(43.4362678854489,-3.29626878261881,8.));
#5422=CARTESIAN_POINT('Ctrl Pts',(43.4362678854489,-3.29626878261881,1.));
#5423=CARTESIAN_POINT('Ctrl Pts',(43.415815211195,-3.39581610569471,8.));
#5424=CARTESIAN_POINT('Ctrl Pts',(43.415815211195,-3.39581610569471,1.));
#5425=CARTESIAN_POINT('Ctrl Pts',(43.4048295079938,-3.46483040071625,8.));
#5426=CARTESIAN_POINT('Ctrl Pts',(43.4048295079938,-3.46483040071625,1.));
#5427=CARTESIAN_POINT('Ctrl Pts',(43.3999990299344,-3.4999999217689,8.));
#5428=CARTESIAN_POINT('Ctrl Pts',(43.3999990299344,-3.4999999217689,1.));
#5429=CARTESIAN_POINT('',(43.4,-3.5,4.9));
#5430=CARTESIAN_POINT('',(43.4,-3.5,3.2));
#5431=CARTESIAN_POINT('',(43.3999990299344,-3.4999999217689,1.));
#5432=CARTESIAN_POINT('',(43.3999990299344,-3.4999999217689,8.));
#5433=CARTESIAN_POINT('Ctrl Pts',(44.3999990075827,-2.49999994412065,1.));
#5434=CARTESIAN_POINT('Ctrl Pts',(44.3648294865215,-2.50483042217374,1.));
#5435=CARTESIAN_POINT('Ctrl Pts',(44.2958151914851,-2.51581612536373,1.));
#5436=CARTESIAN_POINT('Ctrl Pts',(44.196267868394,-2.53626879960527,1.));
#5437=CARTESIAN_POINT('Ctrl Pts',(44.0716181596331,-2.57161908727535,1.));
#5438=CARTESIAN_POINT('Ctrl Pts',(43.9301867401558,-2.63018766332058,1.));
#5439=CARTESIAN_POINT('Ctrl Pts',(43.804421228086,-2.70442214676326,1.));
#5440=CARTESIAN_POINT('Ctrl Pts',(43.6956000806117,-2.79560099479756,1.));
#5441=CARTESIAN_POINT('Ctrl Pts',(43.6044212325974,-2.90442214229345,1.));
#5442=CARTESIAN_POINT('Ctrl Pts',(43.5301867491683,-3.03018765438082,1.));
#5443=CARTESIAN_POINT('Ctrl Pts',(43.4716181731265,-3.17161907386538,1.));
#5444=CARTESIAN_POINT('Ctrl Pts',(43.4362678854489,-3.29626878261881,1.));
#5445=CARTESIAN_POINT('Ctrl Pts',(43.415815211195,-3.39581610569471,1.));
#5446=CARTESIAN_POINT('Ctrl Pts',(43.4048295079938,-3.46483040071625,1.));
#5447=CARTESIAN_POINT('Ctrl Pts',(43.3999990299344,-3.4999999217689,1.));
#5448=CARTESIAN_POINT('Origin',(44.3999990075827,-7.59999983012676,8.));
#5449=CARTESIAN_POINT('',(44.3999990075827,-31.3999992758036,1.));
#5450=CARTESIAN_POINT('',(44.3999990075827,-31.3999992758036,2.));
#5451=CARTESIAN_POINT('',(44.3999990075827,-7.59999983012676,1.));
#5452=CARTESIAN_POINT('Origin',(43.4,-32.4,0.));
#5453=CARTESIAN_POINT('',(43.4,-18.7,4.9));
#5454=CARTESIAN_POINT('',(43.4,-24.3,1.));
#5455=CARTESIAN_POINT('Origin',(0.,-21.,8.));
#5456=CARTESIAN_POINT('',(0.,-1.,1.));
#5457=CARTESIAN_POINT('',(0.,-1.,8.));
#5458=CARTESIAN_POINT('',(0.,-31.3999992981553,1.));
#5459=CARTESIAN_POINT('Origin',(44.4,-1.,0.));
#5460=CARTESIAN_POINT('',(16.0000000596046,-1.,2.));
#5461=CARTESIAN_POINT('',(16.0000000596046,-1.,0.));
#5462=CARTESIAN_POINT('',(33.3,-1.,2.));
#5463=CARTESIAN_POINT('',(43.3999990299344,-0.999999977648258,1.));
#5464=CARTESIAN_POINT('Origin',(22.2,-16.2,1.));
#5465=CARTESIAN_POINT('',(11.1,-31.4,1.));
#5466=CARTESIAN_POINT('Origin',(0.,-31.4,0.));
#5467=CARTESIAN_POINT('',(3.00000005960464,-31.4,2.));
#5468=CARTESIAN_POINT('',(11.1,-31.4,2.));
#5469=CARTESIAN_POINT('',(3.00000005960464,-31.4,0.));
#5470=CARTESIAN_POINT('Origin',(2.50000001490116,-29.8998153277071,2.));
#5471=CARTESIAN_POINT('',(2.50000001490116,-29.8998153277071,2.));
#5472=CARTESIAN_POINT('',(2.50000001490116,-29.8998153277071,2.));
#5473=CARTESIAN_POINT('',(3.00000002980232,-29.8998153277071,2.));
#5474=CARTESIAN_POINT('',(3.00000005960464,-29.8998153277071,1.));
#5475=CARTESIAN_POINT('',(12.3500000074506,-29.8998153277071,2.));
#5476=CARTESIAN_POINT('Origin',(3.00000005960464,-32.4,0.));
#5477=CARTESIAN_POINT('',(3.00000005960465,-24.3,2.));
#5478=CARTESIAN_POINT('',(3.00000153691524,-30.3992848801827,3.5));
#5479=CARTESIAN_POINT('Origin',(2.50000001490116,-29.3998153277071,2.));
#5480=CARTESIAN_POINT('',(2.50000001490116,-15.,2.));
#5481=CARTESIAN_POINT('',(2.50000001490116,-29.3998153277071,2.));
#5482=CARTESIAN_POINT('',(2.50000001490116,-15.,2.));
#5483=CARTESIAN_POINT('Origin',(2.,-30.4,0.));
#5484=CARTESIAN_POINT('',(2.,-29.3992848801851,3.5));
#5485=CARTESIAN_POINT('Origin',(42.4,-18.,2.));
#5486=CARTESIAN_POINT('',(41.4,-18.,2.));
#5487=CARTESIAN_POINT('',(32.3,-18.,2.));
#5488=CARTESIAN_POINT('',(41.4,-18.,3.5));
#5489=CARTESIAN_POINT('',(41.4,-18.,2.));
#5490=CARTESIAN_POINT('',(41.4,-18.,3.5));
#5491=CARTESIAN_POINT('Origin',(41.4,-22.,2.));
#5492=CARTESIAN_POINT('',(41.4,-22.,2.));
#5493=CARTESIAN_POINT('',(31.8,-22.,2.));
#5494=CARTESIAN_POINT('',(41.4,-22.,3.5));
#5495=CARTESIAN_POINT('',(41.4,-22.,3.5));
#5496=CARTESIAN_POINT('',(41.4,-22.,2.));
#5497=CARTESIAN_POINT('Origin',(41.4,-18.,2.));
#5498=CARTESIAN_POINT('',(41.4,-17.1,2.));
#5499=CARTESIAN_POINT('',(41.4,-20.,3.5));
#5500=CARTESIAN_POINT('Origin',(41.9,-20.,3.5));
#5501=CARTESIAN_POINT('Origin',(22.2,-16.2,2.));
#5502=CARTESIAN_POINT('',(34.9,-29.4,2.));
#5503=CARTESIAN_POINT('',(34.9,-22.8,2.));
#5504=CARTESIAN_POINT('',(37.9,-29.4,2.));
#5505=CARTESIAN_POINT('',(30.05,-29.4,2.));
#5506=CARTESIAN_POINT('',(37.9,-23.3,2.));
#5507=CARTESIAN_POINT('',(41.4,-3.,2.));
#5508=CARTESIAN_POINT('',(31.8,-3.,2.));
#5509=CARTESIAN_POINT('',(41.4,-9.1,2.));
#5510=CARTESIAN_POINT('',(16.0000000596046,-2.,2.));
#5511=CARTESIAN_POINT('',(16.0000000596046,-9.1,2.));
#5512=CARTESIAN_POINT('',(13.1000000298023,-2.,2.));
#5513=CARTESIAN_POINT('',(3.5,-9.,2.));
#5514=CARTESIAN_POINT('',(12.85,-9.,2.));
#5515=CARTESIAN_POINT('',(3.5,-15.,2.));
#5516=CARTESIAN_POINT('',(3.5,-15.6,2.));
#5517=CARTESIAN_POINT('',(12.1,-15.,2.));
#5518=CARTESIAN_POINT('',(35.4000000000001,-8.00000000000002,2.));
#5519=CARTESIAN_POINT('Origin',(36.4000000000001,-8.00000000000002,2.));
#5520=CARTESIAN_POINT('',(11.,-13.,2.));
#5521=CARTESIAN_POINT('Origin',(10.,-13.,2.));
#5522=CARTESIAN_POINT('',(24.5,-22.9000000000001,2.));
#5523=CARTESIAN_POINT('Origin',(23.5,-22.9000000000001,2.));
#5524=CARTESIAN_POINT('Origin',(2.,-15.,2.));
#5525=CARTESIAN_POINT('',(3.5,-15.,2.));
#5526=CARTESIAN_POINT('Origin',(3.5,-9.,2.));
#5527=CARTESIAN_POINT('',(3.5,-9.,2.));
#5528=CARTESIAN_POINT('Origin',(3.5,-15.,2.));
#5529=CARTESIAN_POINT('Origin',(37.9,-29.4,2.));
#5530=CARTESIAN_POINT('',(34.9,-29.4,3.5));
#5531=CARTESIAN_POINT('',(34.9,-29.4,2.));
#5532=CARTESIAN_POINT('',(37.9,-29.4,3.5));
#5533=CARTESIAN_POINT('',(37.9,-29.4,3.5));
#5534=CARTESIAN_POINT('',(37.9,-29.4,2.));
#5535=CARTESIAN_POINT('Origin',(37.9,-30.4,2.));
#5536=CARTESIAN_POINT('',(37.9,-30.4,3.5));
#5537=CARTESIAN_POINT('Origin',(34.9,-29.4,2.));
#5538=CARTESIAN_POINT('',(34.9,-29.4,3.5));
#5539=CARTESIAN_POINT('Origin',(36.4,-29.9,3.5));
#5540=CARTESIAN_POINT('Origin',(16.0000000596046,-2.,0.));
#5541=CARTESIAN_POINT('',(16.0000000596046,-2.,0.));
#5542=CARTESIAN_POINT('Origin',(23.5,-22.9000000000001,2.));
#5543=CARTESIAN_POINT('',(24.5,-22.9000000000001,3.5));
#5544=CARTESIAN_POINT('Origin',(23.5,-22.9000000000001,3.5));
#5545=CARTESIAN_POINT('',(24.5,-22.9000000000001,2.));
#5546=CARTESIAN_POINT('Origin',(10.,-13.,2.));
#5547=CARTESIAN_POINT('',(11.,-13.,3.5));
#5548=CARTESIAN_POINT('Origin',(10.,-13.,3.5));
#5549=CARTESIAN_POINT('',(11.,-13.,2.));
#5550=CARTESIAN_POINT('Origin',(10.,-13.,3.5));
#5551=CARTESIAN_POINT('Origin',(42.4,-3.5,6.4));
#5552=CARTESIAN_POINT('',(42.4,-3.5,4.9));
#5553=CARTESIAN_POINT('Origin',(43.4,-5.,4.9));
#5554=CARTESIAN_POINT('Origin',(2.00000153691524,-29.8997608565059,3.5));
#5555=CARTESIAN_POINT('',(2.03085526677734,-30.3992848801827,3.5));
#5556=CARTESIAN_POINT('Origin',(3.00000153691524,-30.3992848801827,3.5));
#5557=CARTESIAN_POINT('Origin',(42.4,-2.,3.5));
#5558=CARTESIAN_POINT('Origin',(42.4,-2.,3.5));
#5559=CARTESIAN_POINT('Origin',(21.1999999850988,-16.2,3.5));
#5560=CARTESIAN_POINT('Origin',(2.,-2.,0.));
#5561=CARTESIAN_POINT('Origin',(41.4,-3.,2.));
#5562=CARTESIAN_POINT('',(41.4,-3.,3.5));
#5563=CARTESIAN_POINT('',(41.4,-3.,3.5));
#5564=CARTESIAN_POINT('',(41.4,-3.,2.));
#5565=CARTESIAN_POINT('Origin',(41.4,-2.,2.));
#5566=CARTESIAN_POINT('',(41.4,-2.,3.5));
#5567=CARTESIAN_POINT('Origin',(41.9,-2.5,3.5));
#5568=CARTESIAN_POINT('Origin',(36.4000000000001,-8.00000000000002,2.));
#5569=CARTESIAN_POINT('',(35.4000000000001,-8.00000000000002,3.5));
#5570=CARTESIAN_POINT('Origin',(36.4000000000001,-8.00000000000002,3.5));
#5571=CARTESIAN_POINT('',(35.4000000000001,-8.00000000000002,2.));
#5572=CARTESIAN_POINT('Origin',(36.4000000000001,-8.00000000000002,3.5));
#5573=CARTESIAN_POINT('Origin',(-35.3,-30.3999992981553,2.));
#5574=CARTESIAN_POINT('',(-35.3,-31.3999992981553,2.));
#5575=CARTESIAN_POINT('',(-35.3,-30.3999992981553,2.));
#5576=CARTESIAN_POINT('',(-35.3,-23.2999994736165,2.));
#5577=CARTESIAN_POINT('',(-35.3,-31.3999992981553,5.5));
#5578=CARTESIAN_POINT('',(-35.3,-31.3999992981553,2.));
#5579=CARTESIAN_POINT('',(-35.3,-30.3999992981553,5.5));
#5580=CARTESIAN_POINT('',(-35.3,-30.3999992981553,5.5));
#5581=CARTESIAN_POINT('',(-35.3,-30.3999992981553,2.));
#5582=CARTESIAN_POINT('Origin',(-25.1999995037913,-16.1999996490777,2.));
#5583=CARTESIAN_POINT('',(-6.1,-30.3999992981553,1.99999999999999));
#5584=CARTESIAN_POINT('',(-29.9499997518957,-30.3999992981553,2.));
#5585=CARTESIAN_POINT('',(-6.1,-31.3999992981553,1.99999999999999));
#5586=CARTESIAN_POINT('',(-6.1,-23.7999994736165,2.));
#5587=CARTESIAN_POINT('',(-3.,-31.3999992981553,2.));
#5588=CARTESIAN_POINT('',(-47.3999990075827,-31.3999992981553,2.));
#5589=CARTESIAN_POINT('',(-3.,-1.,2.));
#5590=CARTESIAN_POINT('',(-3.,-31.3999992981553,2.));
#5591=CARTESIAN_POINT('',(-19.2,-1.,1.99999999999999));
#5592=CARTESIAN_POINT('',(-3.,-1.,2.));
#5593=CARTESIAN_POINT('',(-19.2,-2.,1.99999999999999));
#5594=CARTESIAN_POINT('',(-19.2,-9.09999982453883,2.));
#5595=CARTESIAN_POINT('',(-35.2,-2.,2.));
#5596=CARTESIAN_POINT('',(-30.1999997518957,-2.,2.));
#5597=CARTESIAN_POINT('',(-35.2,-1.,2.));
#5598=CARTESIAN_POINT('',(-35.2,-8.59999982453883,2.));
#5599=CARTESIAN_POINT('',(-47.3999990075827,-1.,2.));
#5600=CARTESIAN_POINT('',(-3.,-1.,2.));
#5601=CARTESIAN_POINT('',(-47.3999990075827,-31.3999992981553,2.));
#5602=CARTESIAN_POINT('',(-47.3999990075827,-1.,2.));
#5603=CARTESIAN_POINT('',(-47.3999990075827,-31.3999992981553,2.));
#5604=CARTESIAN_POINT('',(-43.0000006407499,-28.6999994032085,2.));
#5605=CARTESIAN_POINT('',(-43.0000006407499,-4.00000005960464,2.));
#5606=CARTESIAN_POINT('',(-43.0000006407499,-21.4499995261431,2.));
#5607=CARTESIAN_POINT('',(-7.00000010430813,-4.00000005960464,1.99999999999999));
#5608=CARTESIAN_POINT('',(-16.0999998040497,-4.00000005960464,2.));
#5609=CARTESIAN_POINT('',(-6.99999964237213,-21.7000003129244,1.99999999999999));
#5610=CARTESIAN_POINT('',(-6.99999964237213,-18.949999981001,2.));
#5611=CARTESIAN_POINT('',(-12.9999999552965,-21.6999993428588,2.));
#5612=CARTESIAN_POINT('',(-20.5999995730817,-21.7000003129244,2.));
#5613=CARTESIAN_POINT('',(-12.9999997094274,-28.6999994032085,1.99999999999999));
#5614=CARTESIAN_POINT('',(-12.9999997094274,-22.4499995261431,2.));
#5615=CARTESIAN_POINT('',(-34.1000000722706,-28.6999994032085,2.));
#5616=CARTESIAN_POINT('Origin',(-6.1,-31.3999992981553,1.99999999999999));
#5617=CARTESIAN_POINT('',(-6.1,-30.3999992981553,5.49999999999999));
#5618=CARTESIAN_POINT('',(-6.1,-30.3999992981553,1.99999999999999));
#5619=CARTESIAN_POINT('',(-6.1,-31.3999992981553,5.49999999999999));
#5620=CARTESIAN_POINT('',(-6.1,-31.1499992981553,5.49999999999999));
#5621=CARTESIAN_POINT('',(-6.1,-31.3999992981553,1.99999999999999));
#5622=CARTESIAN_POINT('Origin',(-3.,-31.3999992981553,2.));
#5623=CARTESIAN_POINT('',(-34.7,-31.3999992981553,5.5));
#5624=CARTESIAN_POINT('',(-47.3999990075827,-31.3999992981553,1.));
#5625=CARTESIAN_POINT('',(-47.3999990075827,-31.3999992981553,2.));
#5626=CARTESIAN_POINT('',(-3.,-31.3999992981553,0.999999999999995));
#5627=CARTESIAN_POINT('',(-47.3999990075827,-31.3999992981553,1.));
#5628=CARTESIAN_POINT('',(-3.,-31.3999992981553,2.));
#5629=CARTESIAN_POINT('Origin',(-20.1,-30.8999992981553,5.49999999999999));
#5630=CARTESIAN_POINT('',(-5.,-30.3999992981553,5.49999999999999));
#5631=CARTESIAN_POINT('Origin',(-35.2,-2.,2.));
#5632=CARTESIAN_POINT('',(-19.2,-2.,5.49999999999999));
#5633=CARTESIAN_POINT('',(-19.2,-2.,1.99999999999999));
#5634=CARTESIAN_POINT('',(-35.2,-2.,5.5));
#5635=CARTESIAN_POINT('',(-35.2,-2.,5.5));
#5636=CARTESIAN_POINT('',(-35.2,-2.,2.));
#5637=CARTESIAN_POINT('Origin',(-35.2,-1.,2.));
#5638=CARTESIAN_POINT('',(-35.2,-1.,5.5));
#5639=CARTESIAN_POINT('',(-35.2,-1.,5.5));
#5640=CARTESIAN_POINT('',(-35.2,-1.,2.));
#5641=CARTESIAN_POINT('Origin',(-19.2,-2.,1.99999999999999));
#5642=CARTESIAN_POINT('',(-19.2,-1.,5.49999999999999));
#5643=CARTESIAN_POINT('',(-19.2,-1.,1.99999999999999));
#5644=CARTESIAN_POINT('',(-19.2,-2.,5.49999999999999));
#5645=CARTESIAN_POINT('Origin',(-27.2,-1.5,5.49999999999999));
#5646=CARTESIAN_POINT('',(-19.2,-1.,5.49999999999999));
#5647=CARTESIAN_POINT('Origin',(-5.5,-30.3999992981553,1.99999999999999));
#5648=CARTESIAN_POINT('Origin',(-43.0000006407499,-28.6999994032085,2.));
#5649=CARTESIAN_POINT('',(-12.9999997094274,-28.6999994032085,2.49999999999999));
#5650=CARTESIAN_POINT('',(-12.9999997094274,-28.6999994032085,1.99999999999999));
#5651=CARTESIAN_POINT('',(-43.0000006407499,-28.6999994032085,2.5));
#5652=CARTESIAN_POINT('',(-12.9999997094274,-28.6999994032085,2.49999999999999));
#5653=CARTESIAN_POINT('',(-43.0000006407499,-28.6999994032085,2.));
#5654=CARTESIAN_POINT('Origin',(-15.9999999552965,-26.6999993428588,2.));
#5655=CARTESIAN_POINT('',(-15.9999996423721,-26.6999994032085,2.49999999999999));
#5656=CARTESIAN_POINT('',(-12.9999997094274,-26.6999994032085,2.49999999999999));
#5657=CARTESIAN_POINT('',(-22.0000000651926,-26.6999993428588,2.49999999999999));
#5658=CARTESIAN_POINT('',(-12.9999999552965,-26.6999993428588,3.));
#5659=CARTESIAN_POINT('',(-12.9999999552965,-26.6999993428588,2.));
#5660=CARTESIAN_POINT('',(-15.9999999552965,-26.6999993428588,3.));
#5661=CARTESIAN_POINT('',(-12.9999999552965,-26.6999993428588,3.));
#5662=CARTESIAN_POINT('',(-15.9999999552965,-26.6999993428588,2.));
#5663=CARTESIAN_POINT('Origin',(-15.9999996423721,-21.7000003129244,1.99999999999999));
#5664=CARTESIAN_POINT('',(-12.9999999552965,-21.7000003129244,2.49999999999999));
#5665=CARTESIAN_POINT('',(-12.9999999552965,-21.6999993428588,2.));
#5666=CARTESIAN_POINT('',(-6.99999964237213,-21.7000003129244,2.49999999999999));
#5667=CARTESIAN_POINT('',(-6.99999964237213,-21.7000003129244,1.99999999999999));
#5668=CARTESIAN_POINT('',(-6.99999964237213,-21.7000003129244,2.49999999999999));
#5669=CARTESIAN_POINT('Origin',(-43.0000006407499,-4.00000005960464,2.));
#5670=CARTESIAN_POINT('',(-43.0000006407499,-4.00000005960464,2.5));
#5671=CARTESIAN_POINT('',(-43.0000006407499,-21.0000003129244,2.5));
#5672=CARTESIAN_POINT('',(-43.0000006407499,-4.00000005960464,2.));
#5673=CARTESIAN_POINT('Origin',(-7.00000010430813,-4.00000005960464,1.99999999999999));
#5674=CARTESIAN_POINT('',(-7.00000010430813,-4.00000005960464,2.49999999999999));
#5675=CARTESIAN_POINT('',(-43.0000006407499,-4.00000005960464,2.5));
#5676=CARTESIAN_POINT('',(-7.00000010430813,-4.00000005960464,1.99999999999999));
#5677=CARTESIAN_POINT('Origin',(-6.99999964237213,-21.7000003129244,1.99999999999999));
#5678=CARTESIAN_POINT('',(-6.99999964237213,-21.0000003129244,2.49999999999999));
#5679=CARTESIAN_POINT('Origin',(-25.000000141561,-15.3499997314066,2.49999999999999));
#5680=CARTESIAN_POINT('',(-12.9999997094274,-26.6999994032085,2.49999999999999));
#5681=CARTESIAN_POINT('',(-15.9999996423721,-21.7000003129244,2.49999999999999));
#5682=CARTESIAN_POINT('',(-15.9999999552965,-18.5249995371327,2.49999999999999));
#5683=CARTESIAN_POINT('',(-19.0000000484288,-21.6999993428588,2.49999999999999));
#5684=CARTESIAN_POINT('Origin',(-12.9999999552965,-21.6999993428588,2.));
#5685=CARTESIAN_POINT('',(-15.9999999552965,-21.6999993428588,3.));
#5686=CARTESIAN_POINT('',(-15.9999999552965,-21.6999993428588,2.));
#5687=CARTESIAN_POINT('',(-12.9999999552965,-21.6999993428588,3.));
#5688=CARTESIAN_POINT('',(-15.9999999552965,-21.6999993428588,3.));
#5689=CARTESIAN_POINT('',(-12.9999999552965,-21.6999993428588,2.));
#5690=CARTESIAN_POINT('Origin',(-15.9999999552965,-21.6999993428588,2.));
#5691=CARTESIAN_POINT('',(-15.9999999552965,-26.6999993428588,3.));
#5692=CARTESIAN_POINT('Origin',(-14.4999999552965,-24.1999993428588,3.));
#5693=CARTESIAN_POINT('',(-12.9999999552965,-21.6999993428588,3.));
#5694=CARTESIAN_POINT('Origin',(-12.9999999552965,-26.6999993428588,2.));
#5695=CARTESIAN_POINT('Origin',(-47.3999990075827,-31.3999992981553,2.));
#5696=CARTESIAN_POINT('',(-47.3999990075827,-1.,1.));
#5697=CARTESIAN_POINT('',(-47.3999990075827,-1.,2.));
#5698=CARTESIAN_POINT('',(-47.3999990075827,-1.,1.));
#5699=CARTESIAN_POINT('Origin',(-3.,-1.,2.));
#5700=CARTESIAN_POINT('',(-3.,-1.,0.999999999999995));
#5701=CARTESIAN_POINT('',(-3.,-31.3999992981553,0.999999999999995));
#5702=CARTESIAN_POINT('',(-3.,-1.,2.));
#5703=CARTESIAN_POINT('Origin',(-47.3999990075827,-1.,2.));
#5704=CARTESIAN_POINT('',(-3.,-1.,0.999999999999995));
#5705=CARTESIAN_POINT('Origin',(-25.1999995037913,-16.1999996490777,0.999999999999998));
#5706=CARTESIAN_POINT('Origin',(-46.3999990075827,34.5,-2.));
#5707=CARTESIAN_POINT('',(-46.3999990075827,34.5,-2.));
#5708=CARTESIAN_POINT('',(-47.3999990075827,34.5,-2.));
#5709=CARTESIAN_POINT('',(-35.799999255687,34.5,-2.));
#5710=CARTESIAN_POINT('',(-46.3999990075827,34.5,-1.));
#5711=CARTESIAN_POINT('',(-46.3999990075827,34.5,-2.));
#5712=CARTESIAN_POINT('',(-47.3999990075827,34.5,-1.));
#5713=CARTESIAN_POINT('',(-46.3999990075827,34.5,-1.));
#5714=CARTESIAN_POINT('',(-47.3999990075827,34.5,6.16343852269946E-16));
#5715=CARTESIAN_POINT('Origin',(-47.3999990075827,32.5,-2.));
#5716=CARTESIAN_POINT('',(-47.3999990075827,32.5,-2.));
#5717=CARTESIAN_POINT('',(-46.3999990075827,32.5,-2.));
#5718=CARTESIAN_POINT('',(-36.299999255687,32.5,-2.));
#5719=CARTESIAN_POINT('',(-47.3999990075827,32.5,-1.));
#5720=CARTESIAN_POINT('',(-47.3999990075827,32.5,5.55111512312578E-16));
#5721=CARTESIAN_POINT('',(-46.3999990075827,32.5,-1.));
#5722=CARTESIAN_POINT('',(-47.3999990075827,32.5,-1.));
#5723=CARTESIAN_POINT('',(-46.3999990075827,32.5,-2.));
#5724=CARTESIAN_POINT('Origin',(-46.4270287003312,19.5996353329524,-2.));
#5725=CARTESIAN_POINT('',(-46.4270287003312,19.5996353329524,-2.));
#5726=CARTESIAN_POINT('',(-47.3999990075827,19.5996353329524,-2.));
#5727=CARTESIAN_POINT('',(-35.8135141020613,19.5996353329524,-2.));
#5728=CARTESIAN_POINT('',(-46.4270287003312,19.5996353329524,-1.));
#5729=CARTESIAN_POINT('',(-46.4270287003312,19.5996353329524,-2.));
#5730=CARTESIAN_POINT('',(-47.3999990075827,19.5996353329524,-1.));
#5731=CARTESIAN_POINT('',(-47.3999990075827,19.5996353329524,-1.));
#5732=CARTESIAN_POINT('',(-47.3999990075827,19.5996353329524,6.14688760934623E-16));
#5733=CARTESIAN_POINT('Origin',(-47.3999990075827,17.60007994193,-2.));
#5734=CARTESIAN_POINT('',(-47.3999990075827,17.60007994193,-2.));
#5735=CARTESIAN_POINT('',(-46.4125876489582,17.60007994193,-2.));
#5736=CARTESIAN_POINT('',(-36.299999255687,17.60007994193,-2.));
#5737=CARTESIAN_POINT('',(-47.3999990075827,17.60007994193,-1.));
#5738=CARTESIAN_POINT('',(-47.3999990075827,17.60007994193,5.55111512312578E-16));
#5739=CARTESIAN_POINT('',(-46.4125876489582,17.60007994193,-1.));
#5740=CARTESIAN_POINT('',(-46.3999990075827,17.60007994193,-1.));
#5741=CARTESIAN_POINT('',(-46.4125876489581,17.60007994193,-2.));
#5742=CARTESIAN_POINT('Origin',(-3.99802781859808,25.9999987570931,-2.));
#5743=CARTESIAN_POINT('',(-3.99802781859808,25.9999987570931,-2.));
#5744=CARTESIAN_POINT('',(-3.,25.9999987570931,-2.));
#5745=CARTESIAN_POINT('',(-14.5990136611947,25.9999987570931,-2.));
#5746=CARTESIAN_POINT('',(-3.99802781859808,25.9999987570931,-1.));
#5747=CARTESIAN_POINT('',(-3.99802781859808,25.9999987570931,-2.));
#5748=CARTESIAN_POINT('',(-3.,25.9999987570931,-1.));
#5749=CARTESIAN_POINT('',(-2.99802781859808,25.9999987570931,-1.));
#5750=CARTESIAN_POINT('',(-3.,25.9999987570931,-2.28155762792562E-15));
#5751=CARTESIAN_POINT('Origin',(-3.,27.9999987570931,-2.));
#5752=CARTESIAN_POINT('',(-3.,27.9999987570931,-2.));
#5753=CARTESIAN_POINT('',(-3.99802781859808,27.9999987570931,-2.));
#5754=CARTESIAN_POINT('',(-14.0999997518957,27.9999987570931,-2.));
#5755=CARTESIAN_POINT('',(-3.,27.9999987570931,-1.));
#5756=CARTESIAN_POINT('',(-3.,27.9999987570931,-2.22044604925031E-15));
#5757=CARTESIAN_POINT('',(-3.99802781859808,27.9999987570931,-1.));
#5758=CARTESIAN_POINT('',(-3.99802781859808,27.9999987570931,-1.));
#5759=CARTESIAN_POINT('',(-3.99802781859808,27.9999987570931,-2.));
#5760=CARTESIAN_POINT('Origin',(-4.,38.,-2.));
#5761=CARTESIAN_POINT('',(-4.,38.,-2.));
#5762=CARTESIAN_POINT('',(-3.,38.,-2.));
#5763=CARTESIAN_POINT('',(-14.5999997518957,38.,-2.));
#5764=CARTESIAN_POINT('',(-4.,38.,-1.));
#5765=CARTESIAN_POINT('',(-4.,38.,-2.));
#5766=CARTESIAN_POINT('',(-3.,38.,-1.));
#5767=CARTESIAN_POINT('',(-4.,38.,-1.));
#5768=CARTESIAN_POINT('',(-3.,38.,-2.28167838920768E-15));
#5769=CARTESIAN_POINT('Origin',(-3.,40.,-2.));
#5770=CARTESIAN_POINT('',(-3.,40.,-2.));
#5771=CARTESIAN_POINT('',(-4.,40.,-2.));
#5772=CARTESIAN_POINT('',(-14.0999997518956,40.0000000000001,-2.));
#5773=CARTESIAN_POINT('',(-3.,40.,-1.));
#5774=CARTESIAN_POINT('',(-3.,40.,-2.22044604925032E-15));
#5775=CARTESIAN_POINT('',(-4.,40.,-1.));
#5776=CARTESIAN_POINT('',(-3.,40.,-1.));
#5777=CARTESIAN_POINT('',(-3.99999999999999,40.,-2.));
#5778=CARTESIAN_POINT('Origin',(-47.3999990075827,13.6000007018447,2.));
#5779=CARTESIAN_POINT('',(-47.3999990075827,23.8000003307212,-1.));
#5780=CARTESIAN_POINT('',(-47.3999990075827,44.,-2.));
#5781=CARTESIAN_POINT('',(-47.3999990075827,16.3499093596216,-1.));
#5782=CARTESIAN_POINT('',(-47.3999990075827,13.6000007018447,-2.));
#5783=CARTESIAN_POINT('',(-47.3999990075827,44.,-2.));
#5784=CARTESIAN_POINT('',(-47.3999990075827,13.6000007018447,2.));
#5785=CARTESIAN_POINT('',(-47.3999990075827,13.6000007018447,2.));
#5786=CARTESIAN_POINT('',(-47.3999990075827,44.,2.));
#5787=CARTESIAN_POINT('',(-47.3999990075827,44.,2.));
#5788=CARTESIAN_POINT('',(-47.3999990075827,44.,-2.));
#5789=CARTESIAN_POINT('',(-47.3999990075827,44.,2.));
#5790=CARTESIAN_POINT('',(-47.3999990075827,44.,-2.));
#5791=CARTESIAN_POINT('Origin',(-4.,39.,-2.));
#5792=CARTESIAN_POINT('Origin',(-4.,39.,-1.));
#5793=CARTESIAN_POINT('Origin',(-4.,39.,-2.));
#5794=CARTESIAN_POINT('Origin',(-4.,27.0000007018447,-2.));
#5795=CARTESIAN_POINT('Origin',(-4.,27.0000007018447,-1.));
#5796=CARTESIAN_POINT('Origin',(-4.,27.0000007018447,-2.));
#5797=CARTESIAN_POINT('Origin',(-4.,27.0000007018447,-1.));
#5798=CARTESIAN_POINT('',(-3.,35.7499998647344,-1.));
#5799=CARTESIAN_POINT('',(-3.4,27.0000007018447,-1.));
#5800=CARTESIAN_POINT('Origin',(-4.,27.0000007018447,-1.));
#5801=CARTESIAN_POINT('Origin',(-46.3999990075827,33.5,-2.));
#5802=CARTESIAN_POINT('Origin',(-46.3999990075827,33.5,-1.));
#5803=CARTESIAN_POINT('Origin',(-46.3999990075827,33.5,-2.));
#5804=CARTESIAN_POINT('Origin',(-46.3999990075827,33.5,-1.));
#5805=CARTESIAN_POINT('',(-45.7999990075827,33.5,-1.));
#5806=CARTESIAN_POINT('Origin',(-46.3999990075827,33.5,-1.));
#5807=CARTESIAN_POINT('Origin',(-4.,39.,-1.));
#5808=CARTESIAN_POINT('',(-3.,41.75,-1.));
#5809=CARTESIAN_POINT('',(-3.4,39.,-1.));
#5810=CARTESIAN_POINT('Origin',(-4.,39.,-1.));
#5811=CARTESIAN_POINT('Origin',(-46.3999990075827,18.6000007018447,-2.));
#5812=CARTESIAN_POINT('Origin',(-46.3999990075827,18.6000007018447,-1.));
#5813=CARTESIAN_POINT('Origin',(-46.3999990075827,18.6000007018447,-2.));
#5814=CARTESIAN_POINT('Origin',(-46.3999990075827,18.6000007018447,-1.));
#5815=CARTESIAN_POINT('',(-45.7999990075827,18.6000007018447,-1.));
#5816=CARTESIAN_POINT('Origin',(-46.3999990075827,18.6000007018447,-1.));
#5817=CARTESIAN_POINT('Origin',(-25.1999995037913,28.8000003509223,-2.));
#5818=CARTESIAN_POINT('',(-3.,44.,-2.00000000000001));
#5819=CARTESIAN_POINT('',(-3.,44.,-2.00000000000001));
#5820=CARTESIAN_POINT('',(-3.,13.6000007018447,-2.00000000000001));
#5821=CARTESIAN_POINT('',(-3.,13.6000007018447,-2.00000000000001));
#5822=CARTESIAN_POINT('',(-3.,13.6000007018447,-2.00000000000001));
#5823=CARTESIAN_POINT('',(-3.,13.6000007018447,-2.00000000000001));
#5824=CARTESIAN_POINT('',(-47.3999990075827,13.6000007018447,-2.));
#5825=CARTESIAN_POINT('',(-9.14306856991534,18.7839697566638,-2.));
#5826=CARTESIAN_POINT('',(-9.14306856991534,21.4839697566638,-2.));
#5827=CARTESIAN_POINT('',(-9.14306856991534,34.2919850537931,-2.));
#5828=CARTESIAN_POINT('',(-8.25773093661134,21.4839697566638,-2.));
#5829=CARTESIAN_POINT('',(-16.7288652202013,21.4839697566638,-2.));
#5830=CARTESIAN_POINT('',(-8.25773093661134,22.9839697566638,-2.));
#5831=CARTESIAN_POINT('',(-8.25773093661134,25.8919850537931,-2.));
#5832=CARTESIAN_POINT('',(-9.14306856991534,22.9839697566638,-2.));
#5833=CARTESIAN_POINT('',(-27.7288652202013,22.9839697566638,-2.));
#5834=CARTESIAN_POINT('',(-9.14306856991534,25.6839697566638,-2.));
#5835=CARTESIAN_POINT('',(-9.14306856991534,34.2919850537931,-2.));
#5836=CARTESIAN_POINT('',(-8.25773093661134,25.6839697566638,-2.));
#5837=CARTESIAN_POINT('',(-16.7288652202013,25.6839697566638,-2.));
#5838=CARTESIAN_POINT('',(-8.25773093661134,27.1839697566638,-2.));
#5839=CARTESIAN_POINT('',(-8.25773093661134,27.9919850537931,-2.));
#5840=CARTESIAN_POINT('',(-9.14306856991534,27.1839697566638,-2.));
#5841=CARTESIAN_POINT('',(-27.7288652202013,27.1839697566638,-2.));
#5842=CARTESIAN_POINT('',(-9.14306856991534,29.8839697566638,-2.));
#5843=CARTESIAN_POINT('',(-9.14306856991534,34.2919850537931,-2.));
#5844=CARTESIAN_POINT('',(-8.25773093661134,29.8839697566638,-2.));
#5845=CARTESIAN_POINT('',(-16.7288652202013,29.8839697566638,-2.));
#5846=CARTESIAN_POINT('',(-8.25773093661134,31.3839697566638,-2.));
#5847=CARTESIAN_POINT('',(-8.25773093661134,30.0919850537931,-2.));
#5848=CARTESIAN_POINT('',(-9.14306856991534,31.3839697566638,-2.));
#5849=CARTESIAN_POINT('',(-27.7288652202013,31.3839697566638,-2.));
#5850=CARTESIAN_POINT('',(-9.14306856991534,34.0839697566638,-2.));
#5851=CARTESIAN_POINT('',(-9.14306856991534,34.2919850537931,-2.));
#5852=CARTESIAN_POINT('',(-8.25773093661134,34.0839697566638,-2.));
#5853=CARTESIAN_POINT('',(-16.7288652202013,34.0839697566638,-2.));
#5854=CARTESIAN_POINT('',(-8.25773093661134,35.5839697566638,-2.));
#5855=CARTESIAN_POINT('',(-8.25773093661134,32.1919850537931,-2.));
#5856=CARTESIAN_POINT('',(-9.14306856991534,35.5839697566638,-2.));
#5857=CARTESIAN_POINT('',(-27.7288652202013,35.5839697566638,-2.));
#5858=CARTESIAN_POINT('',(-9.14306856991534,38.2839697566638,-2.));
#5859=CARTESIAN_POINT('',(-9.14306856991534,34.2919850537931,-2.));
#5860=CARTESIAN_POINT('',(-8.25773093661134,38.2839697566638,-2.));
#5861=CARTESIAN_POINT('',(-16.7288652202013,38.2839697566638,-2.));
#5862=CARTESIAN_POINT('',(-8.25773093661134,39.7839697566638,-2.));
#5863=CARTESIAN_POINT('',(-8.25773093661134,34.2919850537931,-2.));
#5864=CARTESIAN_POINT('',(-30.2577309366113,39.7839697566638,-2.));
#5865=CARTESIAN_POINT('',(-27.7288652202013,39.7839697566638,-2.));
#5866=CARTESIAN_POINT('',(-30.2577309366113,38.2839697566638,-2.));
#5867=CARTESIAN_POINT('',(-30.2577309366113,34.1118491762205,-2.));
#5868=CARTESIAN_POINT('',(-29.5183906432413,38.2839697566638,-2.));
#5869=CARTESIAN_POINT('',(-16.7288652202013,38.2839697566638,-2.));
#5870=CARTESIAN_POINT('',(-29.5183906432413,35.5839697566638,-2.));
#5871=CARTESIAN_POINT('',(-29.5183906432413,23.0419850537931,-2.));
#5872=CARTESIAN_POINT('',(-30.2577309366113,35.5839697566638,-2.));
#5873=CARTESIAN_POINT('',(-27.7288652202013,35.5839697566638,-2.));
#5874=CARTESIAN_POINT('',(-30.2577309366113,34.0839697566638,-2.));
#5875=CARTESIAN_POINT('',(-30.2577309366113,31.4419850537931,-2.));
#5876=CARTESIAN_POINT('',(-29.5183906432413,34.0839697566638,-2.));
#5877=CARTESIAN_POINT('',(-16.7288652202013,34.0839697566638,-2.));
#5878=CARTESIAN_POINT('',(-29.5183906432413,31.3839697566638,-2.));
#5879=CARTESIAN_POINT('',(-29.5183906432413,23.0419850537931,-2.));
#5880=CARTESIAN_POINT('',(-30.2577309366113,31.3839697566638,-2.));
#5881=CARTESIAN_POINT('',(-27.7288652202013,31.3839697566638,-2.));
#5882=CARTESIAN_POINT('',(-30.2577309366113,29.8839697566638,-2.));
#5883=CARTESIAN_POINT('',(-30.2577309366113,29.3419850537931,-2.));
#5884=CARTESIAN_POINT('',(-29.5183906432413,29.8839697566638,-2.));
#5885=CARTESIAN_POINT('',(-16.7288652202013,29.8839697566638,-2.));
#5886=CARTESIAN_POINT('',(-29.5183906432413,27.1839697566638,-2.));
#5887=CARTESIAN_POINT('',(-29.5183906432413,23.0419850537931,-2.));
#5888=CARTESIAN_POINT('',(-30.2577309366113,27.1839697566638,-2.));
#5889=CARTESIAN_POINT('',(-27.7288652202013,27.1839697566638,-2.));
#5890=CARTESIAN_POINT('',(-30.2577309366113,25.6839697566638,-2.));
#5891=CARTESIAN_POINT('',(-30.2577309366113,27.2419850537931,-2.));
#5892=CARTESIAN_POINT('',(-29.5183906432413,25.6839697566638,-2.));
#5893=CARTESIAN_POINT('',(-16.7288652202013,25.6839697566638,-2.));
#5894=CARTESIAN_POINT('',(-29.5183906432413,22.9839697566638,-2.));
#5895=CARTESIAN_POINT('',(-29.5183906432413,23.0419850537931,-2.));
#5896=CARTESIAN_POINT('',(-30.2577309366113,22.9839697566638,-2.));
#5897=CARTESIAN_POINT('',(-27.7288652202013,22.9839697566638,-2.));
#5898=CARTESIAN_POINT('',(-30.2577309366113,21.4839697566638,-2.));
#5899=CARTESIAN_POINT('',(-30.2577309366113,25.1419850537931,-2.));
#5900=CARTESIAN_POINT('',(-29.5183906432413,21.4839697566638,-2.));
#5901=CARTESIAN_POINT('',(-16.7288652202013,21.4839697566638,-2.));
#5902=CARTESIAN_POINT('',(-29.5183906432413,18.7839697566638,-2.));
#5903=CARTESIAN_POINT('',(-29.5183906432413,23.0419850537931,-2.));
#5904=CARTESIAN_POINT('',(-30.2577309366113,18.7839697566638,-2.));
#5905=CARTESIAN_POINT('',(-27.7288652202013,18.7839697566638,-2.));
#5906=CARTESIAN_POINT('',(-30.2577309366113,17.2839697566638,-2.));
#5907=CARTESIAN_POINT('',(-30.2577309366113,23.0419850537931,-2.));
#5908=CARTESIAN_POINT('',(-8.25773093661134,17.2839697566638,-2.));
#5909=CARTESIAN_POINT('',(-16.7288652202013,17.2839697566638,-2.));
#5910=CARTESIAN_POINT('',(-8.25773093661134,18.7839697566638,-2.));
#5911=CARTESIAN_POINT('',(-8.25773093661134,23.7919850537931,-2.));
#5912=CARTESIAN_POINT('',(-27.7288652202013,18.7839697566638,-2.));
#5913=CARTESIAN_POINT('Origin',(-9.14306856991534,39.7839697566638,2.49999999999999));
#5914=CARTESIAN_POINT('',(-9.14306856991534,35.5839697566638,-1.00000000000001));
#5915=CARTESIAN_POINT('',(-9.14306856991534,35.5839697566638,2.49999999999999));
#5916=CARTESIAN_POINT('',(-9.14306856991534,38.2839697566638,-1.00000000000001));
#5917=CARTESIAN_POINT('',(-9.14306856991534,34.1589697566638,-1.00000000000001));
#5918=CARTESIAN_POINT('',(-9.14306856991534,38.2839697566638,2.49999999999999));
#5919=CARTESIAN_POINT('Origin',(-9.14306856991534,39.7839697566638,2.49999999999999));
#5920=CARTESIAN_POINT('',(-9.14306856991534,31.3839697566638,-1.00000000000001));
#5921=CARTESIAN_POINT('',(-9.14306856991534,31.3839697566638,2.49999999999999));
#5922=CARTESIAN_POINT('',(-9.14306856991534,34.0839697566638,-1.00000000000001));
#5923=CARTESIAN_POINT('',(-9.14306856991534,34.1589697566638,-1.00000000000001));
#5924=CARTESIAN_POINT('',(-9.14306856991534,34.0839697566638,2.49999999999999));
#5925=CARTESIAN_POINT('Origin',(-9.14306856991534,39.7839697566638,2.49999999999999));
#5926=CARTESIAN_POINT('',(-9.14306856991534,27.1839697566638,-1.00000000000001));
#5927=CARTESIAN_POINT('',(-9.14306856991534,27.1839697566638,2.49999999999999));
#5928=CARTESIAN_POINT('',(-9.14306856991534,29.8839697566638,-1.00000000000001));
#5929=CARTESIAN_POINT('',(-9.14306856991534,34.1589697566638,-1.00000000000001));
#5930=CARTESIAN_POINT('',(-9.14306856991534,29.8839697566638,2.49999999999999));
#5931=CARTESIAN_POINT('Origin',(-9.14306856991534,39.7839697566638,2.49999999999999));
#5932=CARTESIAN_POINT('',(-9.14306856991534,22.9839697566638,-1.00000000000001));
#5933=CARTESIAN_POINT('',(-9.14306856991534,22.9839697566638,2.49999999999999));
#5934=CARTESIAN_POINT('',(-9.14306856991534,25.6839697566638,-1.00000000000001));
#5935=CARTESIAN_POINT('',(-9.14306856991534,34.1589697566638,-1.00000000000001));
#5936=CARTESIAN_POINT('',(-9.14306856991534,25.6839697566638,2.49999999999999));
#5937=CARTESIAN_POINT('Origin',(-29.5183906432413,17.2839697566638,2.49999999999999));
#5938=CARTESIAN_POINT('',(-29.5183906432413,21.4839697566638,-1.00000000000001));
#5939=CARTESIAN_POINT('',(-29.5183906432413,21.4839697566638,2.49999999999999));
#5940=CARTESIAN_POINT('',(-29.5183906432413,18.7839697566638,-1.00000000000001));
#5941=CARTESIAN_POINT('',(-29.5183906432413,22.9089697566638,-1.00000000000001));
#5942=CARTESIAN_POINT('',(-29.5183906432413,18.7839697566638,2.49999999999999));
#5943=CARTESIAN_POINT('Origin',(-29.5183906432413,17.2839697566638,2.49999999999999));
#5944=CARTESIAN_POINT('',(-29.5183906432413,25.6839697566638,-1.00000000000001));
#5945=CARTESIAN_POINT('',(-29.5183906432413,25.6839697566638,2.49999999999999));
#5946=CARTESIAN_POINT('',(-29.5183906432413,22.9839697566638,-1.00000000000001));
#5947=CARTESIAN_POINT('',(-29.5183906432413,22.9089697566638,-1.00000000000001));
#5948=CARTESIAN_POINT('',(-29.5183906432413,22.9839697566638,2.49999999999999));
#5949=CARTESIAN_POINT('Origin',(-29.5183906432413,17.2839697566638,2.49999999999999));
#5950=CARTESIAN_POINT('',(-29.5183906432413,29.8839697566638,-1.00000000000001));
#5951=CARTESIAN_POINT('',(-29.5183906432413,29.8839697566638,2.49999999999999));
#5952=CARTESIAN_POINT('',(-29.5183906432413,27.1839697566638,-1.00000000000001));
#5953=CARTESIAN_POINT('',(-29.5183906432413,22.9089697566638,-1.00000000000001));
#5954=CARTESIAN_POINT('',(-29.5183906432413,27.1839697566638,2.49999999999999));
#5955=CARTESIAN_POINT('Origin',(-29.5183906432413,17.2839697566638,2.49999999999999));
#5956=CARTESIAN_POINT('',(-29.5183906432413,34.0839697566638,-1.00000000000001));
#5957=CARTESIAN_POINT('',(-29.5183906432413,34.0839697566638,2.49999999999999));
#5958=CARTESIAN_POINT('',(-29.5183906432413,31.3839697566638,-1.00000000000001));
#5959=CARTESIAN_POINT('',(-29.5183906432413,22.9089697566638,-1.00000000000001));
#5960=CARTESIAN_POINT('',(-29.5183906432413,31.3839697566638,2.49999999999999));
#5961=CARTESIAN_POINT('Origin',(-9.14306856991534,39.7839697566638,2.49999999999999));
#5962=CARTESIAN_POINT('',(-9.14306856991534,18.7839697566638,-1.00000000000001));
#5963=CARTESIAN_POINT('',(-9.14306856991534,18.7839697566638,2.49999999999999));
#5964=CARTESIAN_POINT('',(-9.14306856991534,21.4839697566638,-1.00000000000001));
#5965=CARTESIAN_POINT('',(-9.14306856991534,34.1589697566638,-1.00000000000001));
#5966=CARTESIAN_POINT('',(-9.14306856991534,21.4839697566638,2.49999999999999));
#5967=CARTESIAN_POINT('Origin',(-29.5183906432413,17.2839697566638,2.49999999999999));
#5968=CARTESIAN_POINT('',(-29.5183906432413,38.2839697566638,-1.00000000000001));
#5969=CARTESIAN_POINT('',(-29.5183906432413,38.2839697566638,2.49999999999999));
#5970=CARTESIAN_POINT('',(-29.5183906432413,35.5839697566638,-1.00000000000001));
#5971=CARTESIAN_POINT('',(-29.5183906432413,22.9089697566638,-1.00000000000001));
#5972=CARTESIAN_POINT('',(-29.5183906432413,35.5839697566638,2.49999999999999));
#5973=CARTESIAN_POINT('Origin',(-8.25773093661134,17.2839697566638,2.49999999999999));
#5974=CARTESIAN_POINT('',(-30.2577309366113,17.2839697566638,2.49999999999999));
#5975=CARTESIAN_POINT('',(-30.2577309366113,17.2839697566638,2.49999999999999));
#5976=CARTESIAN_POINT('',(-12.9999997094274,17.2839697566638,2.49999999999999));
#5977=CARTESIAN_POINT('',(-16.6288655390862,17.2839697566638,2.49999999999999));
#5978=CARTESIAN_POINT('',(-12.9999997094274,17.2839697566638,2.));
#5979=CARTESIAN_POINT('',(-12.9999999552965,17.2839697566638,2.25));
#5980=CARTESIAN_POINT('',(-8.25773093661134,17.2839697566638,2.));
#5981=CARTESIAN_POINT('',(-16.7288652202013,17.2839697566638,2.));
#5982=CARTESIAN_POINT('',(-8.25773093661134,17.2839697566638,2.49999999999999));
#5983=CARTESIAN_POINT('Origin',(-30.2577309366113,39.7839697566638,2.49999999999999));
#5984=CARTESIAN_POINT('',(-30.2577309366113,39.7839697566638,2.49999999999999));
#5985=CARTESIAN_POINT('',(-8.25773093661134,39.7839697566638,2.49999999999999));
#5986=CARTESIAN_POINT('',(-27.6288655390862,39.7839697566638,2.49999999999999));
#5987=CARTESIAN_POINT('',(-30.2577309366113,39.7839697566638,2.49999999999999));
#5988=CARTESIAN_POINT('',(-8.25773093661134,39.7839697566638,2.49999999999999));
#5989=CARTESIAN_POINT('Origin',(-19.2577309366113,28.5339697566638,-1.00000000000001));
#5990=CARTESIAN_POINT('',(-30.2577309366113,38.2839697566638,-1.00000000000001));
#5991=CARTESIAN_POINT('',(-13.7577309366113,38.2839697566638,-1.00000000000001));
#5992=CARTESIAN_POINT('',(-30.2577309366113,35.5839697566638,-1.00000000000001));
#5993=CARTESIAN_POINT('',(-30.2577309366113,38.2839697566638,-1.00000000000001));
#5994=CARTESIAN_POINT('',(-24.7577309366113,35.5839697566638,-1.00000000000001));
#5995=CARTESIAN_POINT('Origin',(-19.2577309366113,28.5339697566638,-1.00000000000001));
#5996=CARTESIAN_POINT('',(-8.25773093661134,35.5839697566638,-1.00000000000001));
#5997=CARTESIAN_POINT('',(-24.7577309366113,35.5839697566638,-1.00000000000001));
#5998=CARTESIAN_POINT('',(-8.25773093661134,38.2839697566638,-1.00000000000001));
#5999=CARTESIAN_POINT('',(-8.25773093661134,18.7839697566638,-1.00000000000001));
#6000=CARTESIAN_POINT('',(-13.7577309366113,38.2839697566638,-1.00000000000001));
#6001=CARTESIAN_POINT('Origin',(-30.2577309366113,35.5839697566638,2.49999999999999));
#6002=CARTESIAN_POINT('',(-30.2577309366113,35.5839697566638,2.49999999999999));
#6003=CARTESIAN_POINT('Origin',(-30.2577309366113,35.5839697566638,2.49999999999999));
#6004=CARTESIAN_POINT('',(-8.25773093661134,35.5839697566638,2.49999999999999));
#6005=CARTESIAN_POINT('Origin',(-8.25773093661134,38.2839697566638,2.49999999999999));
#6006=CARTESIAN_POINT('',(-30.2577309366113,38.2839697566638,2.49999999999999));
#6007=CARTESIAN_POINT('Origin',(-19.2577309366113,28.5339697566638,-1.00000000000001));
#6008=CARTESIAN_POINT('',(-30.2577309366113,34.0839697566638,-1.00000000000001));
#6009=CARTESIAN_POINT('',(-13.7577309366113,34.0839697566638,-1.00000000000001));
#6010=CARTESIAN_POINT('',(-30.2577309366113,31.3839697566638,-1.00000000000001));
#6011=CARTESIAN_POINT('',(-30.2577309366113,38.2839697566638,-1.00000000000001));
#6012=CARTESIAN_POINT('',(-24.7577309366113,31.3839697566638,-1.00000000000001));
#6013=CARTESIAN_POINT('Origin',(-19.2577309366113,28.5339697566638,-1.00000000000001));
#6014=CARTESIAN_POINT('',(-8.25773093661134,31.3839697566638,-1.00000000000001));
#6015=CARTESIAN_POINT('',(-24.7577309366113,31.3839697566638,-1.00000000000001));
#6016=CARTESIAN_POINT('',(-8.25773093661134,34.0839697566638,-1.00000000000001));
#6017=CARTESIAN_POINT('',(-8.25773093661134,18.7839697566638,-1.00000000000001));
#6018=CARTESIAN_POINT('',(-13.7577309366113,34.0839697566638,-1.00000000000001));
#6019=CARTESIAN_POINT('Origin',(-30.2577309366113,31.3839697566638,2.49999999999999));
#6020=CARTESIAN_POINT('',(-30.2577309366113,31.3839697566638,2.49999999999999));
#6021=CARTESIAN_POINT('Origin',(-30.2577309366113,31.3839697566638,2.49999999999999));
#6022=CARTESIAN_POINT('',(-8.25773093661134,31.3839697566638,2.49999999999999));
#6023=CARTESIAN_POINT('Origin',(-8.25773093661134,34.0839697566638,2.49999999999999));
#6024=CARTESIAN_POINT('',(-30.2577309366113,34.0839697566638,2.49999999999999));
#6025=CARTESIAN_POINT('Origin',(-19.2577309366113,28.5339697566638,-1.00000000000001));
#6026=CARTESIAN_POINT('',(-30.2577309366113,29.8839697566638,-1.00000000000001));
#6027=CARTESIAN_POINT('',(-13.7577309366113,29.8839697566638,-1.00000000000001));
#6028=CARTESIAN_POINT('',(-30.2577309366113,27.1839697566638,-1.00000000000001));
#6029=CARTESIAN_POINT('',(-30.2577309366113,38.2839697566638,-1.00000000000001));
#6030=CARTESIAN_POINT('',(-24.7577309366113,27.1839697566638,-1.00000000000001));
#6031=CARTESIAN_POINT('Origin',(-19.2577309366113,28.5339697566638,-1.00000000000001));
#6032=CARTESIAN_POINT('',(-8.25773093661134,27.1839697566638,-1.00000000000001));
#6033=CARTESIAN_POINT('',(-24.7577309366113,27.1839697566638,-1.00000000000001));
#6034=CARTESIAN_POINT('',(-8.25773093661134,29.8839697566638,-1.00000000000001));
#6035=CARTESIAN_POINT('',(-8.25773093661134,18.7839697566638,-1.00000000000001));
#6036=CARTESIAN_POINT('',(-13.7577309366113,29.8839697566638,-1.00000000000001));
#6037=CARTESIAN_POINT('Origin',(-30.2577309366113,27.1839697566638,2.49999999999999));
#6038=CARTESIAN_POINT('',(-30.2577309366113,27.1839697566638,2.49999999999999));
#6039=CARTESIAN_POINT('Origin',(-30.2577309366113,27.1839697566638,2.49999999999999));
#6040=CARTESIAN_POINT('',(-8.25773093661134,27.1839697566638,2.49999999999999));
#6041=CARTESIAN_POINT('Origin',(-8.25773093661134,29.8839697566638,2.49999999999999));
#6042=CARTESIAN_POINT('',(-30.2577309366113,29.8839697566638,2.49999999999999));
#6043=CARTESIAN_POINT('Origin',(-19.2577309366113,28.5339697566638,-1.00000000000001));
#6044=CARTESIAN_POINT('',(-30.2577309366113,25.6839697566638,-1.00000000000001));
#6045=CARTESIAN_POINT('',(-13.7577309366113,25.6839697566638,-1.00000000000001));
#6046=CARTESIAN_POINT('',(-30.2577309366113,22.9839697566638,-1.00000000000001));
#6047=CARTESIAN_POINT('',(-30.2577309366113,38.2839697566638,-1.00000000000001));
#6048=CARTESIAN_POINT('',(-24.7577309366113,22.9839697566638,-1.00000000000001));
#6049=CARTESIAN_POINT('Origin',(-19.2577309366113,28.5339697566638,-1.00000000000001));
#6050=CARTESIAN_POINT('',(-8.25773093661134,22.9839697566638,-1.00000000000001));
#6051=CARTESIAN_POINT('',(-24.7577309366113,22.9839697566638,-1.00000000000001));
#6052=CARTESIAN_POINT('',(-8.25773093661134,25.6839697566638,-1.00000000000001));
#6053=CARTESIAN_POINT('',(-8.25773093661134,18.7839697566638,-1.00000000000001));
#6054=CARTESIAN_POINT('',(-13.7577309366113,25.6839697566638,-1.00000000000001));
#6055=CARTESIAN_POINT('Origin',(-30.2577309366113,22.9839697566638,2.49999999999999));
#6056=CARTESIAN_POINT('',(-30.2577309366113,22.9839697566638,2.49999999999999));
#6057=CARTESIAN_POINT('Origin',(-30.2577309366113,22.9839697566638,2.49999999999999));
#6058=CARTESIAN_POINT('',(-8.25773093661134,22.9839697566638,2.49999999999999));
#6059=CARTESIAN_POINT('Origin',(-8.25773093661134,25.6839697566638,2.49999999999999));
#6060=CARTESIAN_POINT('',(-30.2577309366113,25.6839697566638,2.49999999999999));
#6061=CARTESIAN_POINT('Origin',(-19.2577309366113,28.5339697566638,-1.00000000000001));
#6062=CARTESIAN_POINT('',(-30.2577309366113,21.4839697566638,-1.00000000000001));
#6063=CARTESIAN_POINT('',(-13.7577309366113,21.4839697566638,-1.00000000000001));
#6064=CARTESIAN_POINT('',(-30.2577309366113,18.7839697566638,-1.00000000000001));
#6065=CARTESIAN_POINT('',(-30.2577309366113,38.2839697566638,-1.00000000000001));
#6066=CARTESIAN_POINT('',(-24.7577309366113,18.7839697566638,-1.00000000000001));
#6067=CARTESIAN_POINT('Origin',(-19.2577309366113,28.5339697566638,-1.00000000000001));
#6068=CARTESIAN_POINT('',(-8.25773093661134,18.7839697566638,-1.00000000000001));
#6069=CARTESIAN_POINT('',(-24.7577309366113,18.7839697566638,-1.00000000000001));
#6070=CARTESIAN_POINT('',(-8.25773093661134,21.4839697566638,-1.00000000000001));
#6071=CARTESIAN_POINT('',(-8.25773093661134,18.7839697566638,-1.00000000000001));
#6072=CARTESIAN_POINT('',(-13.7577309366113,21.4839697566638,-1.00000000000001));
#6073=CARTESIAN_POINT('Origin',(-30.2577309366113,18.7839697566638,2.49999999999999));
#6074=CARTESIAN_POINT('',(-30.2577309366113,18.7839697566638,2.49999999999999));
#6075=CARTESIAN_POINT('Origin',(-30.2577309366113,18.7839697566638,2.49999999999999));
#6076=CARTESIAN_POINT('',(-8.25773093661134,18.7839697566638,2.49999999999999));
#6077=CARTESIAN_POINT('Origin',(-8.25773093661134,21.4839697566638,2.49999999999999));
#6078=CARTESIAN_POINT('',(-30.2577309366113,21.4839697566638,2.49999999999999));
#6079=CARTESIAN_POINT('Origin',(-46.3999990075827,18.6000007018447,2.));
#6080=CARTESIAN_POINT('',(-45.7999990075827,18.6000007018447,2.));
#6081=CARTESIAN_POINT('Origin',(-46.3999990075827,18.6000007018447,2.));
#6082=CARTESIAN_POINT('',(-45.7999990075827,18.6000007018447,2.));
#6083=CARTESIAN_POINT('Origin',(-4.,39.,1.99999999999999));
#6084=CARTESIAN_POINT('',(-3.4,39.,1.99999999999999));
#6085=CARTESIAN_POINT('Origin',(-4.,39.,1.99999999999999));
#6086=CARTESIAN_POINT('',(-3.4,39.,1.99999999999999));
#6087=CARTESIAN_POINT('Origin',(-46.3999990075827,33.5,2.));
#6088=CARTESIAN_POINT('',(-45.7999990075827,33.5,2.));
#6089=CARTESIAN_POINT('Origin',(-46.3999990075827,33.5,2.));
#6090=CARTESIAN_POINT('',(-45.7999990075827,33.5,2.));
#6091=CARTESIAN_POINT('Origin',(-4.,27.0000007018447,1.99999999999999));
#6092=CARTESIAN_POINT('',(-3.4,27.0000007018447,1.99999999999999));
#6093=CARTESIAN_POINT('Origin',(-4.,27.0000007018447,1.99999999999999));
#6094=CARTESIAN_POINT('',(-3.4,27.0000007018447,1.99999999999999));
#6095=CARTESIAN_POINT('Origin',(-8.25773093661134,39.7839697566638,2.49999999999999));
#6096=CARTESIAN_POINT('',(-8.25773093661134,38.2839697566638,2.49999999999999));
#6097=CARTESIAN_POINT('',(-8.25773093661134,34.0839697566638,2.49999999999999));
#6098=CARTESIAN_POINT('',(-8.25773093661134,29.8839697566638,2.49999999999999));
#6099=CARTESIAN_POINT('',(-8.25773093661134,25.6839697566638,2.49999999999999));
#6100=CARTESIAN_POINT('',(-8.25773093661134,21.4839697566638,2.49999999999999));
#6101=CARTESIAN_POINT('',(-8.25773093661134,23.2999996870756,1.99999999999999));
#6102=CARTESIAN_POINT('',(-8.25773093661134,34.2919850537931,2.));
#6103=CARTESIAN_POINT('',(-8.25773093661134,23.2999996870756,2.49999999999999));
#6104=CARTESIAN_POINT('',(-8.25773093661134,23.2999996870756,2.24999999999999));
#6105=CARTESIAN_POINT('',(-8.25773093661134,34.7169850126286,2.49999999999999));
#6106=CARTESIAN_POINT('Origin',(-8.25773093661134,29.8839697566638,2.49999999999999));
#6107=CARTESIAN_POINT('Origin',(-8.25773093661134,34.0839697566638,2.49999999999999));
#6108=CARTESIAN_POINT('Origin',(-8.25773093661134,25.6839697566638,2.49999999999999));
#6109=CARTESIAN_POINT('Origin',(-8.25773093661134,21.4839697566638,2.49999999999999));
#6110=CARTESIAN_POINT('Origin',(-8.25773093661134,38.2839697566638,2.49999999999999));
#6111=CARTESIAN_POINT('Origin',(-30.2577309366113,17.2839697566638,2.49999999999999));
#6112=CARTESIAN_POINT('',(-30.2577309366113,23.4669850126286,2.49999999999999));
#6113=CARTESIAN_POINT('Origin',(-25.1999995037913,28.8000003509223,2.));
#6114=CARTESIAN_POINT('',(-35.3,13.6000007018447,2.));
#6115=CARTESIAN_POINT('',(-35.3,14.6000007018447,2.));
#6116=CARTESIAN_POINT('',(-35.3,21.7000005263835,2.));
#6117=CARTESIAN_POINT('',(-6.1,14.6000007018447,1.99999999999999));
#6118=CARTESIAN_POINT('',(-29.9499997518957,14.6000007018447,2.));
#6119=CARTESIAN_POINT('',(-6.1,13.6000007018447,1.99999999999999));
#6120=CARTESIAN_POINT('',(-6.1,21.2000005263835,2.));
#6121=CARTESIAN_POINT('',(-3.,13.6000007018447,2.));
#6122=CARTESIAN_POINT('',(-47.3999990075827,13.6000007018447,2.));
#6123=CARTESIAN_POINT('',(-3.,44.,2.));
#6124=CARTESIAN_POINT('',(-3.,13.6000007018447,2.));
#6125=CARTESIAN_POINT('',(-19.2,44.,1.99999999999999));
#6126=CARTESIAN_POINT('',(-3.,44.,2.));
#6127=CARTESIAN_POINT('',(-19.2,43.,1.99999999999999));
#6128=CARTESIAN_POINT('',(-19.2,35.9000001754612,2.));
#6129=CARTESIAN_POINT('',(-35.2,43.,2.));
#6130=CARTESIAN_POINT('',(-30.1999997518957,43.,2.));
#6131=CARTESIAN_POINT('',(-35.2,44.,2.));
#6132=CARTESIAN_POINT('',(-35.2,36.4000001754612,2.));
#6133=CARTESIAN_POINT('',(-3.,44.,2.));
#6134=CARTESIAN_POINT('',(-47.3999990075827,13.6000007018447,2.));
#6135=CARTESIAN_POINT('',(-12.9999997094274,16.3000005967915,1.99999999999999));
#6136=CARTESIAN_POINT('',(-12.9999997094274,22.5500004738569,2.));
#6137=CARTESIAN_POINT('',(-43.0000006407499,16.3000005967915,2.));
#6138=CARTESIAN_POINT('',(-34.1000000722706,16.3000005967915,2.));
#6139=CARTESIAN_POINT('',(-43.0000006407499,40.9999999403954,2.));
#6140=CARTESIAN_POINT('',(-43.0000006407499,23.5500004738569,2.));
#6141=CARTESIAN_POINT('',(-7.00000010430813,40.9999999403954,1.99999999999999));
#6142=CARTESIAN_POINT('',(-16.0999998040497,40.9999999403954,2.));
#6143=CARTESIAN_POINT('',(-6.99999964237213,23.2999996870756,1.99999999999999));
#6144=CARTESIAN_POINT('',(-6.99999964237213,26.050000018999,2.));
#6145=CARTESIAN_POINT('',(-20.5999995730817,23.2999996870756,2.));
#6146=CARTESIAN_POINT('Origin',(-12.9999999552965,18.3000006571412,2.));
#6147=CARTESIAN_POINT('',(-12.9999997094274,16.3000005967915,2.49999999999999));
#6148=CARTESIAN_POINT('',(-12.9999997094274,18.3000005967915,2.49999999999999));
#6149=CARTESIAN_POINT('',(-12.9999997094274,16.3000005967915,1.99999999999999));
#6150=CARTESIAN_POINT('Origin',(-35.3,14.6000007018447,2.));
#6151=CARTESIAN_POINT('',(-35.3,13.6000007018447,5.5));
#6152=CARTESIAN_POINT('',(-35.3,13.6000007018447,2.));
#6153=CARTESIAN_POINT('',(-35.3,14.6000007018447,5.5));
#6154=CARTESIAN_POINT('',(-35.3,14.6000007018447,5.5));
#6155=CARTESIAN_POINT('',(-35.3,14.6000007018447,2.));
#6156=CARTESIAN_POINT('Origin',(-6.1,13.6000007018447,1.99999999999999));
#6157=CARTESIAN_POINT('',(-6.1,14.6000007018447,5.49999999999999));
#6158=CARTESIAN_POINT('',(-6.1,14.6000007018447,1.99999999999999));
#6159=CARTESIAN_POINT('',(-6.1,13.6000007018447,5.49999999999999));
#6160=CARTESIAN_POINT('',(-6.1,13.8500007018447,5.49999999999999));
#6161=CARTESIAN_POINT('',(-6.1,13.6000007018447,1.99999999999999));
#6162=CARTESIAN_POINT('Origin',(-3.,13.6000007018447,2.));
#6163=CARTESIAN_POINT('',(-34.7,13.6000007018447,5.5));
#6164=CARTESIAN_POINT('',(-3.,13.6000007018447,2.));
#6165=CARTESIAN_POINT('Origin',(-20.1,14.1000007018447,5.49999999999999));
#6166=CARTESIAN_POINT('',(-5.,14.6000007018447,5.49999999999999));
#6167=CARTESIAN_POINT('Origin',(-35.2,43.,2.));
#6168=CARTESIAN_POINT('',(-19.2,43.,5.49999999999999));
#6169=CARTESIAN_POINT('',(-19.2,43.,1.99999999999999));
#6170=CARTESIAN_POINT('',(-35.2,43.,5.5));
#6171=CARTESIAN_POINT('',(-35.2,43.,5.5));
#6172=CARTESIAN_POINT('',(-35.2,43.,2.));
#6173=CARTESIAN_POINT('Origin',(-35.2,44.,2.));
#6174=CARTESIAN_POINT('',(-35.2,44.,5.5));
#6175=CARTESIAN_POINT('',(-35.2,44.,5.5));
#6176=CARTESIAN_POINT('',(-35.2,44.,2.));
#6177=CARTESIAN_POINT('Origin',(-19.2,43.,1.99999999999999));
#6178=CARTESIAN_POINT('',(-19.2,44.,5.49999999999999));
#6179=CARTESIAN_POINT('',(-19.2,44.,1.99999999999999));
#6180=CARTESIAN_POINT('',(-19.2,43.,5.49999999999999));
#6181=CARTESIAN_POINT('Origin',(-27.2,43.5,5.49999999999999));
#6182=CARTESIAN_POINT('',(-19.2,44.,5.49999999999999));
#6183=CARTESIAN_POINT('Origin',(-5.5,14.6000007018447,1.99999999999999));
#6184=CARTESIAN_POINT('Origin',(-43.0000006407499,16.3000005967915,2.));
#6185=CARTESIAN_POINT('',(-43.0000006407499,16.3000005967915,2.5));
#6186=CARTESIAN_POINT('',(-12.9999997094274,16.3000005967915,2.49999999999999));
#6187=CARTESIAN_POINT('',(-43.0000006407499,16.3000005967915,2.));
#6188=CARTESIAN_POINT('Origin',(-15.9999996423721,23.2999996870756,1.99999999999999));
#6189=CARTESIAN_POINT('',(-6.99999964237213,23.2999996870756,2.49999999999999));
#6190=CARTESIAN_POINT('',(-6.99999964237213,23.2999996870756,1.99999999999999));
#6191=CARTESIAN_POINT('',(-6.99999964237213,23.2999996870756,2.49999999999999));
#6192=CARTESIAN_POINT('Origin',(-43.0000006407499,40.9999999403954,2.));
#6193=CARTESIAN_POINT('',(-43.0000006407499,40.9999999403954,2.5));
#6194=CARTESIAN_POINT('',(-43.0000006407499,23.9999996870756,2.5));
#6195=CARTESIAN_POINT('',(-43.0000006407499,40.9999999403954,2.));
#6196=CARTESIAN_POINT('Origin',(-7.00000010430813,40.9999999403954,1.99999999999999));
#6197=CARTESIAN_POINT('',(-7.00000010430813,40.9999999403954,2.49999999999999));
#6198=CARTESIAN_POINT('',(-43.0000006407499,40.9999999403954,2.5));
#6199=CARTESIAN_POINT('',(-7.00000010430813,40.9999999403954,1.99999999999999));
#6200=CARTESIAN_POINT('Origin',(-6.99999964237213,23.2999996870756,1.99999999999999));
#6201=CARTESIAN_POINT('',(-6.99999964237213,23.9999996870756,2.49999999999999));
#6202=CARTESIAN_POINT('Origin',(-25.000000141561,29.6500002685934,2.49999999999999));
#6203=CARTESIAN_POINT('Origin',(-3.,44.,2.));
#6204=CARTESIAN_POINT('',(-3.,44.,2.));
#6205=CARTESIAN_POINT('Origin',(-47.3999990075827,44.,2.));
#6206=UNCERTAINTY_MEASURE_WITH_UNIT(LENGTH_MEASURE(0.01),#6210,
'DISTANCE_ACCURACY_VALUE',
'Maximum model space distance between geometric entities at asserted c
onnectivities');
#6207=UNCERTAINTY_MEASURE_WITH_UNIT(LENGTH_MEASURE(0.01),#6210,
'DISTANCE_ACCURACY_VALUE',
'Maximum model space distance between geometric entities at asserted c
onnectivities');
#6208=(
GEOMETRIC_REPRESENTATION_CONTEXT(3)
GLOBAL_UNCERTAINTY_ASSIGNED_CONTEXT((#6206))
GLOBAL_UNIT_ASSIGNED_CONTEXT((#6210,#6212,#6213))
REPRESENTATION_CONTEXT('','3D')
);
#6209=(
GEOMETRIC_REPRESENTATION_CONTEXT(3)
GLOBAL_UNCERTAINTY_ASSIGNED_CONTEXT((#6207))
GLOBAL_UNIT_ASSIGNED_CONTEXT((#6210,#6212,#6213))
REPRESENTATION_CONTEXT('','3D')
);
#6210=(
LENGTH_UNIT()
NAMED_UNIT(*)
SI_UNIT(.MILLI.,.METRE.)
);
#6211=(
LENGTH_UNIT()
NAMED_UNIT(*)
SI_UNIT($,.METRE.)
);
#6212=(
NAMED_UNIT(*)
PLANE_ANGLE_UNIT()
SI_UNIT($,.RADIAN.)
);
#6213=(
NAMED_UNIT(*)
SI_UNIT($,.STERADIAN.)
SOLID_ANGLE_UNIT()
);
#6214=SHAPE_DEFINITION_REPRESENTATION(#6215,#6216);
#6215=PRODUCT_DEFINITION_SHAPE('',$,#6218);
#6216=SHAPE_REPRESENTATION('',(#3697),#6208);
#6217=PRODUCT_DEFINITION_CONTEXT('part definition',#6222,'design');
#6218=PRODUCT_DEFINITION('NanoVTXheatsink','NanoVTXheatsink v11',#6219,
#6217);
#6219=PRODUCT_DEFINITION_FORMATION('',$,#6224);
#6220=PRODUCT_RELATED_PRODUCT_CATEGORY('NanoVTXheatsink v11',
'NanoVTXheatsink v11',(#6224));
#6221=APPLICATION_PROTOCOL_DEFINITION('international standard',
'automotive_design',2009,#6222);
#6222=APPLICATION_CONTEXT(
'Core Data for Automotive Mechanical Design Process');
#6223=PRODUCT_CONTEXT('part definition',#6222,'mechanical');
#6224=PRODUCT('NanoVTXheatsink','NanoVTXheatsink v11',$,(#6223));
#6225=PRESENTATION_STYLE_ASSIGNMENT((#6226));
#6226=SURFACE_STYLE_USAGE(.BOTH.,#6227);
#6227=SURFACE_SIDE_STYLE('',(#6228));
#6228=SURFACE_STYLE_FILL_AREA(#6229);
#6229=FILL_AREA_STYLE('Steel - Satin',(#6230));
#6230=FILL_AREA_STYLE_COLOUR('Steel - Satin',#6231);
#6231=COLOUR_RGB('Steel - Satin',0.627450980392157,0.627450980392157,0.627450980392157);
ENDSEC;
END-ISO-10303-21;
