
*** Running vivado
    with args -log top_wrapper.vdi -applog -m64 -product Vivado -messageDb vivado.pb -mode batch -source top_wrapper.tcl -notrace


ECHO is off.
ECHO is off.

****** Vivado v2023.1 (64-bit)
  **** SW Build 3865809 on Sun May  7 15:05:29 MDT 2023
  **** IP Build 3864474 on Sun May  7 20:36:21 MDT 2023
  **** SharedData Build 3865790 on Sun May 07 13:33:03 MDT 2023
    ** Copyright 1986-2022 Xilinx, Inc. All Rights Reserved.
    ** Copyright 2022-2023 Advanced Micro Devices, Inc. All Rights Reserved.

source top_wrapper.tcl -notrace
INFO: [IP_Flow 19-234] Refreshing IP repositories
INFO: [IP_Flow 19-1700] Loaded user IP repository 'c:/FPGA/ip_repo/axi_register_1_0'.
INFO: [IP_Flow 19-1700] Loaded user IP repository 'c:/FPGA/ip_repo/ip'.
INFO: [IP_Flow 19-2313] Loaded Vivado IP repository 'C:/Xilinx/Vivado/2023.1/data/ip'.
add_files: Time (s): cpu = 00:00:01 ; elapsed = 00:00:06 . Memory (MB): peak = 624.441 ; gain = 115.613
Command: link_design -top top_wrapper -part xc7z010clg400-2
Design is defaulting to srcset: sources_1
Design is defaulting to constrset: constrs_1
INFO: [Device 21-403] Loading part xc7z010clg400-2
INFO: [Project 1-454] Reading design checkpoint 'c:/FPGA/NanoVTX/NanoVTX.gen/sources_1/bd/top/ip/top_SampleControl_0_0/top_SampleControl_0_0.dcp' for cell 'top_i/SampleControl_0'
INFO: [Project 1-454] Reading design checkpoint 'c:/FPGA/NanoVTX/NanoVTX.gen/sources_1/bd/top/ip/top_axi_dma_0_0/top_axi_dma_0_0.dcp' for cell 'top_i/axi_dma_0'
INFO: [Project 1-454] Reading design checkpoint 'c:/FPGA/NanoVTX/NanoVTX.gen/sources_1/bd/top/ip/top_axi_register_0_0/top_axi_register_0_0.dcp' for cell 'top_i/axi_register_0'
INFO: [Project 1-454] Reading design checkpoint 'c:/FPGA/NanoVTX/NanoVTX.gen/sources_1/bd/top/ip/top_blk_mem_gen_0_0/top_blk_mem_gen_0_0.dcp' for cell 'top_i/blk_mem_gen_0'
INFO: [Project 1-454] Reading design checkpoint 'c:/FPGA/NanoVTX/NanoVTX.gen/sources_1/bd/top/ip/top_fake_data_src_0_0/top_fake_data_src_0_0.dcp' for cell 'top_i/fake_data_src_0'
INFO: [Project 1-454] Reading design checkpoint 'c:/FPGA/NanoVTX/NanoVTX.gen/sources_1/bd/top/ip/top_fft_config_0_0/top_fft_config_0_0.dcp' for cell 'top_i/fft_config_0'
INFO: [Project 1-454] Reading design checkpoint 'c:/FPGA/NanoVTX/NanoVTX.gen/sources_1/bd/top/ip/top_fft_tdata_slice_0_0/top_fft_tdata_slice_0_0.dcp' for cell 'top_i/fft_tdata_slice_0'
INFO: [Project 1-454] Reading design checkpoint 'c:/FPGA/NanoVTX/NanoVTX.gen/sources_1/bd/top/ip/top_fifo_generator_0_0/top_fifo_generator_0_0.dcp' for cell 'top_i/fifo_generator_0'
INFO: [Project 1-454] Reading design checkpoint 'c:/FPGA/NanoVTX/NanoVTX.gen/sources_1/bd/top/ip/top_fifo_generator_1_0/top_fifo_generator_1_0.dcp' for cell 'top_i/fifo_generator_1'
INFO: [Project 1-454] Reading design checkpoint 'c:/FPGA/NanoVTX/NanoVTX.gen/sources_1/bd/top/ip/top_ila_0_0/top_ila_0_0.dcp' for cell 'top_i/ila_0'
INFO: [Project 1-454] Reading design checkpoint 'c:/FPGA/NanoVTX/NanoVTX.gen/sources_1/bd/top/ip/top_ila_1_0/top_ila_1_0.dcp' for cell 'top_i/ila_1'
INFO: [Project 1-454] Reading design checkpoint 'c:/FPGA/NanoVTX/NanoVTX.gen/sources_1/bd/top/ip/top_ila_2_0/top_ila_2_0.dcp' for cell 'top_i/ila_2'
INFO: [Project 1-454] Reading design checkpoint 'c:/FPGA/NanoVTX/NanoVTX.gen/sources_1/bd/top/ip/top_ila_3_0/top_ila_3_0.dcp' for cell 'top_i/ila_3'
INFO: [Project 1-454] Reading design checkpoint 'c:/FPGA/NanoVTX/NanoVTX.gen/sources_1/bd/top/ip/top_ila_4_0/top_ila_4_0.dcp' for cell 'top_i/ila_4'
INFO: [Project 1-454] Reading design checkpoint 'c:/FPGA/NanoVTX/NanoVTX.gen/sources_1/bd/top/ip/top_ila_5_0/top_ila_5_0.dcp' for cell 'top_i/ila_5'
INFO: [Project 1-454] Reading design checkpoint 'c:/FPGA/NanoVTX/NanoVTX.gen/sources_1/bd/top/ip/top_mipi_csi2_rx_subsyst_0_0/top_mipi_csi2_rx_subsyst_0_0.dcp' for cell 'top_i/mipi_csi2_rx_subsyst_0'
INFO: [Project 1-454] Reading design checkpoint 'c:/FPGA/NanoVTX/NanoVTX.gen/sources_1/bd/top/ip/top_output_mux_0_0/top_output_mux_0_0.dcp' for cell 'top_i/output_mux_0'
INFO: [Project 1-454] Reading design checkpoint 'c:/FPGA/NanoVTX/NanoVTX.gen/sources_1/bd/top/ip/top_processing_system7_0_0/top_processing_system7_0_0.dcp' for cell 'top_i/processing_system7_0'
INFO: [Project 1-454] Reading design checkpoint 'c:/FPGA/NanoVTX/NanoVTX.gen/sources_1/bd/top/ip/top_rst_ps7_0_50M_0/top_rst_ps7_0_50M_0.dcp' for cell 'top_i/rst_ps7_0_50M'
INFO: [Project 1-454] Reading design checkpoint 'c:/FPGA/NanoVTX/NanoVTX.gen/sources_1/bd/top/ip/top_tlast_gen_0_0/top_tlast_gen_0_0.dcp' for cell 'top_i/tlast_gen_0'
INFO: [Project 1-454] Reading design checkpoint 'c:/FPGA/NanoVTX/NanoVTX.gen/sources_1/bd/top/ip/top_util_vector_logic_0_0/top_util_vector_logic_0_0.dcp' for cell 'top_i/util_vector_logic_0'
INFO: [Project 1-454] Reading design checkpoint 'c:/FPGA/NanoVTX/NanoVTX.gen/sources_1/bd/top/ip/top_util_vector_logic_1_0/top_util_vector_logic_1_0.dcp' for cell 'top_i/util_vector_logic_1'
INFO: [Project 1-454] Reading design checkpoint 'c:/FPGA/NanoVTX/NanoVTX.gen/sources_1/bd/top/ip/top_util_vector_logic_2_0/top_util_vector_logic_2_0.dcp' for cell 'top_i/util_vector_logic_2'
INFO: [Project 1-454] Reading design checkpoint 'c:/FPGA/NanoVTX/NanoVTX.gen/sources_1/bd/top/ip/top_util_vector_logic_3_0/top_util_vector_logic_3_0.dcp' for cell 'top_i/util_vector_logic_3'
INFO: [Project 1-454] Reading design checkpoint 'c:/FPGA/NanoVTX/NanoVTX.gen/sources_1/bd/top/ip/top_xfft_1_0/top_xfft_1_0.dcp' for cell 'top_i/xfft_1'
INFO: [Project 1-454] Reading design checkpoint 'c:/FPGA/NanoVTX/NanoVTX.gen/sources_1/bd/top/ip/top_auto_pc_0/top_auto_pc_0.dcp' for cell 'top_i/axi_mem_intercon/s00_couplers/auto_pc'
INFO: [Project 1-454] Reading design checkpoint 'c:/FPGA/NanoVTX/NanoVTX.gen/sources_1/bd/top/ip/top_auto_us_0/top_auto_us_0.dcp' for cell 'top_i/axi_mem_intercon/s00_couplers/auto_us'
INFO: [Project 1-454] Reading design checkpoint 'c:/FPGA/NanoVTX/NanoVTX.gen/sources_1/bd/top/ip/top_xbar_0/top_xbar_0.dcp' for cell 'top_i/ps7_0_axi_periph/xbar'
INFO: [Project 1-454] Reading design checkpoint 'c:/FPGA/NanoVTX/NanoVTX.gen/sources_1/bd/top/ip/top_auto_pc_1/top_auto_pc_1.dcp' for cell 'top_i/ps7_0_axi_periph/m00_couplers/auto_pc'
INFO: [Project 1-454] Reading design checkpoint 'c:/FPGA/NanoVTX/NanoVTX.gen/sources_1/bd/top/ip/top_auto_pc_2/top_auto_pc_2.dcp' for cell 'top_i/ps7_0_axi_periph/m01_couplers/auto_pc'
INFO: [Project 1-454] Reading design checkpoint 'c:/FPGA/NanoVTX/NanoVTX.gen/sources_1/bd/top/ip/top_auto_pc_3/top_auto_pc_3.dcp' for cell 'top_i/ps7_0_axi_periph/m02_couplers/auto_pc'
INFO: [Project 1-454] Reading design checkpoint 'c:/FPGA/NanoVTX/NanoVTX.gen/sources_1/bd/top/ip/top_auto_pc_4/top_auto_pc_4.dcp' for cell 'top_i/ps7_0_axi_periph/s00_couplers/auto_pc'
INFO: [Project 1-454] Reading design checkpoint 'c:/FPGA/NanoVTX/NanoVTX.gen/sources_1/bd/top/ip/top_mipi_csi2_rx_subsyst_0_0/bd_0/ip/ip_3/bd_882f_phy_0.dcp' for cell 'top_i/mipi_csi2_rx_subsyst_0/inst/phy'
INFO: [Project 1-454] Reading design checkpoint 'c:/FPGA/NanoVTX/NanoVTX.gen/sources_1/bd/top/ip/top_mipi_csi2_rx_subsyst_0_0/bd_0/ip/ip_1/bd_882f_r_sync_0.dcp' for cell 'top_i/mipi_csi2_rx_subsyst_0/inst/r_sync'
INFO: [Project 1-454] Reading design checkpoint 'c:/FPGA/NanoVTX/NanoVTX.gen/sources_1/bd/top/ip/top_mipi_csi2_rx_subsyst_0_0/bd_0/ip/ip_2/bd_882f_rx_0.dcp' for cell 'top_i/mipi_csi2_rx_subsyst_0/inst/rx'
INFO: [Project 1-454] Reading design checkpoint 'c:/FPGA/NanoVTX/NanoVTX.gen/sources_1/bd/top/ip/top_mipi_csi2_rx_subsyst_0_0/bd_0/ip/ip_0/bd_882f_xbar_0.dcp' for cell 'top_i/mipi_csi2_rx_subsyst_0/inst/xbar'
INFO: [Project 1-454] Reading design checkpoint 'c:/FPGA/NanoVTX/NanoVTX.gen/sources_1/ip/blk_mem_gen_1/blk_mem_gen_1.dcp' for cell 'top_i/output_mux_0/inst/nw_rom'
INFO: [Project 1-454] Reading design checkpoint 'c:/FPGA/NanoVTX/NanoVTX.gen/sources_1/ip/blk_mem_gen_0/blk_mem_gen_0.dcp' for cell 'top_i/output_mux_0/inst/sts_lts_rom'
Netlist sorting complete. Time (s): cpu = 00:00:00 ; elapsed = 00:00:00.428 . Memory (MB): peak = 1220.000 ; gain = 0.000
INFO: [Netlist 29-17] Analyzing 1257 Unisim elements for replacement
INFO: [Netlist 29-28] Unisim Transformation completed in 0 CPU seconds
INFO: [Project 1-479] Netlist was created with Vivado 2023.1
INFO: [Project 1-570] Preparing netlist for logic optimization
INFO: [Chipscope 16-324] Core: top_i/ila_0 UUID: 09db4b93-0b7e-50f4-9b38-98d946757f3c 
INFO: [Chipscope 16-324] Core: top_i/ila_1 UUID: f178a93f-6110-5027-8edc-7404612e6827 
INFO: [Chipscope 16-324] Core: top_i/ila_2 UUID: 1a2858da-a622-5300-ba7b-98ad13496e7c 
INFO: [Chipscope 16-324] Core: top_i/ila_3 UUID: 0eada535-6868-5db0-9e11-e08d016af79a 
INFO: [Chipscope 16-324] Core: top_i/ila_4 UUID: aec6f204-4ac2-5fbd-91c5-584b790dca6f 
INFO: [Chipscope 16-324] Core: top_i/ila_5 UUID: 418ec3ec-e20c-5f5a-971c-6ea702415cc1 
Parsing XDC File [c:/FPGA/NanoVTX/NanoVTX.gen/sources_1/bd/top/ip/top_axi_dma_0_0/top_axi_dma_0_0.xdc] for cell 'top_i/axi_dma_0/U0'
WARNING: [Vivado_Tcl 4-921] Waiver ID 'CDC-1' -to list should not be empty. [c:/FPGA/NanoVTX/NanoVTX.gen/sources_1/bd/top/ip/top_axi_dma_0_0/top_axi_dma_0_0.xdc:52]
WARNING: [Vivado_Tcl 4-921] Waiver ID 'CDC-1' -to list should not be empty. [c:/FPGA/NanoVTX/NanoVTX.gen/sources_1/bd/top/ip/top_axi_dma_0_0/top_axi_dma_0_0.xdc:56]
WARNING: [Vivado_Tcl 4-919] Waiver ID 'CDC-1' -from list should not be empty. [c:/FPGA/NanoVTX/NanoVTX.gen/sources_1/bd/top/ip/top_axi_dma_0_0/top_axi_dma_0_0.xdc:61]
Finished Parsing XDC File [c:/FPGA/NanoVTX/NanoVTX.gen/sources_1/bd/top/ip/top_axi_dma_0_0/top_axi_dma_0_0.xdc] for cell 'top_i/axi_dma_0/U0'
Parsing XDC File [c:/FPGA/NanoVTX/NanoVTX.gen/sources_1/bd/top/ip/top_fifo_generator_0_0/top_fifo_generator_0_0.xdc] for cell 'top_i/fifo_generator_0/U0'
Finished Parsing XDC File [c:/FPGA/NanoVTX/NanoVTX.gen/sources_1/bd/top/ip/top_fifo_generator_0_0/top_fifo_generator_0_0.xdc] for cell 'top_i/fifo_generator_0/U0'
Parsing XDC File [c:/FPGA/NanoVTX/NanoVTX.gen/sources_1/bd/top/ip/top_fifo_generator_1_0/top_fifo_generator_1_0.xdc] for cell 'top_i/fifo_generator_1/U0'
Finished Parsing XDC File [c:/FPGA/NanoVTX/NanoVTX.gen/sources_1/bd/top/ip/top_fifo_generator_1_0/top_fifo_generator_1_0.xdc] for cell 'top_i/fifo_generator_1/U0'
Parsing XDC File [c:/FPGA/NanoVTX/NanoVTX.gen/sources_1/bd/top/ip/top_ila_0_0/ila_v6_2/constraints/ila_impl.xdc] for cell 'top_i/ila_0/inst'
Finished Parsing XDC File [c:/FPGA/NanoVTX/NanoVTX.gen/sources_1/bd/top/ip/top_ila_0_0/ila_v6_2/constraints/ila_impl.xdc] for cell 'top_i/ila_0/inst'
Parsing XDC File [c:/FPGA/NanoVTX/NanoVTX.gen/sources_1/bd/top/ip/top_ila_0_0/ila_v6_2/constraints/ila.xdc] for cell 'top_i/ila_0/inst'
Finished Parsing XDC File [c:/FPGA/NanoVTX/NanoVTX.gen/sources_1/bd/top/ip/top_ila_0_0/ila_v6_2/constraints/ila.xdc] for cell 'top_i/ila_0/inst'
Parsing XDC File [c:/FPGA/NanoVTX/NanoVTX.gen/sources_1/bd/top/ip/top_ila_1_0/ila_v6_2/constraints/ila_impl.xdc] for cell 'top_i/ila_1/inst'
Finished Parsing XDC File [c:/FPGA/NanoVTX/NanoVTX.gen/sources_1/bd/top/ip/top_ila_1_0/ila_v6_2/constraints/ila_impl.xdc] for cell 'top_i/ila_1/inst'
Parsing XDC File [c:/FPGA/NanoVTX/NanoVTX.gen/sources_1/bd/top/ip/top_ila_1_0/ila_v6_2/constraints/ila.xdc] for cell 'top_i/ila_1/inst'
Finished Parsing XDC File [c:/FPGA/NanoVTX/NanoVTX.gen/sources_1/bd/top/ip/top_ila_1_0/ila_v6_2/constraints/ila.xdc] for cell 'top_i/ila_1/inst'
Parsing XDC File [c:/FPGA/NanoVTX/NanoVTX.gen/sources_1/bd/top/ip/top_ila_2_0/ila_v6_2/constraints/ila_impl.xdc] for cell 'top_i/ila_2/inst'
Finished Parsing XDC File [c:/FPGA/NanoVTX/NanoVTX.gen/sources_1/bd/top/ip/top_ila_2_0/ila_v6_2/constraints/ila_impl.xdc] for cell 'top_i/ila_2/inst'
Parsing XDC File [c:/FPGA/NanoVTX/NanoVTX.gen/sources_1/bd/top/ip/top_ila_2_0/ila_v6_2/constraints/ila.xdc] for cell 'top_i/ila_2/inst'
Finished Parsing XDC File [c:/FPGA/NanoVTX/NanoVTX.gen/sources_1/bd/top/ip/top_ila_2_0/ila_v6_2/constraints/ila.xdc] for cell 'top_i/ila_2/inst'
Parsing XDC File [c:/FPGA/NanoVTX/NanoVTX.gen/sources_1/bd/top/ip/top_ila_3_0/ila_v6_2/constraints/ila_impl.xdc] for cell 'top_i/ila_3/inst'
Finished Parsing XDC File [c:/FPGA/NanoVTX/NanoVTX.gen/sources_1/bd/top/ip/top_ila_3_0/ila_v6_2/constraints/ila_impl.xdc] for cell 'top_i/ila_3/inst'
Parsing XDC File [c:/FPGA/NanoVTX/NanoVTX.gen/sources_1/bd/top/ip/top_ila_3_0/ila_v6_2/constraints/ila.xdc] for cell 'top_i/ila_3/inst'
Finished Parsing XDC File [c:/FPGA/NanoVTX/NanoVTX.gen/sources_1/bd/top/ip/top_ila_3_0/ila_v6_2/constraints/ila.xdc] for cell 'top_i/ila_3/inst'
Parsing XDC File [c:/FPGA/NanoVTX/NanoVTX.gen/sources_1/bd/top/ip/top_ila_4_0/ila_v6_2/constraints/ila_impl.xdc] for cell 'top_i/ila_4/inst'
Finished Parsing XDC File [c:/FPGA/NanoVTX/NanoVTX.gen/sources_1/bd/top/ip/top_ila_4_0/ila_v6_2/constraints/ila_impl.xdc] for cell 'top_i/ila_4/inst'
Parsing XDC File [c:/FPGA/NanoVTX/NanoVTX.gen/sources_1/bd/top/ip/top_ila_4_0/ila_v6_2/constraints/ila.xdc] for cell 'top_i/ila_4/inst'
Finished Parsing XDC File [c:/FPGA/NanoVTX/NanoVTX.gen/sources_1/bd/top/ip/top_ila_4_0/ila_v6_2/constraints/ila.xdc] for cell 'top_i/ila_4/inst'
Parsing XDC File [c:/FPGA/NanoVTX/NanoVTX.gen/sources_1/bd/top/ip/top_mipi_csi2_rx_subsyst_0_0/bd_0/ip/ip_1/bd_882f_r_sync_0_board.xdc] for cell 'top_i/mipi_csi2_rx_subsyst_0/inst/r_sync/U0'
Finished Parsing XDC File [c:/FPGA/NanoVTX/NanoVTX.gen/sources_1/bd/top/ip/top_mipi_csi2_rx_subsyst_0_0/bd_0/ip/ip_1/bd_882f_r_sync_0_board.xdc] for cell 'top_i/mipi_csi2_rx_subsyst_0/inst/r_sync/U0'
Parsing XDC File [c:/FPGA/NanoVTX/NanoVTX.gen/sources_1/bd/top/ip/top_mipi_csi2_rx_subsyst_0_0/bd_0/ip/ip_1/bd_882f_r_sync_0.xdc] for cell 'top_i/mipi_csi2_rx_subsyst_0/inst/r_sync/U0'
Finished Parsing XDC File [c:/FPGA/NanoVTX/NanoVTX.gen/sources_1/bd/top/ip/top_mipi_csi2_rx_subsyst_0_0/bd_0/ip/ip_1/bd_882f_r_sync_0.xdc] for cell 'top_i/mipi_csi2_rx_subsyst_0/inst/r_sync/U0'
Parsing XDC File [c:/FPGA/NanoVTX/NanoVTX.gen/sources_1/bd/top/ip/top_mipi_csi2_rx_subsyst_0_0/bd_0/ip/ip_2/bd_882f_rx_0.xdc] for cell 'top_i/mipi_csi2_rx_subsyst_0/inst/rx/inst'
Finished Parsing XDC File [c:/FPGA/NanoVTX/NanoVTX.gen/sources_1/bd/top/ip/top_mipi_csi2_rx_subsyst_0_0/bd_0/ip/ip_2/bd_882f_rx_0.xdc] for cell 'top_i/mipi_csi2_rx_subsyst_0/inst/rx/inst'
Parsing XDC File [c:/FPGA/NanoVTX/NanoVTX.gen/sources_1/bd/top/ip/top_mipi_csi2_rx_subsyst_0_0/bd_0/ip/ip_3/bd_882f_phy_0.xdc] for cell 'top_i/mipi_csi2_rx_subsyst_0/inst/phy/inst'
Finished Parsing XDC File [c:/FPGA/NanoVTX/NanoVTX.gen/sources_1/bd/top/ip/top_mipi_csi2_rx_subsyst_0_0/bd_0/ip/ip_3/bd_882f_phy_0.xdc] for cell 'top_i/mipi_csi2_rx_subsyst_0/inst/phy/inst'
Parsing XDC File [c:/FPGA/NanoVTX/NanoVTX.gen/sources_1/bd/top/ip/top_mipi_csi2_rx_subsyst_0_0/top_mipi_csi2_rx_subsyst_0_0_board.xdc] for cell 'top_i/mipi_csi2_rx_subsyst_0/inst'
Finished Parsing XDC File [c:/FPGA/NanoVTX/NanoVTX.gen/sources_1/bd/top/ip/top_mipi_csi2_rx_subsyst_0_0/top_mipi_csi2_rx_subsyst_0_0_board.xdc] for cell 'top_i/mipi_csi2_rx_subsyst_0/inst'
Parsing XDC File [c:/FPGA/NanoVTX/NanoVTX.gen/sources_1/bd/top/ip/top_processing_system7_0_0/top_processing_system7_0_0.xdc] for cell 'top_i/processing_system7_0/inst'
WARNING: [Vivado 12-2489] -input_jitter contains time 0.199980 which will be rounded to 0.200 to ensure it is an integer multiple of 1 picosecond [c:/FPGA/NanoVTX/NanoVTX.gen/sources_1/bd/top/ip/top_processing_system7_0_0/top_processing_system7_0_0.xdc:27]
CRITICAL WARNING: [Netlist 29-160] Cannot set property 'iostandard', because the property does not exist for objects of type 'pin'. [c:/FPGA/NanoVTX/NanoVTX.gen/sources_1/bd/top/ip/top_processing_system7_0_0/top_processing_system7_0_0.xdc:414]
Resolution: Modify the set_property command to apply the property on the correct object type. Since the property is being applied as a scoped constraint, ensure the proper connectivity of the object port objects can be translated into pin objects. This could be due to the insertion of IO Buffers between the top level terminal and cell pin. If the goal is to apply constraints that will migrate to top level ports it is required that IO Buffers manually be instanced.
CRITICAL WARNING: [Netlist 29-160] Cannot set property 'PACKAGE_PIN', because the property does not exist for objects of type 'pin'. [c:/FPGA/NanoVTX/NanoVTX.gen/sources_1/bd/top/ip/top_processing_system7_0_0/top_processing_system7_0_0.xdc:415]
Resolution: Modify the set_property command to apply the property on the correct object type. Since the property is being applied as a scoped constraint, ensure the proper connectivity of the object port objects can be translated into pin objects. This could be due to the insertion of IO Buffers between the top level terminal and cell pin. If the goal is to apply constraints that will migrate to top level ports it is required that IO Buffers manually be instanced.
CRITICAL WARNING: [Netlist 29-160] Cannot set property 'slew', because the property does not exist for objects of type 'pin'. [c:/FPGA/NanoVTX/NanoVTX.gen/sources_1/bd/top/ip/top_processing_system7_0_0/top_processing_system7_0_0.xdc:416]
Resolution: Modify the set_property command to apply the property on the correct object type. Since the property is being applied as a scoped constraint, ensure the proper connectivity of the object port objects can be translated into pin objects. This could be due to the insertion of IO Buffers between the top level terminal and cell pin. If the goal is to apply constraints that will migrate to top level ports it is required that IO Buffers manually be instanced.
CRITICAL WARNING: [Netlist 29-160] Cannot set property 'PIO_DIRECTION', because the property does not exist for objects of type 'pin'. [c:/FPGA/NanoVTX/NanoVTX.gen/sources_1/bd/top/ip/top_processing_system7_0_0/top_processing_system7_0_0.xdc:417]
Resolution: Modify the set_property command to apply the property on the correct object type. Since the property is being applied as a scoped constraint, ensure the proper connectivity of the object port objects can be translated into pin objects. This could be due to the insertion of IO Buffers between the top level terminal and cell pin. If the goal is to apply constraints that will migrate to top level ports it is required that IO Buffers manually be instanced.
CRITICAL WARNING: [Netlist 29-160] Cannot set property 'iostandard', because the property does not exist for objects of type 'pin'. [c:/FPGA/NanoVTX/NanoVTX.gen/sources_1/bd/top/ip/top_processing_system7_0_0/top_processing_system7_0_0.xdc:418]
Resolution: Modify the set_property command to apply the property on the correct object type. Since the property is being applied as a scoped constraint, ensure the proper connectivity of the object port objects can be translated into pin objects. This could be due to the insertion of IO Buffers between the top level terminal and cell pin. If the goal is to apply constraints that will migrate to top level ports it is required that IO Buffers manually be instanced.
CRITICAL WARNING: [Netlist 29-160] Cannot set property 'PACKAGE_PIN', because the property does not exist for objects of type 'pin'. [c:/FPGA/NanoVTX/NanoVTX.gen/sources_1/bd/top/ip/top_processing_system7_0_0/top_processing_system7_0_0.xdc:419]
Resolution: Modify the set_property command to apply the property on the correct object type. Since the property is being applied as a scoped constraint, ensure the proper connectivity of the object port objects can be translated into pin objects. This could be due to the insertion of IO Buffers between the top level terminal and cell pin. If the goal is to apply constraints that will migrate to top level ports it is required that IO Buffers manually be instanced.
CRITICAL WARNING: [Netlist 29-160] Cannot set property 'slew', because the property does not exist for objects of type 'pin'. [c:/FPGA/NanoVTX/NanoVTX.gen/sources_1/bd/top/ip/top_processing_system7_0_0/top_processing_system7_0_0.xdc:420]
Resolution: Modify the set_property command to apply the property on the correct object type. Since the property is being applied as a scoped constraint, ensure the proper connectivity of the object port objects can be translated into pin objects. This could be due to the insertion of IO Buffers between the top level terminal and cell pin. If the goal is to apply constraints that will migrate to top level ports it is required that IO Buffers manually be instanced.
CRITICAL WARNING: [Netlist 29-160] Cannot set property 'PIO_DIRECTION', because the property does not exist for objects of type 'pin'. [c:/FPGA/NanoVTX/NanoVTX.gen/sources_1/bd/top/ip/top_processing_system7_0_0/top_processing_system7_0_0.xdc:421]
Resolution: Modify the set_property command to apply the property on the correct object type. Since the property is being applied as a scoped constraint, ensure the proper connectivity of the object port objects can be translated into pin objects. This could be due to the insertion of IO Buffers between the top level terminal and cell pin. If the goal is to apply constraints that will migrate to top level ports it is required that IO Buffers manually be instanced.
CRITICAL WARNING: [Netlist 29-160] Cannot set property 'iostandard', because the property does not exist for objects of type 'pin'. [c:/FPGA/NanoVTX/NanoVTX.gen/sources_1/bd/top/ip/top_processing_system7_0_0/top_processing_system7_0_0.xdc:422]
Resolution: Modify the set_property command to apply the property on the correct object type. Since the property is being applied as a scoped constraint, ensure the proper connectivity of the object port objects can be translated into pin objects. This could be due to the insertion of IO Buffers between the top level terminal and cell pin. If the goal is to apply constraints that will migrate to top level ports it is required that IO Buffers manually be instanced.
CRITICAL WARNING: [Netlist 29-160] Cannot set property 'PACKAGE_PIN', because the property does not exist for objects of type 'pin'. [c:/FPGA/NanoVTX/NanoVTX.gen/sources_1/bd/top/ip/top_processing_system7_0_0/top_processing_system7_0_0.xdc:423]
Resolution: Modify the set_property command to apply the property on the correct object type. Since the property is being applied as a scoped constraint, ensure the proper connectivity of the object port objects can be translated into pin objects. This could be due to the insertion of IO Buffers between the top level terminal and cell pin. If the goal is to apply constraints that will migrate to top level ports it is required that IO Buffers manually be instanced.
CRITICAL WARNING: [Netlist 29-160] Cannot set property 'slew', because the property does not exist for objects of type 'pin'. [c:/FPGA/NanoVTX/NanoVTX.gen/sources_1/bd/top/ip/top_processing_system7_0_0/top_processing_system7_0_0.xdc:424]
Resolution: Modify the set_property command to apply the property on the correct object type. Since the property is being applied as a scoped constraint, ensure the proper connectivity of the object port objects can be translated into pin objects. This could be due to the insertion of IO Buffers between the top level terminal and cell pin. If the goal is to apply constraints that will migrate to top level ports it is required that IO Buffers manually be instanced.
CRITICAL WARNING: [Netlist 29-160] Cannot set property 'PIO_DIRECTION', because the property does not exist for objects of type 'pin'. [c:/FPGA/NanoVTX/NanoVTX.gen/sources_1/bd/top/ip/top_processing_system7_0_0/top_processing_system7_0_0.xdc:425]
Resolution: Modify the set_property command to apply the property on the correct object type. Since the property is being applied as a scoped constraint, ensure the proper connectivity of the object port objects can be translated into pin objects. This could be due to the insertion of IO Buffers between the top level terminal and cell pin. If the goal is to apply constraints that will migrate to top level ports it is required that IO Buffers manually be instanced.
CRITICAL WARNING: [Netlist 29-160] Cannot set property 'iostandard', because the property does not exist for objects of type 'pin'. [c:/FPGA/NanoVTX/NanoVTX.gen/sources_1/bd/top/ip/top_processing_system7_0_0/top_processing_system7_0_0.xdc:426]
Resolution: Modify the set_property command to apply the property on the correct object type. Since the property is being applied as a scoped constraint, ensure the proper connectivity of the object port objects can be translated into pin objects. This could be due to the insertion of IO Buffers between the top level terminal and cell pin. If the goal is to apply constraints that will migrate to top level ports it is required that IO Buffers manually be instanced.
CRITICAL WARNING: [Netlist 29-160] Cannot set property 'PACKAGE_PIN', because the property does not exist for objects of type 'pin'. [c:/FPGA/NanoVTX/NanoVTX.gen/sources_1/bd/top/ip/top_processing_system7_0_0/top_processing_system7_0_0.xdc:427]
Resolution: Modify the set_property command to apply the property on the correct object type. Since the property is being applied as a scoped constraint, ensure the proper connectivity of the object port objects can be translated into pin objects. This could be due to the insertion of IO Buffers between the top level terminal and cell pin. If the goal is to apply constraints that will migrate to top level ports it is required that IO Buffers manually be instanced.
CRITICAL WARNING: [Netlist 29-160] Cannot set property 'slew', because the property does not exist for objects of type 'pin'. [c:/FPGA/NanoVTX/NanoVTX.gen/sources_1/bd/top/ip/top_processing_system7_0_0/top_processing_system7_0_0.xdc:428]
Resolution: Modify the set_property command to apply the property on the correct object type. Since the property is being applied as a scoped constraint, ensure the proper connectivity of the object port objects can be translated into pin objects. This could be due to the insertion of IO Buffers between the top level terminal and cell pin. If the goal is to apply constraints that will migrate to top level ports it is required that IO Buffers manually be instanced.
CRITICAL WARNING: [Netlist 29-160] Cannot set property 'PIO_DIRECTION', because the property does not exist for objects of type 'pin'. [c:/FPGA/NanoVTX/NanoVTX.gen/sources_1/bd/top/ip/top_processing_system7_0_0/top_processing_system7_0_0.xdc:429]
Resolution: Modify the set_property command to apply the property on the correct object type. Since the property is being applied as a scoped constraint, ensure the proper connectivity of the object port objects can be translated into pin objects. This could be due to the insertion of IO Buffers between the top level terminal and cell pin. If the goal is to apply constraints that will migrate to top level ports it is required that IO Buffers manually be instanced.
CRITICAL WARNING: [Netlist 29-160] Cannot set property 'iostandard', because the property does not exist for objects of type 'pin'. [c:/FPGA/NanoVTX/NanoVTX.gen/sources_1/bd/top/ip/top_processing_system7_0_0/top_processing_system7_0_0.xdc:430]
Resolution: Modify the set_property command to apply the property on the correct object type. Since the property is being applied as a scoped constraint, ensure the proper connectivity of the object port objects can be translated into pin objects. This could be due to the insertion of IO Buffers between the top level terminal and cell pin. If the goal is to apply constraints that will migrate to top level ports it is required that IO Buffers manually be instanced.
CRITICAL WARNING: [Netlist 29-160] Cannot set property 'PACKAGE_PIN', because the property does not exist for objects of type 'pin'. [c:/FPGA/NanoVTX/NanoVTX.gen/sources_1/bd/top/ip/top_processing_system7_0_0/top_processing_system7_0_0.xdc:431]
Resolution: Modify the set_property command to apply the property on the correct object type. Since the property is being applied as a scoped constraint, ensure the proper connectivity of the object port objects can be translated into pin objects. This could be due to the insertion of IO Buffers between the top level terminal and cell pin. If the goal is to apply constraints that will migrate to top level ports it is required that IO Buffers manually be instanced.
CRITICAL WARNING: [Netlist 29-160] Cannot set property 'slew', because the property does not exist for objects of type 'pin'. [c:/FPGA/NanoVTX/NanoVTX.gen/sources_1/bd/top/ip/top_processing_system7_0_0/top_processing_system7_0_0.xdc:432]
Resolution: Modify the set_property command to apply the property on the correct object type. Since the property is being applied as a scoped constraint, ensure the proper connectivity of the object port objects can be translated into pin objects. This could be due to the insertion of IO Buffers between the top level terminal and cell pin. If the goal is to apply constraints that will migrate to top level ports it is required that IO Buffers manually be instanced.
CRITICAL WARNING: [Netlist 29-160] Cannot set property 'pullup', because the property does not exist for objects of type 'pin'. [c:/FPGA/NanoVTX/NanoVTX.gen/sources_1/bd/top/ip/top_processing_system7_0_0/top_processing_system7_0_0.xdc:433]
Resolution: Modify the set_property command to apply the property on the correct object type. Since the property is being applied as a scoped constraint, ensure the proper connectivity of the object port objects can be translated into pin objects. This could be due to the insertion of IO Buffers between the top level terminal and cell pin. If the goal is to apply constraints that will migrate to top level ports it is required that IO Buffers manually be instanced.
CRITICAL WARNING: [Netlist 29-160] Cannot set property 'PIO_DIRECTION', because the property does not exist for objects of type 'pin'. [c:/FPGA/NanoVTX/NanoVTX.gen/sources_1/bd/top/ip/top_processing_system7_0_0/top_processing_system7_0_0.xdc:434]
Resolution: Modify the set_property command to apply the property on the correct object type. Since the property is being applied as a scoped constraint, ensure the proper connectivity of the object port objects can be translated into pin objects. This could be due to the insertion of IO Buffers between the top level terminal and cell pin. If the goal is to apply constraints that will migrate to top level ports it is required that IO Buffers manually be instanced.
CRITICAL WARNING: [Netlist 29-160] Cannot set property 'iostandard', because the property does not exist for objects of type 'pin'. [c:/FPGA/NanoVTX/NanoVTX.gen/sources_1/bd/top/ip/top_processing_system7_0_0/top_processing_system7_0_0.xdc:435]
Resolution: Modify the set_property command to apply the property on the correct object type. Since the property is being applied as a scoped constraint, ensure the proper connectivity of the object port objects can be translated into pin objects. This could be due to the insertion of IO Buffers between the top level terminal and cell pin. If the goal is to apply constraints that will migrate to top level ports it is required that IO Buffers manually be instanced.
CRITICAL WARNING: [Netlist 29-160] Cannot set property 'PACKAGE_PIN', because the property does not exist for objects of type 'pin'. [c:/FPGA/NanoVTX/NanoVTX.gen/sources_1/bd/top/ip/top_processing_system7_0_0/top_processing_system7_0_0.xdc:436]
Resolution: Modify the set_property command to apply the property on the correct object type. Since the property is being applied as a scoped constraint, ensure the proper connectivity of the object port objects can be translated into pin objects. This could be due to the insertion of IO Buffers between the top level terminal and cell pin. If the goal is to apply constraints that will migrate to top level ports it is required that IO Buffers manually be instanced.
CRITICAL WARNING: [Netlist 29-160] Cannot set property 'slew', because the property does not exist for objects of type 'pin'. [c:/FPGA/NanoVTX/NanoVTX.gen/sources_1/bd/top/ip/top_processing_system7_0_0/top_processing_system7_0_0.xdc:437]
Resolution: Modify the set_property command to apply the property on the correct object type. Since the property is being applied as a scoped constraint, ensure the proper connectivity of the object port objects can be translated into pin objects. This could be due to the insertion of IO Buffers between the top level terminal and cell pin. If the goal is to apply constraints that will migrate to top level ports it is required that IO Buffers manually be instanced.
CRITICAL WARNING: [Netlist 29-160] Cannot set property 'pullup', because the property does not exist for objects of type 'pin'. [c:/FPGA/NanoVTX/NanoVTX.gen/sources_1/bd/top/ip/top_processing_system7_0_0/top_processing_system7_0_0.xdc:438]
Resolution: Modify the set_property command to apply the property on the correct object type. Since the property is being applied as a scoped constraint, ensure the proper connectivity of the object port objects can be translated into pin objects. This could be due to the insertion of IO Buffers between the top level terminal and cell pin. If the goal is to apply constraints that will migrate to top level ports it is required that IO Buffers manually be instanced.
CRITICAL WARNING: [Netlist 29-160] Cannot set property 'PIO_DIRECTION', because the property does not exist for objects of type 'pin'. [c:/FPGA/NanoVTX/NanoVTX.gen/sources_1/bd/top/ip/top_processing_system7_0_0/top_processing_system7_0_0.xdc:439]
Resolution: Modify the set_property command to apply the property on the correct object type. Since the property is being applied as a scoped constraint, ensure the proper connectivity of the object port objects can be translated into pin objects. This could be due to the insertion of IO Buffers between the top level terminal and cell pin. If the goal is to apply constraints that will migrate to top level ports it is required that IO Buffers manually be instanced.
CRITICAL WARNING: [Netlist 29-160] Cannot set property 'iostandard', because the property does not exist for objects of type 'pin'. [c:/FPGA/NanoVTX/NanoVTX.gen/sources_1/bd/top/ip/top_processing_system7_0_0/top_processing_system7_0_0.xdc:440]
Resolution: Modify the set_property command to apply the property on the correct object type. Since the property is being applied as a scoped constraint, ensure the proper connectivity of the object port objects can be translated into pin objects. This could be due to the insertion of IO Buffers between the top level terminal and cell pin. If the goal is to apply constraints that will migrate to top level ports it is required that IO Buffers manually be instanced.
CRITICAL WARNING: [Netlist 29-160] Cannot set property 'PACKAGE_PIN', because the property does not exist for objects of type 'pin'. [c:/FPGA/NanoVTX/NanoVTX.gen/sources_1/bd/top/ip/top_processing_system7_0_0/top_processing_system7_0_0.xdc:441]
Resolution: Modify the set_property command to apply the property on the correct object type. Since the property is being applied as a scoped constraint, ensure the proper connectivity of the object port objects can be translated into pin objects. This could be due to the insertion of IO Buffers between the top level terminal and cell pin. If the goal is to apply constraints that will migrate to top level ports it is required that IO Buffers manually be instanced.
CRITICAL WARNING: [Netlist 29-160] Cannot set property 'slew', because the property does not exist for objects of type 'pin'. [c:/FPGA/NanoVTX/NanoVTX.gen/sources_1/bd/top/ip/top_processing_system7_0_0/top_processing_system7_0_0.xdc:442]
Resolution: Modify the set_property command to apply the property on the correct object type. Since the property is being applied as a scoped constraint, ensure the proper connectivity of the object port objects can be translated into pin objects. This could be due to the insertion of IO Buffers between the top level terminal and cell pin. If the goal is to apply constraints that will migrate to top level ports it is required that IO Buffers manually be instanced.
CRITICAL WARNING: [Netlist 29-160] Cannot set property 'PIO_DIRECTION', because the property does not exist for objects of type 'pin'. [c:/FPGA/NanoVTX/NanoVTX.gen/sources_1/bd/top/ip/top_processing_system7_0_0/top_processing_system7_0_0.xdc:443]
Resolution: Modify the set_property command to apply the property on the correct object type. Since the property is being applied as a scoped constraint, ensure the proper connectivity of the object port objects can be translated into pin objects. This could be due to the insertion of IO Buffers between the top level terminal and cell pin. If the goal is to apply constraints that will migrate to top level ports it is required that IO Buffers manually be instanced.
CRITICAL WARNING: [Netlist 29-160] Cannot set property 'iostandard', because the property does not exist for objects of type 'pin'. [c:/FPGA/NanoVTX/NanoVTX.gen/sources_1/bd/top/ip/top_processing_system7_0_0/top_processing_system7_0_0.xdc:444]
Resolution: Modify the set_property command to apply the property on the correct object type. Since the property is being applied as a scoped constraint, ensure the proper connectivity of the object port objects can be translated into pin objects. This could be due to the insertion of IO Buffers between the top level terminal and cell pin. If the goal is to apply constraints that will migrate to top level ports it is required that IO Buffers manually be instanced.
CRITICAL WARNING: [Netlist 29-160] Cannot set property 'PACKAGE_PIN', because the property does not exist for objects of type 'pin'. [c:/FPGA/NanoVTX/NanoVTX.gen/sources_1/bd/top/ip/top_processing_system7_0_0/top_processing_system7_0_0.xdc:445]
Resolution: Modify the set_property command to apply the property on the correct object type. Since the property is being applied as a scoped constraint, ensure the proper connectivity of the object port objects can be translated into pin objects. This could be due to the insertion of IO Buffers between the top level terminal and cell pin. If the goal is to apply constraints that will migrate to top level ports it is required that IO Buffers manually be instanced.
CRITICAL WARNING: [Netlist 29-160] Cannot set property 'slew', because the property does not exist for objects of type 'pin'. [c:/FPGA/NanoVTX/NanoVTX.gen/sources_1/bd/top/ip/top_processing_system7_0_0/top_processing_system7_0_0.xdc:446]
Resolution: Modify the set_property command to apply the property on the correct object type. Since the property is being applied as a scoped constraint, ensure the proper connectivity of the object port objects can be translated into pin objects. This could be due to the insertion of IO Buffers between the top level terminal and cell pin. If the goal is to apply constraints that will migrate to top level ports it is required that IO Buffers manually be instanced.
CRITICAL WARNING: [Netlist 29-160] Cannot set property 'PIO_DIRECTION', because the property does not exist for objects of type 'pin'. [c:/FPGA/NanoVTX/NanoVTX.gen/sources_1/bd/top/ip/top_processing_system7_0_0/top_processing_system7_0_0.xdc:447]
Resolution: Modify the set_property command to apply the property on the correct object type. Since the property is being applied as a scoped constraint, ensure the proper connectivity of the object port objects can be translated into pin objects. This could be due to the insertion of IO Buffers between the top level terminal and cell pin. If the goal is to apply constraints that will migrate to top level ports it is required that IO Buffers manually be instanced.
CRITICAL WARNING: [Netlist 29-160] Cannot set property 'iostandard', because the property does not exist for objects of type 'pin'. [c:/FPGA/NanoVTX/NanoVTX.gen/sources_1/bd/top/ip/top_processing_system7_0_0/top_processing_system7_0_0.xdc:448]
Resolution: Modify the set_property command to apply the property on the correct object type. Since the property is being applied as a scoped constraint, ensure the proper connectivity of the object port objects can be translated into pin objects. This could be due to the insertion of IO Buffers between the top level terminal and cell pin. If the goal is to apply constraints that will migrate to top level ports it is required that IO Buffers manually be instanced.
CRITICAL WARNING: [Netlist 29-160] Cannot set property 'PACKAGE_PIN', because the property does not exist for objects of type 'pin'. [c:/FPGA/NanoVTX/NanoVTX.gen/sources_1/bd/top/ip/top_processing_system7_0_0/top_processing_system7_0_0.xdc:449]
Resolution: Modify the set_property command to apply the property on the correct object type. Since the property is being applied as a scoped constraint, ensure the proper connectivity of the object port objects can be translated into pin objects. This could be due to the insertion of IO Buffers between the top level terminal and cell pin. If the goal is to apply constraints that will migrate to top level ports it is required that IO Buffers manually be instanced.
CRITICAL WARNING: [Netlist 29-160] Cannot set property 'slew', because the property does not exist for objects of type 'pin'. [c:/FPGA/NanoVTX/NanoVTX.gen/sources_1/bd/top/ip/top_processing_system7_0_0/top_processing_system7_0_0.xdc:450]
Resolution: Modify the set_property command to apply the property on the correct object type. Since the property is being applied as a scoped constraint, ensure the proper connectivity of the object port objects can be translated into pin objects. This could be due to the insertion of IO Buffers between the top level terminal and cell pin. If the goal is to apply constraints that will migrate to top level ports it is required that IO Buffers manually be instanced.
CRITICAL WARNING: [Netlist 29-160] Cannot set property 'pullup', because the property does not exist for objects of type 'pin'. [c:/FPGA/NanoVTX/NanoVTX.gen/sources_1/bd/top/ip/top_processing_system7_0_0/top_processing_system7_0_0.xdc:451]
Resolution: Modify the set_property command to apply the property on the correct object type. Since the property is being applied as a scoped constraint, ensure the proper connectivity of the object port objects can be translated into pin objects. This could be due to the insertion of IO Buffers between the top level terminal and cell pin. If the goal is to apply constraints that will migrate to top level ports it is required that IO Buffers manually be instanced.
CRITICAL WARNING: [Netlist 29-160] Cannot set property 'PIO_DIRECTION', because the property does not exist for objects of type 'pin'. [c:/FPGA/NanoVTX/NanoVTX.gen/sources_1/bd/top/ip/top_processing_system7_0_0/top_processing_system7_0_0.xdc:452]
Resolution: Modify the set_property command to apply the property on the correct object type. Since the property is being applied as a scoped constraint, ensure the proper connectivity of the object port objects can be translated into pin objects. This could be due to the insertion of IO Buffers between the top level terminal and cell pin. If the goal is to apply constraints that will migrate to top level ports it is required that IO Buffers manually be instanced.
CRITICAL WARNING: [Netlist 29-160] Cannot set property 'iostandard', because the property does not exist for objects of type 'pin'. [c:/FPGA/NanoVTX/NanoVTX.gen/sources_1/bd/top/ip/top_processing_system7_0_0/top_processing_system7_0_0.xdc:453]
Resolution: Modify the set_property command to apply the property on the correct object type. Since the property is being applied as a scoped constraint, ensure the proper connectivity of the object port objects can be translated into pin objects. This could be due to the insertion of IO Buffers between the top level terminal and cell pin. If the goal is to apply constraints that will migrate to top level ports it is required that IO Buffers manually be instanced.
CRITICAL WARNING: [Netlist 29-160] Cannot set property 'PACKAGE_PIN', because the property does not exist for objects of type 'pin'. [c:/FPGA/NanoVTX/NanoVTX.gen/sources_1/bd/top/ip/top_processing_system7_0_0/top_processing_system7_0_0.xdc:454]
Resolution: Modify the set_property command to apply the property on the correct object type. Since the property is being applied as a scoped constraint, ensure the proper connectivity of the object port objects can be translated into pin objects. This could be due to the insertion of IO Buffers between the top level terminal and cell pin. If the goal is to apply constraints that will migrate to top level ports it is required that IO Buffers manually be instanced.
CRITICAL WARNING: [Netlist 29-160] Cannot set property 'slew', because the property does not exist for objects of type 'pin'. [c:/FPGA/NanoVTX/NanoVTX.gen/sources_1/bd/top/ip/top_processing_system7_0_0/top_processing_system7_0_0.xdc:455]
Resolution: Modify the set_property command to apply the property on the correct object type. Since the property is being applied as a scoped constraint, ensure the proper connectivity of the object port objects can be translated into pin objects. This could be due to the insertion of IO Buffers between the top level terminal and cell pin. If the goal is to apply constraints that will migrate to top level ports it is required that IO Buffers manually be instanced.
CRITICAL WARNING: [Netlist 29-160] Cannot set property 'pullup', because the property does not exist for objects of type 'pin'. [c:/FPGA/NanoVTX/NanoVTX.gen/sources_1/bd/top/ip/top_processing_system7_0_0/top_processing_system7_0_0.xdc:456]
Resolution: Modify the set_property command to apply the property on the correct object type. Since the property is being applied as a scoped constraint, ensure the proper connectivity of the object port objects can be translated into pin objects. This could be due to the insertion of IO Buffers between the top level terminal and cell pin. If the goal is to apply constraints that will migrate to top level ports it is required that IO Buffers manually be instanced.
CRITICAL WARNING: [Netlist 29-160] Cannot set property 'PIO_DIRECTION', because the property does not exist for objects of type 'pin'. [c:/FPGA/NanoVTX/NanoVTX.gen/sources_1/bd/top/ip/top_processing_system7_0_0/top_processing_system7_0_0.xdc:457]
Resolution: Modify the set_property command to apply the property on the correct object type. Since the property is being applied as a scoped constraint, ensure the proper connectivity of the object port objects can be translated into pin objects. This could be due to the insertion of IO Buffers between the top level terminal and cell pin. If the goal is to apply constraints that will migrate to top level ports it is required that IO Buffers manually be instanced.
CRITICAL WARNING: [Netlist 29-160] Cannot set property 'iostandard', because the property does not exist for objects of type 'pin'. [c:/FPGA/NanoVTX/NanoVTX.gen/sources_1/bd/top/ip/top_processing_system7_0_0/top_processing_system7_0_0.xdc:458]
Resolution: Modify the set_property command to apply the property on the correct object type. Since the property is being applied as a scoped constraint, ensure the proper connectivity of the object port objects can be translated into pin objects. This could be due to the insertion of IO Buffers between the top level terminal and cell pin. If the goal is to apply constraints that will migrate to top level ports it is required that IO Buffers manually be instanced.
CRITICAL WARNING: [Netlist 29-160] Cannot set property 'PACKAGE_PIN', because the property does not exist for objects of type 'pin'. [c:/FPGA/NanoVTX/NanoVTX.gen/sources_1/bd/top/ip/top_processing_system7_0_0/top_processing_system7_0_0.xdc:459]
Resolution: Modify the set_property command to apply the property on the correct object type. Since the property is being applied as a scoped constraint, ensure the proper connectivity of the object port objects can be translated into pin objects. This could be due to the insertion of IO Buffers between the top level terminal and cell pin. If the goal is to apply constraints that will migrate to top level ports it is required that IO Buffers manually be instanced.
CRITICAL WARNING: [Netlist 29-160] Cannot set property 'slew', because the property does not exist for objects of type 'pin'. [c:/FPGA/NanoVTX/NanoVTX.gen/sources_1/bd/top/ip/top_processing_system7_0_0/top_processing_system7_0_0.xdc:460]
Resolution: Modify the set_property command to apply the property on the correct object type. Since the property is being applied as a scoped constraint, ensure the proper connectivity of the object port objects can be translated into pin objects. This could be due to the insertion of IO Buffers between the top level terminal and cell pin. If the goal is to apply constraints that will migrate to top level ports it is required that IO Buffers manually be instanced.
CRITICAL WARNING: [Netlist 29-160] Cannot set property 'PIO_DIRECTION', because the property does not exist for objects of type 'pin'. [c:/FPGA/NanoVTX/NanoVTX.gen/sources_1/bd/top/ip/top_processing_system7_0_0/top_processing_system7_0_0.xdc:461]
Resolution: Modify the set_property command to apply the property on the correct object type. Since the property is being applied as a scoped constraint, ensure the proper connectivity of the object port objects can be translated into pin objects. This could be due to the insertion of IO Buffers between the top level terminal and cell pin. If the goal is to apply constraints that will migrate to top level ports it is required that IO Buffers manually be instanced.
CRITICAL WARNING: [Netlist 29-160] Cannot set property 'iostandard', because the property does not exist for objects of type 'pin'. [c:/FPGA/NanoVTX/NanoVTX.gen/sources_1/bd/top/ip/top_processing_system7_0_0/top_processing_system7_0_0.xdc:462]
Resolution: Modify the set_property command to apply the property on the correct object type. Since the property is being applied as a scoped constraint, ensure the proper connectivity of the object port objects can be translated into pin objects. This could be due to the insertion of IO Buffers between the top level terminal and cell pin. If the goal is to apply constraints that will migrate to top level ports it is required that IO Buffers manually be instanced.
CRITICAL WARNING: [Netlist 29-160] Cannot set property 'PACKAGE_PIN', because the property does not exist for objects of type 'pin'. [c:/FPGA/NanoVTX/NanoVTX.gen/sources_1/bd/top/ip/top_processing_system7_0_0/top_processing_system7_0_0.xdc:463]
Resolution: Modify the set_property command to apply the property on the correct object type. Since the property is being applied as a scoped constraint, ensure the proper connectivity of the object port objects can be translated into pin objects. This could be due to the insertion of IO Buffers between the top level terminal and cell pin. If the goal is to apply constraints that will migrate to top level ports it is required that IO Buffers manually be instanced.
CRITICAL WARNING: [Netlist 29-160] Cannot set property 'slew', because the property does not exist for objects of type 'pin'. [c:/FPGA/NanoVTX/NanoVTX.gen/sources_1/bd/top/ip/top_processing_system7_0_0/top_processing_system7_0_0.xdc:464]
Resolution: Modify the set_property command to apply the property on the correct object type. Since the property is being applied as a scoped constraint, ensure the proper connectivity of the object port objects can be translated into pin objects. This could be due to the insertion of IO Buffers between the top level terminal and cell pin. If the goal is to apply constraints that will migrate to top level ports it is required that IO Buffers manually be instanced.
CRITICAL WARNING: [Netlist 29-160] Cannot set property 'PIO_DIRECTION', because the property does not exist for objects of type 'pin'. [c:/FPGA/NanoVTX/NanoVTX.gen/sources_1/bd/top/ip/top_processing_system7_0_0/top_processing_system7_0_0.xdc:465]
Resolution: Modify the set_property command to apply the property on the correct object type. Since the property is being applied as a scoped constraint, ensure the proper connectivity of the object port objects can be translated into pin objects. This could be due to the insertion of IO Buffers between the top level terminal and cell pin. If the goal is to apply constraints that will migrate to top level ports it is required that IO Buffers manually be instanced.
CRITICAL WARNING: [Netlist 29-160] Cannot set property 'iostandard', because the property does not exist for objects of type 'pin'. [c:/FPGA/NanoVTX/NanoVTX.gen/sources_1/bd/top/ip/top_processing_system7_0_0/top_processing_system7_0_0.xdc:466]
Resolution: Modify the set_property command to apply the property on the correct object type. Since the property is being applied as a scoped constraint, ensure the proper connectivity of the object port objects can be translated into pin objects. This could be due to the insertion of IO Buffers between the top level terminal and cell pin. If the goal is to apply constraints that will migrate to top level ports it is required that IO Buffers manually be instanced.
CRITICAL WARNING: [Netlist 29-160] Cannot set property 'PACKAGE_PIN', because the property does not exist for objects of type 'pin'. [c:/FPGA/NanoVTX/NanoVTX.gen/sources_1/bd/top/ip/top_processing_system7_0_0/top_processing_system7_0_0.xdc:467]
Resolution: Modify the set_property command to apply the property on the correct object type. Since the property is being applied as a scoped constraint, ensure the proper connectivity of the object port objects can be translated into pin objects. This could be due to the insertion of IO Buffers between the top level terminal and cell pin. If the goal is to apply constraints that will migrate to top level ports it is required that IO Buffers manually be instanced.
CRITICAL WARNING: [Netlist 29-160] Cannot set property 'slew', because the property does not exist for objects of type 'pin'. [c:/FPGA/NanoVTX/NanoVTX.gen/sources_1/bd/top/ip/top_processing_system7_0_0/top_processing_system7_0_0.xdc:468]
Resolution: Modify the set_property command to apply the property on the correct object type. Since the property is being applied as a scoped constraint, ensure the proper connectivity of the object port objects can be translated into pin objects. This could be due to the insertion of IO Buffers between the top level terminal and cell pin. If the goal is to apply constraints that will migrate to top level ports it is required that IO Buffers manually be instanced.
CRITICAL WARNING: [Netlist 29-160] Cannot set property 'PIO_DIRECTION', because the property does not exist for objects of type 'pin'. [c:/FPGA/NanoVTX/NanoVTX.gen/sources_1/bd/top/ip/top_processing_system7_0_0/top_processing_system7_0_0.xdc:469]
Resolution: Modify the set_property command to apply the property on the correct object type. Since the property is being applied as a scoped constraint, ensure the proper connectivity of the object port objects can be translated into pin objects. This could be due to the insertion of IO Buffers between the top level terminal and cell pin. If the goal is to apply constraints that will migrate to top level ports it is required that IO Buffers manually be instanced.
CRITICAL WARNING: [Netlist 29-160] Cannot set property 'iostandard', because the property does not exist for objects of type 'pin'. [c:/FPGA/NanoVTX/NanoVTX.gen/sources_1/bd/top/ip/top_processing_system7_0_0/top_processing_system7_0_0.xdc:470]
Resolution: Modify the set_property command to apply the property on the correct object type. Since the property is being applied as a scoped constraint, ensure the proper connectivity of the object port objects can be translated into pin objects. This could be due to the insertion of IO Buffers between the top level terminal and cell pin. If the goal is to apply constraints that will migrate to top level ports it is required that IO Buffers manually be instanced.
CRITICAL WARNING: [Netlist 29-160] Cannot set property 'PACKAGE_PIN', because the property does not exist for objects of type 'pin'. [c:/FPGA/NanoVTX/NanoVTX.gen/sources_1/bd/top/ip/top_processing_system7_0_0/top_processing_system7_0_0.xdc:471]
Resolution: Modify the set_property command to apply the property on the correct object type. Since the property is being applied as a scoped constraint, ensure the proper connectivity of the object port objects can be translated into pin objects. This could be due to the insertion of IO Buffers between the top level terminal and cell pin. If the goal is to apply constraints that will migrate to top level ports it is required that IO Buffers manually be instanced.
CRITICAL WARNING: [Netlist 29-160] Cannot set property 'slew', because the property does not exist for objects of type 'pin'. [c:/FPGA/NanoVTX/NanoVTX.gen/sources_1/bd/top/ip/top_processing_system7_0_0/top_processing_system7_0_0.xdc:472]
Resolution: Modify the set_property command to apply the property on the correct object type. Since the property is being applied as a scoped constraint, ensure the proper connectivity of the object port objects can be translated into pin objects. This could be due to the insertion of IO Buffers between the top level terminal and cell pin. If the goal is to apply constraints that will migrate to top level ports it is required that IO Buffers manually be instanced.
CRITICAL WARNING: [Netlist 29-160] Cannot set property 'PIO_DIRECTION', because the property does not exist for objects of type 'pin'. [c:/FPGA/NanoVTX/NanoVTX.gen/sources_1/bd/top/ip/top_processing_system7_0_0/top_processing_system7_0_0.xdc:473]
Resolution: Modify the set_property command to apply the property on the correct object type. Since the property is being applied as a scoped constraint, ensure the proper connectivity of the object port objects can be translated into pin objects. This could be due to the insertion of IO Buffers between the top level terminal and cell pin. If the goal is to apply constraints that will migrate to top level ports it is required that IO Buffers manually be instanced.
CRITICAL WARNING: [Netlist 29-160] Cannot set property 'iostandard', because the property does not exist for objects of type 'pin'. [c:/FPGA/NanoVTX/NanoVTX.gen/sources_1/bd/top/ip/top_processing_system7_0_0/top_processing_system7_0_0.xdc:474]
Resolution: Modify the set_property command to apply the property on the correct object type. Since the property is being applied as a scoped constraint, ensure the proper connectivity of the object port objects can be translated into pin objects. This could be due to the insertion of IO Buffers between the top level terminal and cell pin. If the goal is to apply constraints that will migrate to top level ports it is required that IO Buffers manually be instanced.
CRITICAL WARNING: [Netlist 29-160] Cannot set property 'PACKAGE_PIN', because the property does not exist for objects of type 'pin'. [c:/FPGA/NanoVTX/NanoVTX.gen/sources_1/bd/top/ip/top_processing_system7_0_0/top_processing_system7_0_0.xdc:475]
Resolution: Modify the set_property command to apply the property on the correct object type. Since the property is being applied as a scoped constraint, ensure the proper connectivity of the object port objects can be translated into pin objects. This could be due to the insertion of IO Buffers between the top level terminal and cell pin. If the goal is to apply constraints that will migrate to top level ports it is required that IO Buffers manually be instanced.
CRITICAL WARNING: [Netlist 29-160] Cannot set property 'slew', because the property does not exist for objects of type 'pin'. [c:/FPGA/NanoVTX/NanoVTX.gen/sources_1/bd/top/ip/top_processing_system7_0_0/top_processing_system7_0_0.xdc:476]
Resolution: Modify the set_property command to apply the property on the correct object type. Since the property is being applied as a scoped constraint, ensure the proper connectivity of the object port objects can be translated into pin objects. This could be due to the insertion of IO Buffers between the top level terminal and cell pin. If the goal is to apply constraints that will migrate to top level ports it is required that IO Buffers manually be instanced.
CRITICAL WARNING: [Netlist 29-160] Cannot set property 'PIO_DIRECTION', because the property does not exist for objects of type 'pin'. [c:/FPGA/NanoVTX/NanoVTX.gen/sources_1/bd/top/ip/top_processing_system7_0_0/top_processing_system7_0_0.xdc:477]
Resolution: Modify the set_property command to apply the property on the correct object type. Since the property is being applied as a scoped constraint, ensure the proper connectivity of the object port objects can be translated into pin objects. This could be due to the insertion of IO Buffers between the top level terminal and cell pin. If the goal is to apply constraints that will migrate to top level ports it is required that IO Buffers manually be instanced.
CRITICAL WARNING: [Netlist 29-160] Cannot set property 'iostandard', because the property does not exist for objects of type 'pin'. [c:/FPGA/NanoVTX/NanoVTX.gen/sources_1/bd/top/ip/top_processing_system7_0_0/top_processing_system7_0_0.xdc:478]
Resolution: Modify the set_property command to apply the property on the correct object type. Since the property is being applied as a scoped constraint, ensure the proper connectivity of the object port objects can be translated into pin objects. This could be due to the insertion of IO Buffers between the top level terminal and cell pin. If the goal is to apply constraints that will migrate to top level ports it is required that IO Buffers manually be instanced.
CRITICAL WARNING: [Netlist 29-160] Cannot set property 'PACKAGE_PIN', because the property does not exist for objects of type 'pin'. [c:/FPGA/NanoVTX/NanoVTX.gen/sources_1/bd/top/ip/top_processing_system7_0_0/top_processing_system7_0_0.xdc:479]
Resolution: Modify the set_property command to apply the property on the correct object type. Since the property is being applied as a scoped constraint, ensure the proper connectivity of the object port objects can be translated into pin objects. This could be due to the insertion of IO Buffers between the top level terminal and cell pin. If the goal is to apply constraints that will migrate to top level ports it is required that IO Buffers manually be instanced.
CRITICAL WARNING: [Netlist 29-160] Cannot set property 'slew', because the property does not exist for objects of type 'pin'. [c:/FPGA/NanoVTX/NanoVTX.gen/sources_1/bd/top/ip/top_processing_system7_0_0/top_processing_system7_0_0.xdc:480]
Resolution: Modify the set_property command to apply the property on the correct object type. Since the property is being applied as a scoped constraint, ensure the proper connectivity of the object port objects can be translated into pin objects. This could be due to the insertion of IO Buffers between the top level terminal and cell pin. If the goal is to apply constraints that will migrate to top level ports it is required that IO Buffers manually be instanced.
CRITICAL WARNING: [Netlist 29-160] Cannot set property 'PIO_DIRECTION', because the property does not exist for objects of type 'pin'. [c:/FPGA/NanoVTX/NanoVTX.gen/sources_1/bd/top/ip/top_processing_system7_0_0/top_processing_system7_0_0.xdc:481]
Resolution: Modify the set_property command to apply the property on the correct object type. Since the property is being applied as a scoped constraint, ensure the proper connectivity of the object port objects can be translated into pin objects. This could be due to the insertion of IO Buffers between the top level terminal and cell pin. If the goal is to apply constraints that will migrate to top level ports it is required that IO Buffers manually be instanced.
CRITICAL WARNING: [Netlist 29-160] Cannot set property 'iostandard', because the property does not exist for objects of type 'pin'. [c:/FPGA/NanoVTX/NanoVTX.gen/sources_1/bd/top/ip/top_processing_system7_0_0/top_processing_system7_0_0.xdc:482]
Resolution: Modify the set_property command to apply the property on the correct object type. Since the property is being applied as a scoped constraint, ensure the proper connectivity of the object port objects can be translated into pin objects. This could be due to the insertion of IO Buffers between the top level terminal and cell pin. If the goal is to apply constraints that will migrate to top level ports it is required that IO Buffers manually be instanced.
CRITICAL WARNING: [Netlist 29-160] Cannot set property 'PACKAGE_PIN', because the property does not exist for objects of type 'pin'. [c:/FPGA/NanoVTX/NanoVTX.gen/sources_1/bd/top/ip/top_processing_system7_0_0/top_processing_system7_0_0.xdc:483]
Resolution: Modify the set_property command to apply the property on the correct object type. Since the property is being applied as a scoped constraint, ensure the proper connectivity of the object port objects can be translated into pin objects. This could be due to the insertion of IO Buffers between the top level terminal and cell pin. If the goal is to apply constraints that will migrate to top level ports it is required that IO Buffers manually be instanced.
CRITICAL WARNING: [Netlist 29-160] Cannot set property 'slew', because the property does not exist for objects of type 'pin'. [c:/FPGA/NanoVTX/NanoVTX.gen/sources_1/bd/top/ip/top_processing_system7_0_0/top_processing_system7_0_0.xdc:484]
Resolution: Modify the set_property command to apply the property on the correct object type. Since the property is being applied as a scoped constraint, ensure the proper connectivity of the object port objects can be translated into pin objects. This could be due to the insertion of IO Buffers between the top level terminal and cell pin. If the goal is to apply constraints that will migrate to top level ports it is required that IO Buffers manually be instanced.
CRITICAL WARNING: [Netlist 29-160] Cannot set property 'PIO_DIRECTION', because the property does not exist for objects of type 'pin'. [c:/FPGA/NanoVTX/NanoVTX.gen/sources_1/bd/top/ip/top_processing_system7_0_0/top_processing_system7_0_0.xdc:485]
Resolution: Modify the set_property command to apply the property on the correct object type. Since the property is being applied as a scoped constraint, ensure the proper connectivity of the object port objects can be translated into pin objects. This could be due to the insertion of IO Buffers between the top level terminal and cell pin. If the goal is to apply constraints that will migrate to top level ports it is required that IO Buffers manually be instanced.
CRITICAL WARNING: [Netlist 29-160] Cannot set property 'iostandard', because the property does not exist for objects of type 'pin'. [c:/FPGA/NanoVTX/NanoVTX.gen/sources_1/bd/top/ip/top_processing_system7_0_0/top_processing_system7_0_0.xdc:486]
Resolution: Modify the set_property command to apply the property on the correct object type. Since the property is being applied as a scoped constraint, ensure the proper connectivity of the object port objects can be translated into pin objects. This could be due to the insertion of IO Buffers between the top level terminal and cell pin. If the goal is to apply constraints that will migrate to top level ports it is required that IO Buffers manually be instanced.
CRITICAL WARNING: [Netlist 29-160] Cannot set property 'PACKAGE_PIN', because the property does not exist for objects of type 'pin'. [c:/FPGA/NanoVTX/NanoVTX.gen/sources_1/bd/top/ip/top_processing_system7_0_0/top_processing_system7_0_0.xdc:487]
Resolution: Modify the set_property command to apply the property on the correct object type. Since the property is being applied as a scoped constraint, ensure the proper connectivity of the object port objects can be translated into pin objects. This could be due to the insertion of IO Buffers between the top level terminal and cell pin. If the goal is to apply constraints that will migrate to top level ports it is required that IO Buffers manually be instanced.
CRITICAL WARNING: [Netlist 29-160] Cannot set property 'slew', because the property does not exist for objects of type 'pin'. [c:/FPGA/NanoVTX/NanoVTX.gen/sources_1/bd/top/ip/top_processing_system7_0_0/top_processing_system7_0_0.xdc:488]
Resolution: Modify the set_property command to apply the property on the correct object type. Since the property is being applied as a scoped constraint, ensure the proper connectivity of the object port objects can be translated into pin objects. This could be due to the insertion of IO Buffers between the top level terminal and cell pin. If the goal is to apply constraints that will migrate to top level ports it is required that IO Buffers manually be instanced.
CRITICAL WARNING: [Netlist 29-160] Cannot set property 'PIO_DIRECTION', because the property does not exist for objects of type 'pin'. [c:/FPGA/NanoVTX/NanoVTX.gen/sources_1/bd/top/ip/top_processing_system7_0_0/top_processing_system7_0_0.xdc:489]
Resolution: Modify the set_property command to apply the property on the correct object type. Since the property is being applied as a scoped constraint, ensure the proper connectivity of the object port objects can be translated into pin objects. This could be due to the insertion of IO Buffers between the top level terminal and cell pin. If the goal is to apply constraints that will migrate to top level ports it is required that IO Buffers manually be instanced.
CRITICAL WARNING: [Netlist 29-160] Cannot set property 'iostandard', because the property does not exist for objects of type 'pin'. [c:/FPGA/NanoVTX/NanoVTX.gen/sources_1/bd/top/ip/top_processing_system7_0_0/top_processing_system7_0_0.xdc:490]
Resolution: Modify the set_property command to apply the property on the correct object type. Since the property is being applied as a scoped constraint, ensure the proper connectivity of the object port objects can be translated into pin objects. This could be due to the insertion of IO Buffers between the top level terminal and cell pin. If the goal is to apply constraints that will migrate to top level ports it is required that IO Buffers manually be instanced.
CRITICAL WARNING: [Netlist 29-160] Cannot set property 'PACKAGE_PIN', because the property does not exist for objects of type 'pin'. [c:/FPGA/NanoVTX/NanoVTX.gen/sources_1/bd/top/ip/top_processing_system7_0_0/top_processing_system7_0_0.xdc:491]
Resolution: Modify the set_property command to apply the property on the correct object type. Since the property is being applied as a scoped constraint, ensure the proper connectivity of the object port objects can be translated into pin objects. This could be due to the insertion of IO Buffers between the top level terminal and cell pin. If the goal is to apply constraints that will migrate to top level ports it is required that IO Buffers manually be instanced.
CRITICAL WARNING: [Netlist 29-160] Cannot set property 'slew', because the property does not exist for objects of type 'pin'. [c:/FPGA/NanoVTX/NanoVTX.gen/sources_1/bd/top/ip/top_processing_system7_0_0/top_processing_system7_0_0.xdc:492]
Resolution: Modify the set_property command to apply the property on the correct object type. Since the property is being applied as a scoped constraint, ensure the proper connectivity of the object port objects can be translated into pin objects. This could be due to the insertion of IO Buffers between the top level terminal and cell pin. If the goal is to apply constraints that will migrate to top level ports it is required that IO Buffers manually be instanced.
CRITICAL WARNING: [Netlist 29-160] Cannot set property 'PIO_DIRECTION', because the property does not exist for objects of type 'pin'. [c:/FPGA/NanoVTX/NanoVTX.gen/sources_1/bd/top/ip/top_processing_system7_0_0/top_processing_system7_0_0.xdc:493]
Resolution: Modify the set_property command to apply the property on the correct object type. Since the property is being applied as a scoped constraint, ensure the proper connectivity of the object port objects can be translated into pin objects. This could be due to the insertion of IO Buffers between the top level terminal and cell pin. If the goal is to apply constraints that will migrate to top level ports it is required that IO Buffers manually be instanced.
CRITICAL WARNING: [Netlist 29-160] Cannot set property 'iostandard', because the property does not exist for objects of type 'pin'. [c:/FPGA/NanoVTX/NanoVTX.gen/sources_1/bd/top/ip/top_processing_system7_0_0/top_processing_system7_0_0.xdc:494]
Resolution: Modify the set_property command to apply the property on the correct object type. Since the property is being applied as a scoped constraint, ensure the proper connectivity of the object port objects can be translated into pin objects. This could be due to the insertion of IO Buffers between the top level terminal and cell pin. If the goal is to apply constraints that will migrate to top level ports it is required that IO Buffers manually be instanced.
CRITICAL WARNING: [Netlist 29-160] Cannot set property 'PACKAGE_PIN', because the property does not exist for objects of type 'pin'. [c:/FPGA/NanoVTX/NanoVTX.gen/sources_1/bd/top/ip/top_processing_system7_0_0/top_processing_system7_0_0.xdc:495]
Resolution: Modify the set_property command to apply the property on the correct object type. Since the property is being applied as a scoped constraint, ensure the proper connectivity of the object port objects can be translated into pin objects. This could be due to the insertion of IO Buffers between the top level terminal and cell pin. If the goal is to apply constraints that will migrate to top level ports it is required that IO Buffers manually be instanced.
CRITICAL WARNING: [Netlist 29-160] Cannot set property 'slew', because the property does not exist for objects of type 'pin'. [c:/FPGA/NanoVTX/NanoVTX.gen/sources_1/bd/top/ip/top_processing_system7_0_0/top_processing_system7_0_0.xdc:496]
Resolution: Modify the set_property command to apply the property on the correct object type. Since the property is being applied as a scoped constraint, ensure the proper connectivity of the object port objects can be translated into pin objects. This could be due to the insertion of IO Buffers between the top level terminal and cell pin. If the goal is to apply constraints that will migrate to top level ports it is required that IO Buffers manually be instanced.
CRITICAL WARNING: [Netlist 29-160] Cannot set property 'pullup', because the property does not exist for objects of type 'pin'. [c:/FPGA/NanoVTX/NanoVTX.gen/sources_1/bd/top/ip/top_processing_system7_0_0/top_processing_system7_0_0.xdc:497]
Resolution: Modify the set_property command to apply the property on the correct object type. Since the property is being applied as a scoped constraint, ensure the proper connectivity of the object port objects can be translated into pin objects. This could be due to the insertion of IO Buffers between the top level terminal and cell pin. If the goal is to apply constraints that will migrate to top level ports it is required that IO Buffers manually be instanced.
CRITICAL WARNING: [Netlist 29-160] Cannot set property 'PIO_DIRECTION', because the property does not exist for objects of type 'pin'. [c:/FPGA/NanoVTX/NanoVTX.gen/sources_1/bd/top/ip/top_processing_system7_0_0/top_processing_system7_0_0.xdc:498]
Resolution: Modify the set_property command to apply the property on the correct object type. Since the property is being applied as a scoped constraint, ensure the proper connectivity of the object port objects can be translated into pin objects. This could be due to the insertion of IO Buffers between the top level terminal and cell pin. If the goal is to apply constraints that will migrate to top level ports it is required that IO Buffers manually be instanced.
CRITICAL WARNING: [Netlist 29-160] Cannot set property 'iostandard', because the property does not exist for objects of type 'pin'. [c:/FPGA/NanoVTX/NanoVTX.gen/sources_1/bd/top/ip/top_processing_system7_0_0/top_processing_system7_0_0.xdc:499]
Resolution: Modify the set_property command to apply the property on the correct object type. Since the property is being applied as a scoped constraint, ensure the proper connectivity of the object port objects can be translated into pin objects. This could be due to the insertion of IO Buffers between the top level terminal and cell pin. If the goal is to apply constraints that will migrate to top level ports it is required that IO Buffers manually be instanced.
CRITICAL WARNING: [Netlist 29-160] Cannot set property 'PACKAGE_PIN', because the property does not exist for objects of type 'pin'. [c:/FPGA/NanoVTX/NanoVTX.gen/sources_1/bd/top/ip/top_processing_system7_0_0/top_processing_system7_0_0.xdc:500]
Resolution: Modify the set_property command to apply the property on the correct object type. Since the property is being applied as a scoped constraint, ensure the proper connectivity of the object port objects can be translated into pin objects. This could be due to the insertion of IO Buffers between the top level terminal and cell pin. If the goal is to apply constraints that will migrate to top level ports it is required that IO Buffers manually be instanced.
CRITICAL WARNING: [Netlist 29-160] Cannot set property 'slew', because the property does not exist for objects of type 'pin'. [c:/FPGA/NanoVTX/NanoVTX.gen/sources_1/bd/top/ip/top_processing_system7_0_0/top_processing_system7_0_0.xdc:501]
Resolution: Modify the set_property command to apply the property on the correct object type. Since the property is being applied as a scoped constraint, ensure the proper connectivity of the object port objects can be translated into pin objects. This could be due to the insertion of IO Buffers between the top level terminal and cell pin. If the goal is to apply constraints that will migrate to top level ports it is required that IO Buffers manually be instanced.
CRITICAL WARNING: [Netlist 29-160] Cannot set property 'pullup', because the property does not exist for objects of type 'pin'. [c:/FPGA/NanoVTX/NanoVTX.gen/sources_1/bd/top/ip/top_processing_system7_0_0/top_processing_system7_0_0.xdc:502]
Resolution: Modify the set_property command to apply the property on the correct object type. Since the property is being applied as a scoped constraint, ensure the proper connectivity of the object port objects can be translated into pin objects. This could be due to the insertion of IO Buffers between the top level terminal and cell pin. If the goal is to apply constraints that will migrate to top level ports it is required that IO Buffers manually be instanced.
CRITICAL WARNING: [Netlist 29-160] Cannot set property 'PIO_DIRECTION', because the property does not exist for objects of type 'pin'. [c:/FPGA/NanoVTX/NanoVTX.gen/sources_1/bd/top/ip/top_processing_system7_0_0/top_processing_system7_0_0.xdc:503]
Resolution: Modify the set_property command to apply the property on the correct object type. Since the property is being applied as a scoped constraint, ensure the proper connectivity of the object port objects can be translated into pin objects. This could be due to the insertion of IO Buffers between the top level terminal and cell pin. If the goal is to apply constraints that will migrate to top level ports it is required that IO Buffers manually be instanced.
CRITICAL WARNING: [Netlist 29-160] Cannot set property 'iostandard', because the property does not exist for objects of type 'pin'. [c:/FPGA/NanoVTX/NanoVTX.gen/sources_1/bd/top/ip/top_processing_system7_0_0/top_processing_system7_0_0.xdc:504]
Resolution: Modify the set_property command to apply the property on the correct object type. Since the property is being applied as a scoped constraint, ensure the proper connectivity of the object port objects can be translated into pin objects. This could be due to the insertion of IO Buffers between the top level terminal and cell pin. If the goal is to apply constraints that will migrate to top level ports it is required that IO Buffers manually be instanced.
CRITICAL WARNING: [Netlist 29-160] Cannot set property 'PACKAGE_PIN', because the property does not exist for objects of type 'pin'. [c:/FPGA/NanoVTX/NanoVTX.gen/sources_1/bd/top/ip/top_processing_system7_0_0/top_processing_system7_0_0.xdc:505]
Resolution: Modify the set_property command to apply the property on the correct object type. Since the property is being applied as a scoped constraint, ensure the proper connectivity of the object port objects can be translated into pin objects. This could be due to the insertion of IO Buffers between the top level terminal and cell pin. If the goal is to apply constraints that will migrate to top level ports it is required that IO Buffers manually be instanced.
CRITICAL WARNING: [Netlist 29-160] Cannot set property 'slew', because the property does not exist for objects of type 'pin'. [c:/FPGA/NanoVTX/NanoVTX.gen/sources_1/bd/top/ip/top_processing_system7_0_0/top_processing_system7_0_0.xdc:506]
Resolution: Modify the set_property command to apply the property on the correct object type. Since the property is being applied as a scoped constraint, ensure the proper connectivity of the object port objects can be translated into pin objects. This could be due to the insertion of IO Buffers between the top level terminal and cell pin. If the goal is to apply constraints that will migrate to top level ports it is required that IO Buffers manually be instanced.
CRITICAL WARNING: [Netlist 29-160] Cannot set property 'PIO_DIRECTION', because the property does not exist for objects of type 'pin'. [c:/FPGA/NanoVTX/NanoVTX.gen/sources_1/bd/top/ip/top_processing_system7_0_0/top_processing_system7_0_0.xdc:507]
Resolution: Modify the set_property command to apply the property on the correct object type. Since the property is being applied as a scoped constraint, ensure the proper connectivity of the object port objects can be translated into pin objects. This could be due to the insertion of IO Buffers between the top level terminal and cell pin. If the goal is to apply constraints that will migrate to top level ports it is required that IO Buffers manually be instanced.
CRITICAL WARNING: [Netlist 29-160] Cannot set property 'iostandard', because the property does not exist for objects of type 'pin'. [c:/FPGA/NanoVTX/NanoVTX.gen/sources_1/bd/top/ip/top_processing_system7_0_0/top_processing_system7_0_0.xdc:508]
Resolution: Modify the set_property command to apply the property on the correct object type. Since the property is being applied as a scoped constraint, ensure the proper connectivity of the object port objects can be translated into pin objects. This could be due to the insertion of IO Buffers between the top level terminal and cell pin. If the goal is to apply constraints that will migrate to top level ports it is required that IO Buffers manually be instanced.
CRITICAL WARNING: [Netlist 29-160] Cannot set property 'PACKAGE_PIN', because the property does not exist for objects of type 'pin'. [c:/FPGA/NanoVTX/NanoVTX.gen/sources_1/bd/top/ip/top_processing_system7_0_0/top_processing_system7_0_0.xdc:509]
Resolution: Modify the set_property command to apply the property on the correct object type. Since the property is being applied as a scoped constraint, ensure the proper connectivity of the object port objects can be translated into pin objects. This could be due to the insertion of IO Buffers between the top level terminal and cell pin. If the goal is to apply constraints that will migrate to top level ports it is required that IO Buffers manually be instanced.
CRITICAL WARNING: [Netlist 29-160] Cannot set property 'slew', because the property does not exist for objects of type 'pin'. [c:/FPGA/NanoVTX/NanoVTX.gen/sources_1/bd/top/ip/top_processing_system7_0_0/top_processing_system7_0_0.xdc:510]
Resolution: Modify the set_property command to apply the property on the correct object type. Since the property is being applied as a scoped constraint, ensure the proper connectivity of the object port objects can be translated into pin objects. This could be due to the insertion of IO Buffers between the top level terminal and cell pin. If the goal is to apply constraints that will migrate to top level ports it is required that IO Buffers manually be instanced.
CRITICAL WARNING: [Netlist 29-160] Cannot set property 'pullup', because the property does not exist for objects of type 'pin'. [c:/FPGA/NanoVTX/NanoVTX.gen/sources_1/bd/top/ip/top_processing_system7_0_0/top_processing_system7_0_0.xdc:511]
Resolution: Modify the set_property command to apply the property on the correct object type. Since the property is being applied as a scoped constraint, ensure the proper connectivity of the object port objects can be translated into pin objects. This could be due to the insertion of IO Buffers between the top level terminal and cell pin. If the goal is to apply constraints that will migrate to top level ports it is required that IO Buffers manually be instanced.
CRITICAL WARNING: [Netlist 29-160] Cannot set property 'PIO_DIRECTION', because the property does not exist for objects of type 'pin'. [c:/FPGA/NanoVTX/NanoVTX.gen/sources_1/bd/top/ip/top_processing_system7_0_0/top_processing_system7_0_0.xdc:512]
Resolution: Modify the set_property command to apply the property on the correct object type. Since the property is being applied as a scoped constraint, ensure the proper connectivity of the object port objects can be translated into pin objects. This could be due to the insertion of IO Buffers between the top level terminal and cell pin. If the goal is to apply constraints that will migrate to top level ports it is required that IO Buffers manually be instanced.
CRITICAL WARNING: [Netlist 29-160] Cannot set property 'iostandard', because the property does not exist for objects of type 'pin'. [c:/FPGA/NanoVTX/NanoVTX.gen/sources_1/bd/top/ip/top_processing_system7_0_0/top_processing_system7_0_0.xdc:513]
Resolution: Modify the set_property command to apply the property on the correct object type. Since the property is being applied as a scoped constraint, ensure the proper connectivity of the object port objects can be translated into pin objects. This could be due to the insertion of IO Buffers between the top level terminal and cell pin. If the goal is to apply constraints that will migrate to top level ports it is required that IO Buffers manually be instanced.
INFO: [Common 17-14] Message 'Netlist 29-160' appears 100 times and further instances of the messages will be disabled. Use the Tcl command set_msg_config to change the current settings. [c:/FPGA/NanoVTX/NanoVTX.gen/sources_1/bd/top/ip/top_processing_system7_0_0/top_processing_system7_0_0.xdc:513]
Finished Parsing XDC File [c:/FPGA/NanoVTX/NanoVTX.gen/sources_1/bd/top/ip/top_processing_system7_0_0/top_processing_system7_0_0.xdc] for cell 'top_i/processing_system7_0/inst'
Parsing XDC File [c:/FPGA/NanoVTX/NanoVTX.gen/sources_1/bd/top/ip/top_rst_ps7_0_50M_0/top_rst_ps7_0_50M_0_board.xdc] for cell 'top_i/rst_ps7_0_50M/U0'
Finished Parsing XDC File [c:/FPGA/NanoVTX/NanoVTX.gen/sources_1/bd/top/ip/top_rst_ps7_0_50M_0/top_rst_ps7_0_50M_0_board.xdc] for cell 'top_i/rst_ps7_0_50M/U0'
Parsing XDC File [c:/FPGA/NanoVTX/NanoVTX.gen/sources_1/bd/top/ip/top_rst_ps7_0_50M_0/top_rst_ps7_0_50M_0.xdc] for cell 'top_i/rst_ps7_0_50M/U0'
Finished Parsing XDC File [c:/FPGA/NanoVTX/NanoVTX.gen/sources_1/bd/top/ip/top_rst_ps7_0_50M_0/top_rst_ps7_0_50M_0.xdc] for cell 'top_i/rst_ps7_0_50M/U0'
Parsing XDC File [c:/FPGA/NanoVTX/NanoVTX.gen/sources_1/bd/top/ip/top_ila_5_0/ila_v6_2/constraints/ila_impl.xdc] for cell 'top_i/ila_5/inst'
Finished Parsing XDC File [c:/FPGA/NanoVTX/NanoVTX.gen/sources_1/bd/top/ip/top_ila_5_0/ila_v6_2/constraints/ila_impl.xdc] for cell 'top_i/ila_5/inst'
Parsing XDC File [c:/FPGA/NanoVTX/NanoVTX.gen/sources_1/bd/top/ip/top_ila_5_0/ila_v6_2/constraints/ila.xdc] for cell 'top_i/ila_5/inst'
Finished Parsing XDC File [c:/FPGA/NanoVTX/NanoVTX.gen/sources_1/bd/top/ip/top_ila_5_0/ila_v6_2/constraints/ila.xdc] for cell 'top_i/ila_5/inst'
Parsing XDC File [C:/FPGA/NanoVTX/NanoVTX.srcs/constrs_1/new/constr1.xdc]
WARNING: [Vivado 12-584] No ports matched 'dphy_hs_clock_0_clk_p'. [C:/FPGA/NanoVTX/NanoVTX.srcs/constrs_1/new/constr1.xdc:177]
CRITICAL WARNING: [Common 17-55] 'set_property' expects at least one object. [C:/FPGA/NanoVTX/NanoVTX.srcs/constrs_1/new/constr1.xdc:177]
Resolution: If [get_<value>] was used to populate the object, check to make sure this command returns at least one valid object.
Finished Parsing XDC File [C:/FPGA/NanoVTX/NanoVTX.srcs/constrs_1/new/constr1.xdc]
Parsing XDC File [c:/FPGA/NanoVTX/NanoVTX.gen/sources_1/bd/top/ip/top_axi_dma_0_0/top_axi_dma_0_0_clocks.xdc] for cell 'top_i/axi_dma_0/U0'
Finished Parsing XDC File [c:/FPGA/NanoVTX/NanoVTX.gen/sources_1/bd/top/ip/top_axi_dma_0_0/top_axi_dma_0_0_clocks.xdc] for cell 'top_i/axi_dma_0/U0'
Parsing XDC File [c:/FPGA/NanoVTX/NanoVTX.gen/sources_1/bd/top/ip/top_auto_us_0/top_auto_us_0_clocks.xdc] for cell 'top_i/axi_mem_intercon/s00_couplers/auto_us/inst'
Finished Parsing XDC File [c:/FPGA/NanoVTX/NanoVTX.gen/sources_1/bd/top/ip/top_auto_us_0/top_auto_us_0_clocks.xdc] for cell 'top_i/axi_mem_intercon/s00_couplers/auto_us/inst'
Parsing XDC File [c:/FPGA/NanoVTX/NanoVTX.gen/sources_1/bd/top/ip/top_fifo_generator_0_0/top_fifo_generator_0_0_clocks.xdc] for cell 'top_i/fifo_generator_0/U0'
Finished Parsing XDC File [c:/FPGA/NanoVTX/NanoVTX.gen/sources_1/bd/top/ip/top_fifo_generator_0_0/top_fifo_generator_0_0_clocks.xdc] for cell 'top_i/fifo_generator_0/U0'
Parsing XDC File [c:/FPGA/NanoVTX/NanoVTX.gen/sources_1/bd/top/ip/top_fifo_generator_1_0/top_fifo_generator_1_0_clocks.xdc] for cell 'top_i/fifo_generator_1/U0'
Finished Parsing XDC File [c:/FPGA/NanoVTX/NanoVTX.gen/sources_1/bd/top/ip/top_fifo_generator_1_0/top_fifo_generator_1_0_clocks.xdc] for cell 'top_i/fifo_generator_1/U0'
Parsing XDC File [c:/FPGA/NanoVTX/NanoVTX.gen/sources_1/bd/top/ip/top_mipi_csi2_rx_subsyst_0_0/bd_0/ip/ip_3/bd_882f_phy_0_clocks.xdc] for cell 'top_i/mipi_csi2_rx_subsyst_0/inst/phy/inst'
WARNING: [Vivado 12-508] No pins matched '*en_hs_datapath_reg/C'. [c:/FPGA/NanoVTX/NanoVTX.gen/sources_1/bd/top/ip/top_mipi_csi2_rx_subsyst_0_0/bd_0/ip/ip_3/bd_882f_phy_0_clocks.xdc:74]
WARNING: [Vivado_Tcl 4-919] Waiver ID 'CDC-11' -from list should not be empty. [c:/FPGA/NanoVTX/NanoVTX.gen/sources_1/bd/top/ip/top_mipi_csi2_rx_subsyst_0_0/bd_0/ip/ip_3/bd_882f_phy_0_clocks.xdc:74]
WARNING: [Vivado 12-508] No pins matched '*init_done_reg/C'. [c:/FPGA/NanoVTX/NanoVTX.gen/sources_1/bd/top/ip/top_mipi_csi2_rx_subsyst_0_0/bd_0/ip/ip_3/bd_882f_phy_0_clocks.xdc:75]
WARNING: [Vivado_Tcl 4-919] Waiver ID 'CDC-11' -from list should not be empty. [c:/FPGA/NanoVTX/NanoVTX.gen/sources_1/bd/top/ip/top_mipi_csi2_rx_subsyst_0_0/bd_0/ip/ip_3/bd_882f_phy_0_clocks.xdc:75]
Finished Parsing XDC File [c:/FPGA/NanoVTX/NanoVTX.gen/sources_1/bd/top/ip/top_mipi_csi2_rx_subsyst_0_0/bd_0/ip/ip_3/bd_882f_phy_0_clocks.xdc] for cell 'top_i/mipi_csi2_rx_subsyst_0/inst/phy/inst'
Parsing XDC File [c:/FPGA/NanoVTX/NanoVTX.gen/sources_1/bd/top/ip/top_mipi_csi2_rx_subsyst_0_0/top_mipi_csi2_rx_subsyst_0_0_impl.xdc] for cell 'top_i/mipi_csi2_rx_subsyst_0/inst'
Finished Parsing XDC File [c:/FPGA/NanoVTX/NanoVTX.gen/sources_1/bd/top/ip/top_mipi_csi2_rx_subsyst_0_0/top_mipi_csi2_rx_subsyst_0_0_impl.xdc] for cell 'top_i/mipi_csi2_rx_subsyst_0/inst'
WARNING: [XPM_CDC_ARRAY_SINGLE: TCL-1000] The source and destination clocks are the same. 
     Instance: top_i/mipi_csi2_rx_subsyst_0/inst/rx/inst/AXI_LITE.reg_inf/xpm_array_single_01 
  This will add unnecessary latency to the design. Please check the design for the following: 
 1) Manually instantiated XPM_CDC modules: Xilinx recommends that you remove these modules. 
 2) Xilinx IP that contains XPM_CDC modules: Verify the connections to the IP to determine whether you can safely ignore this message.
 [C:/Xilinx/Vivado/2023.1/data/ip/xpm/xpm_cdc/tcl/xpm_cdc_array_single.tcl:5]
WARNING: [XPM_CDC_GRAY: TCL-1000] The source and destination clocks are the same. 
     Instance: top_i/mipi_csi2_rx_subsyst_0/inst/rx/inst/AXI_LITE.reg_inf/gen_spkt_fifo/generic_pkt/gnuram_async_fifo.xpm_fifo_base_inst/gen_cdc_pntr.wr_pntr_cdc_inst 
  This will add unnecessary latency to the design. Please check the design for the following: 
 1) Manually instantiated XPM_CDC modules: Xilinx recommends that you remove these modules. 
 2) Xilinx IP that contains XPM_CDC modules: Verify the connections to the IP to determine whether you can safely ignore this message.
 [C:/Xilinx/Vivado/2023.1/data/ip/xpm/xpm_cdc/tcl/xpm_cdc_gray.tcl:16]
WARNING: [XPM_CDC_GRAY: TCL-1000] The source and destination clocks are the same. 
     Instance: top_i/mipi_csi2_rx_subsyst_0/inst/rx/inst/AXI_LITE.reg_inf/gen_spkt_fifo/generic_pkt/gnuram_async_fifo.xpm_fifo_base_inst/gen_cdc_pntr.rd_pntr_cdc_inst 
  This will add unnecessary latency to the design. Please check the design for the following: 
 1) Manually instantiated XPM_CDC modules: Xilinx recommends that you remove these modules. 
 2) Xilinx IP that contains XPM_CDC modules: Verify the connections to the IP to determine whether you can safely ignore this message.
 [C:/Xilinx/Vivado/2023.1/data/ip/xpm/xpm_cdc/tcl/xpm_cdc_gray.tcl:16]
WARNING: [XPM_CDC_GRAY: TCL-1000] The source and destination clocks are the same. 
     Instance: top_i/mipi_csi2_rx_subsyst_0/inst/rx/inst/AXI_LITE.reg_inf/gen_spkt_fifo/generic_pkt/gnuram_async_fifo.xpm_fifo_base_inst/gen_cdc_pntr.wr_pntr_cdc_dc_inst 
  This will add unnecessary latency to the design. Please check the design for the following: 
 1) Manually instantiated XPM_CDC modules: Xilinx recommends that you remove these modules. 
 2) Xilinx IP that contains XPM_CDC modules: Verify the connections to the IP to determine whether you can safely ignore this message.
 [C:/Xilinx/Vivado/2023.1/data/ip/xpm/xpm_cdc/tcl/xpm_cdc_gray.tcl:16]
WARNING: [XPM_CDC_GRAY: TCL-1000] The source and destination clocks are the same. 
     Instance: top_i/mipi_csi2_rx_subsyst_0/inst/rx/inst/AXI_LITE.reg_inf/gen_spkt_fifo/generic_pkt/gnuram_async_fifo.xpm_fifo_base_inst/gen_cdc_pntr.rd_pntr_cdc_dc_inst 
  This will add unnecessary latency to the design. Please check the design for the following: 
 1) Manually instantiated XPM_CDC modules: Xilinx recommends that you remove these modules. 
 2) Xilinx IP that contains XPM_CDC modules: Verify the connections to the IP to determine whether you can safely ignore this message.
 [C:/Xilinx/Vivado/2023.1/data/ip/xpm/xpm_cdc/tcl/xpm_cdc_gray.tcl:16]
WARNING: [XPM_CDC_HANDSHAKE: TCL-1000] The source and destination clocks are the same. 
     Instance: top_i/mipi_csi2_rx_subsyst_0/inst/rx/inst/AXI_LITE.isr_cdc/HSC2R_CDC[44].hsc2r_bus_cdc 
  This will add unnecessary latency to the design. Please check the design for the following: 
 1) Manually instantiated XPM_CDC modules: Xilinx recommends that you remove these modules. 
 2) Xilinx IP that contains XPM_CDC modules: Verify the connections to the IP to determine whether you can safely ignore this message.
 [C:/Xilinx/Vivado/2023.1/data/ip/xpm/xpm_cdc/tcl/xpm_cdc_handshake.tcl:19]
WARNING: [XPM_CDC_HANDSHAKE: TCL-1000] The source and destination clocks are the same. 
     Instance: top_i/mipi_csi2_rx_subsyst_0/inst/rx/inst/AXI_LITE.isr_cdc/ecc_cdc 
  This will add unnecessary latency to the design. Please check the design for the following: 
 1) Manually instantiated XPM_CDC modules: Xilinx recommends that you remove these modules. 
 2) Xilinx IP that contains XPM_CDC modules: Verify the connections to the IP to determine whether you can safely ignore this message.
 [C:/Xilinx/Vivado/2023.1/data/ip/xpm/xpm_cdc/tcl/xpm_cdc_handshake.tcl:19]
WARNING: [XPM_CDC_HANDSHAKE: TCL-1000] The source and destination clocks are the same. 
     Instance: top_i/mipi_csi2_rx_subsyst_0/inst/rx/inst/AXI_LITE.reg_inf/img_info_cdc 
  This will add unnecessary latency to the design. Please check the design for the following: 
 1) Manually instantiated XPM_CDC modules: Xilinx recommends that you remove these modules. 
 2) Xilinx IP that contains XPM_CDC modules: Verify the connections to the IP to determine whether you can safely ignore this message.
 [C:/Xilinx/Vivado/2023.1/data/ip/xpm/xpm_cdc/tcl/xpm_cdc_handshake.tcl:19]
WARNING: [XPM_CDC_HANDSHAKE: TCL-1000] The source and destination clocks are the same. 
     Instance: top_i/mipi_csi2_rx_subsyst_0/inst/rx/inst/AXI_LITE.isr_cdc/HSC2R_CDC[0].hsc2r_bus_cdc 
  This will add unnecessary latency to the design. Please check the design for the following: 
 1) Manually instantiated XPM_CDC modules: Xilinx recommends that you remove these modules. 
 2) Xilinx IP that contains XPM_CDC modules: Verify the connections to the IP to determine whether you can safely ignore this message.
 [C:/Xilinx/Vivado/2023.1/data/ip/xpm/xpm_cdc/tcl/xpm_cdc_handshake.tcl:19]
WARNING: [XPM_CDC_HANDSHAKE: TCL-1000] The source and destination clocks are the same. 
     Instance: top_i/mipi_csi2_rx_subsyst_0/inst/rx/inst/AXI_LITE.isr_cdc/HSC2R_CDC[9].hsc2r_bus_cdc 
  This will add unnecessary latency to the design. Please check the design for the following: 
 1) Manually instantiated XPM_CDC modules: Xilinx recommends that you remove these modules. 
 2) Xilinx IP that contains XPM_CDC modules: Verify the connections to the IP to determine whether you can safely ignore this message.
 [C:/Xilinx/Vivado/2023.1/data/ip/xpm/xpm_cdc/tcl/xpm_cdc_handshake.tcl:19]
WARNING: [XPM_CDC_HANDSHAKE: TCL-1000] The source and destination clocks are the same. 
     Instance: top_i/mipi_csi2_rx_subsyst_0/inst/rx/inst/AXI_LITE.isr_cdc/HSC2R_CDC[10].hsc2r_bus_cdc 
  This will add unnecessary latency to the design. Please check the design for the following: 
 1) Manually instantiated XPM_CDC modules: Xilinx recommends that you remove these modules. 
 2) Xilinx IP that contains XPM_CDC modules: Verify the connections to the IP to determine whether you can safely ignore this message.
 [C:/Xilinx/Vivado/2023.1/data/ip/xpm/xpm_cdc/tcl/xpm_cdc_handshake.tcl:19]
WARNING: [XPM_CDC_HANDSHAKE: TCL-1000] The source and destination clocks are the same. 
     Instance: top_i/mipi_csi2_rx_subsyst_0/inst/rx/inst/AXI_LITE.isr_cdc/HSC2R_CDC[11].hsc2r_bus_cdc 
  This will add unnecessary latency to the design. Please check the design for the following: 
 1) Manually instantiated XPM_CDC modules: Xilinx recommends that you remove these modules. 
 2) Xilinx IP that contains XPM_CDC modules: Verify the connections to the IP to determine whether you can safely ignore this message.
 [C:/Xilinx/Vivado/2023.1/data/ip/xpm/xpm_cdc/tcl/xpm_cdc_handshake.tcl:19]
WARNING: [XPM_CDC_HANDSHAKE: TCL-1000] The source and destination clocks are the same. 
     Instance: top_i/mipi_csi2_rx_subsyst_0/inst/rx/inst/AXI_LITE.isr_cdc/HSC2R_CDC[12].hsc2r_bus_cdc 
  This will add unnecessary latency to the design. Please check the design for the following: 
 1) Manually instantiated XPM_CDC modules: Xilinx recommends that you remove these modules. 
 2) Xilinx IP that contains XPM_CDC modules: Verify the connections to the IP to determine whether you can safely ignore this message.
 [C:/Xilinx/Vivado/2023.1/data/ip/xpm/xpm_cdc/tcl/xpm_cdc_handshake.tcl:19]
WARNING: [XPM_CDC_HANDSHAKE: TCL-1000] The source and destination clocks are the same. 
     Instance: top_i/mipi_csi2_rx_subsyst_0/inst/rx/inst/AXI_LITE.isr_cdc/HSC2R_CDC[13].hsc2r_bus_cdc 
  This will add unnecessary latency to the design. Please check the design for the following: 
 1) Manually instantiated XPM_CDC modules: Xilinx recommends that you remove these modules. 
 2) Xilinx IP that contains XPM_CDC modules: Verify the connections to the IP to determine whether you can safely ignore this message.
 [C:/Xilinx/Vivado/2023.1/data/ip/xpm/xpm_cdc/tcl/xpm_cdc_handshake.tcl:19]
WARNING: [XPM_CDC_HANDSHAKE: TCL-1000] The source and destination clocks are the same. 
     Instance: top_i/mipi_csi2_rx_subsyst_0/inst/rx/inst/AXI_LITE.isr_cdc/HSC2R_CDC[14].hsc2r_bus_cdc 
  This will add unnecessary latency to the design. Please check the design for the following: 
 1) Manually instantiated XPM_CDC modules: Xilinx recommends that you remove these modules. 
 2) Xilinx IP that contains XPM_CDC modules: Verify the connections to the IP to determine whether you can safely ignore this message.
 [C:/Xilinx/Vivado/2023.1/data/ip/xpm/xpm_cdc/tcl/xpm_cdc_handshake.tcl:19]
WARNING: [XPM_CDC_HANDSHAKE: TCL-1000] The source and destination clocks are the same. 
     Instance: top_i/mipi_csi2_rx_subsyst_0/inst/rx/inst/AXI_LITE.isr_cdc/HSC2R_CDC[15].hsc2r_bus_cdc 
  This will add unnecessary latency to the design. Please check the design for the following: 
 1) Manually instantiated XPM_CDC modules: Xilinx recommends that you remove these modules. 
 2) Xilinx IP that contains XPM_CDC modules: Verify the connections to the IP to determine whether you can safely ignore this message.
 [C:/Xilinx/Vivado/2023.1/data/ip/xpm/xpm_cdc/tcl/xpm_cdc_handshake.tcl:19]
WARNING: [XPM_CDC_HANDSHAKE: TCL-1000] The source and destination clocks are the same. 
     Instance: top_i/mipi_csi2_rx_subsyst_0/inst/rx/inst/AXI_LITE.isr_cdc/HSC2R_CDC[16].hsc2r_bus_cdc 
  This will add unnecessary latency to the design. Please check the design for the following: 
 1) Manually instantiated XPM_CDC modules: Xilinx recommends that you remove these modules. 
 2) Xilinx IP that contains XPM_CDC modules: Verify the connections to the IP to determine whether you can safely ignore this message.
 [C:/Xilinx/Vivado/2023.1/data/ip/xpm/xpm_cdc/tcl/xpm_cdc_handshake.tcl:19]
WARNING: [XPM_CDC_HANDSHAKE: TCL-1000] The source and destination clocks are the same. 
     Instance: top_i/mipi_csi2_rx_subsyst_0/inst/rx/inst/AXI_LITE.isr_cdc/HSC2R_CDC[17].hsc2r_bus_cdc 
  This will add unnecessary latency to the design. Please check the design for the following: 
 1) Manually instantiated XPM_CDC modules: Xilinx recommends that you remove these modules. 
 2) Xilinx IP that contains XPM_CDC modules: Verify the connections to the IP to determine whether you can safely ignore this message.
 [C:/Xilinx/Vivado/2023.1/data/ip/xpm/xpm_cdc/tcl/xpm_cdc_handshake.tcl:19]
WARNING: [XPM_CDC_HANDSHAKE: TCL-1000] The source and destination clocks are the same. 
     Instance: top_i/mipi_csi2_rx_subsyst_0/inst/rx/inst/AXI_LITE.isr_cdc/HSC2R_CDC[18].hsc2r_bus_cdc 
  This will add unnecessary latency to the design. Please check the design for the following: 
 1) Manually instantiated XPM_CDC modules: Xilinx recommends that you remove these modules. 
 2) Xilinx IP that contains XPM_CDC modules: Verify the connections to the IP to determine whether you can safely ignore this message.
 [C:/Xilinx/Vivado/2023.1/data/ip/xpm/xpm_cdc/tcl/xpm_cdc_handshake.tcl:19]
WARNING: [XPM_CDC_HANDSHAKE: TCL-1000] The source and destination clocks are the same. 
     Instance: top_i/mipi_csi2_rx_subsyst_0/inst/rx/inst/AXI_LITE.isr_cdc/HSC2R_CDC[1].hsc2r_bus_cdc 
  This will add unnecessary latency to the design. Please check the design for the following: 
 1) Manually instantiated XPM_CDC modules: Xilinx recommends that you remove these modules. 
 2) Xilinx IP that contains XPM_CDC modules: Verify the connections to the IP to determine whether you can safely ignore this message.
 [C:/Xilinx/Vivado/2023.1/data/ip/xpm/xpm_cdc/tcl/xpm_cdc_handshake.tcl:19]
WARNING: [XPM_CDC_HANDSHAKE: TCL-1000] The source and destination clocks are the same. 
     Instance: top_i/mipi_csi2_rx_subsyst_0/inst/rx/inst/AXI_LITE.isr_cdc/HSC2R_CDC[19].hsc2r_bus_cdc 
  This will add unnecessary latency to the design. Please check the design for the following: 
 1) Manually instantiated XPM_CDC modules: Xilinx recommends that you remove these modules. 
 2) Xilinx IP that contains XPM_CDC modules: Verify the connections to the IP to determine whether you can safely ignore this message.
 [C:/Xilinx/Vivado/2023.1/data/ip/xpm/xpm_cdc/tcl/xpm_cdc_handshake.tcl:19]
WARNING: [XPM_CDC_HANDSHAKE: TCL-1000] The source and destination clocks are the same. 
     Instance: top_i/mipi_csi2_rx_subsyst_0/inst/rx/inst/AXI_LITE.isr_cdc/HSC2R_CDC[20].hsc2r_bus_cdc 
  This will add unnecessary latency to the design. Please check the design for the following: 
 1) Manually instantiated XPM_CDC modules: Xilinx recommends that you remove these modules. 
 2) Xilinx IP that contains XPM_CDC modules: Verify the connections to the IP to determine whether you can safely ignore this message.
 [C:/Xilinx/Vivado/2023.1/data/ip/xpm/xpm_cdc/tcl/xpm_cdc_handshake.tcl:19]
WARNING: [XPM_CDC_HANDSHAKE: TCL-1000] The source and destination clocks are the same. 
     Instance: top_i/mipi_csi2_rx_subsyst_0/inst/rx/inst/AXI_LITE.isr_cdc/HSC2R_CDC[21].hsc2r_bus_cdc 
  This will add unnecessary latency to the design. Please check the design for the following: 
 1) Manually instantiated XPM_CDC modules: Xilinx recommends that you remove these modules. 
 2) Xilinx IP that contains XPM_CDC modules: Verify the connections to the IP to determine whether you can safely ignore this message.
 [C:/Xilinx/Vivado/2023.1/data/ip/xpm/xpm_cdc/tcl/xpm_cdc_handshake.tcl:19]
WARNING: [XPM_CDC_HANDSHAKE: TCL-1000] The source and destination clocks are the same. 
     Instance: top_i/mipi_csi2_rx_subsyst_0/inst/rx/inst/AXI_LITE.isr_cdc/HSC2R_CDC[22].hsc2r_bus_cdc 
  This will add unnecessary latency to the design. Please check the design for the following: 
 1) Manually instantiated XPM_CDC modules: Xilinx recommends that you remove these modules. 
 2) Xilinx IP that contains XPM_CDC modules: Verify the connections to the IP to determine whether you can safely ignore this message.
 [C:/Xilinx/Vivado/2023.1/data/ip/xpm/xpm_cdc/tcl/xpm_cdc_handshake.tcl:19]
WARNING: [XPM_CDC_HANDSHAKE: TCL-1000] The source and destination clocks are the same. 
     Instance: top_i/mipi_csi2_rx_subsyst_0/inst/rx/inst/AXI_LITE.isr_cdc/HSC2R_CDC[23].hsc2r_bus_cdc 
  This will add unnecessary latency to the design. Please check the design for the following: 
 1) Manually instantiated XPM_CDC modules: Xilinx recommends that you remove these modules. 
 2) Xilinx IP that contains XPM_CDC modules: Verify the connections to the IP to determine whether you can safely ignore this message.
 [C:/Xilinx/Vivado/2023.1/data/ip/xpm/xpm_cdc/tcl/xpm_cdc_handshake.tcl:19]
WARNING: [XPM_CDC_HANDSHAKE: TCL-1000] The source and destination clocks are the same. 
     Instance: top_i/mipi_csi2_rx_subsyst_0/inst/rx/inst/AXI_LITE.isr_cdc/HSC2R_CDC[24].hsc2r_bus_cdc 
  This will add unnecessary latency to the design. Please check the design for the following: 
 1) Manually instantiated XPM_CDC modules: Xilinx recommends that you remove these modules. 
 2) Xilinx IP that contains XPM_CDC modules: Verify the connections to the IP to determine whether you can safely ignore this message.
 [C:/Xilinx/Vivado/2023.1/data/ip/xpm/xpm_cdc/tcl/xpm_cdc_handshake.tcl:19]
WARNING: [XPM_CDC_HANDSHAKE: TCL-1000] The source and destination clocks are the same. 
     Instance: top_i/mipi_csi2_rx_subsyst_0/inst/rx/inst/AXI_LITE.isr_cdc/HSC2R_CDC[25].hsc2r_bus_cdc 
  This will add unnecessary latency to the design. Please check the design for the following: 
 1) Manually instantiated XPM_CDC modules: Xilinx recommends that you remove these modules. 
 2) Xilinx IP that contains XPM_CDC modules: Verify the connections to the IP to determine whether you can safely ignore this message.
 [C:/Xilinx/Vivado/2023.1/data/ip/xpm/xpm_cdc/tcl/xpm_cdc_handshake.tcl:19]
WARNING: [XPM_CDC_HANDSHAKE: TCL-1000] The source and destination clocks are the same. 
     Instance: top_i/mipi_csi2_rx_subsyst_0/inst/rx/inst/AXI_LITE.isr_cdc/HSC2R_CDC[26].hsc2r_bus_cdc 
  This will add unnecessary latency to the design. Please check the design for the following: 
 1) Manually instantiated XPM_CDC modules: Xilinx recommends that you remove these modules. 
 2) Xilinx IP that contains XPM_CDC modules: Verify the connections to the IP to determine whether you can safely ignore this message.
 [C:/Xilinx/Vivado/2023.1/data/ip/xpm/xpm_cdc/tcl/xpm_cdc_handshake.tcl:19]
WARNING: [XPM_CDC_HANDSHAKE: TCL-1000] The source and destination clocks are the same. 
     Instance: top_i/mipi_csi2_rx_subsyst_0/inst/rx/inst/AXI_LITE.isr_cdc/HSC2R_CDC[27].hsc2r_bus_cdc 
  This will add unnecessary latency to the design. Please check the design for the following: 
 1) Manually instantiated XPM_CDC modules: Xilinx recommends that you remove these modules. 
 2) Xilinx IP that contains XPM_CDC modules: Verify the connections to the IP to determine whether you can safely ignore this message.
 [C:/Xilinx/Vivado/2023.1/data/ip/xpm/xpm_cdc/tcl/xpm_cdc_handshake.tcl:19]
WARNING: [XPM_CDC_HANDSHAKE: TCL-1000] The source and destination clocks are the same. 
     Instance: top_i/mipi_csi2_rx_subsyst_0/inst/rx/inst/AXI_LITE.isr_cdc/HSC2R_CDC[28].hsc2r_bus_cdc 
  This will add unnecessary latency to the design. Please check the design for the following: 
 1) Manually instantiated XPM_CDC modules: Xilinx recommends that you remove these modules. 
 2) Xilinx IP that contains XPM_CDC modules: Verify the connections to the IP to determine whether you can safely ignore this message.
 [C:/Xilinx/Vivado/2023.1/data/ip/xpm/xpm_cdc/tcl/xpm_cdc_handshake.tcl:19]
WARNING: [XPM_CDC_HANDSHAKE: TCL-1000] The source and destination clocks are the same. 
     Instance: top_i/mipi_csi2_rx_subsyst_0/inst/rx/inst/AXI_LITE.isr_cdc/HSC2R_CDC[2].hsc2r_bus_cdc 
  This will add unnecessary latency to the design. Please check the design for the following: 
 1) Manually instantiated XPM_CDC modules: Xilinx recommends that you remove these modules. 
 2) Xilinx IP that contains XPM_CDC modules: Verify the connections to the IP to determine whether you can safely ignore this message.
 [C:/Xilinx/Vivado/2023.1/data/ip/xpm/xpm_cdc/tcl/xpm_cdc_handshake.tcl:19]
WARNING: [XPM_CDC_HANDSHAKE: TCL-1000] The source and destination clocks are the same. 
     Instance: top_i/mipi_csi2_rx_subsyst_0/inst/rx/inst/AXI_LITE.isr_cdc/HSC2R_CDC[29].hsc2r_bus_cdc 
  This will add unnecessary latency to the design. Please check the design for the following: 
 1) Manually instantiated XPM_CDC modules: Xilinx recommends that you remove these modules. 
 2) Xilinx IP that contains XPM_CDC modules: Verify the connections to the IP to determine whether you can safely ignore this message.
 [C:/Xilinx/Vivado/2023.1/data/ip/xpm/xpm_cdc/tcl/xpm_cdc_handshake.tcl:19]
WARNING: [XPM_CDC_HANDSHAKE: TCL-1000] The source and destination clocks are the same. 
     Instance: top_i/mipi_csi2_rx_subsyst_0/inst/rx/inst/AXI_LITE.isr_cdc/HSC2R_CDC[30].hsc2r_bus_cdc 
  This will add unnecessary latency to the design. Please check the design for the following: 
 1) Manually instantiated XPM_CDC modules: Xilinx recommends that you remove these modules. 
 2) Xilinx IP that contains XPM_CDC modules: Verify the connections to the IP to determine whether you can safely ignore this message.
 [C:/Xilinx/Vivado/2023.1/data/ip/xpm/xpm_cdc/tcl/xpm_cdc_handshake.tcl:19]
WARNING: [XPM_CDC_HANDSHAKE: TCL-1000] The source and destination clocks are the same. 
     Instance: top_i/mipi_csi2_rx_subsyst_0/inst/rx/inst/AXI_LITE.isr_cdc/HSC2R_CDC[31].hsc2r_bus_cdc 
  This will add unnecessary latency to the design. Please check the design for the following: 
 1) Manually instantiated XPM_CDC modules: Xilinx recommends that you remove these modules. 
 2) Xilinx IP that contains XPM_CDC modules: Verify the connections to the IP to determine whether you can safely ignore this message.
 [C:/Xilinx/Vivado/2023.1/data/ip/xpm/xpm_cdc/tcl/xpm_cdc_handshake.tcl:19]
WARNING: [XPM_CDC_HANDSHAKE: TCL-1000] The source and destination clocks are the same. 
     Instance: top_i/mipi_csi2_rx_subsyst_0/inst/rx/inst/AXI_LITE.isr_cdc/HSC2R_CDC[32].hsc2r_bus_cdc 
  This will add unnecessary latency to the design. Please check the design for the following: 
 1) Manually instantiated XPM_CDC modules: Xilinx recommends that you remove these modules. 
 2) Xilinx IP that contains XPM_CDC modules: Verify the connections to the IP to determine whether you can safely ignore this message.
 [C:/Xilinx/Vivado/2023.1/data/ip/xpm/xpm_cdc/tcl/xpm_cdc_handshake.tcl:19]
WARNING: [XPM_CDC_HANDSHAKE: TCL-1000] The source and destination clocks are the same. 
     Instance: top_i/mipi_csi2_rx_subsyst_0/inst/rx/inst/AXI_LITE.isr_cdc/HSC2R_CDC[33].hsc2r_bus_cdc 
  This will add unnecessary latency to the design. Please check the design for the following: 
 1) Manually instantiated XPM_CDC modules: Xilinx recommends that you remove these modules. 
 2) Xilinx IP that contains XPM_CDC modules: Verify the connections to the IP to determine whether you can safely ignore this message.
 [C:/Xilinx/Vivado/2023.1/data/ip/xpm/xpm_cdc/tcl/xpm_cdc_handshake.tcl:19]
WARNING: [XPM_CDC_HANDSHAKE: TCL-1000] The source and destination clocks are the same. 
     Instance: top_i/mipi_csi2_rx_subsyst_0/inst/rx/inst/AXI_LITE.isr_cdc/HSC2R_CDC[34].hsc2r_bus_cdc 
  This will add unnecessary latency to the design. Please check the design for the following: 
 1) Manually instantiated XPM_CDC modules: Xilinx recommends that you remove these modules. 
 2) Xilinx IP that contains XPM_CDC modules: Verify the connections to the IP to determine whether you can safely ignore this message.
 [C:/Xilinx/Vivado/2023.1/data/ip/xpm/xpm_cdc/tcl/xpm_cdc_handshake.tcl:19]
WARNING: [XPM_CDC_HANDSHAKE: TCL-1000] The source and destination clocks are the same. 
     Instance: top_i/mipi_csi2_rx_subsyst_0/inst/rx/inst/AXI_LITE.isr_cdc/HSC2R_CDC[35].hsc2r_bus_cdc 
  This will add unnecessary latency to the design. Please check the design for the following: 
 1) Manually instantiated XPM_CDC modules: Xilinx recommends that you remove these modules. 
 2) Xilinx IP that contains XPM_CDC modules: Verify the connections to the IP to determine whether you can safely ignore this message.
 [C:/Xilinx/Vivado/2023.1/data/ip/xpm/xpm_cdc/tcl/xpm_cdc_handshake.tcl:19]
WARNING: [XPM_CDC_HANDSHAKE: TCL-1000] The source and destination clocks are the same. 
     Instance: top_i/mipi_csi2_rx_subsyst_0/inst/rx/inst/AXI_LITE.isr_cdc/HSC2R_CDC[36].hsc2r_bus_cdc 
  This will add unnecessary latency to the design. Please check the design for the following: 
 1) Manually instantiated XPM_CDC modules: Xilinx recommends that you remove these modules. 
 2) Xilinx IP that contains XPM_CDC modules: Verify the connections to the IP to determine whether you can safely ignore this message.
 [C:/Xilinx/Vivado/2023.1/data/ip/xpm/xpm_cdc/tcl/xpm_cdc_handshake.tcl:19]
WARNING: [XPM_CDC_HANDSHAKE: TCL-1000] The source and destination clocks are the same. 
     Instance: top_i/mipi_csi2_rx_subsyst_0/inst/rx/inst/AXI_LITE.isr_cdc/HSC2R_CDC[37].hsc2r_bus_cdc 
  This will add unnecessary latency to the design. Please check the design for the following: 
 1) Manually instantiated XPM_CDC modules: Xilinx recommends that you remove these modules. 
 2) Xilinx IP that contains XPM_CDC modules: Verify the connections to the IP to determine whether you can safely ignore this message.
 [C:/Xilinx/Vivado/2023.1/data/ip/xpm/xpm_cdc/tcl/xpm_cdc_handshake.tcl:19]
WARNING: [XPM_CDC_HANDSHAKE: TCL-1000] The source and destination clocks are the same. 
     Instance: top_i/mipi_csi2_rx_subsyst_0/inst/rx/inst/AXI_LITE.isr_cdc/HSC2R_CDC[38].hsc2r_bus_cdc 
  This will add unnecessary latency to the design. Please check the design for the following: 
 1) Manually instantiated XPM_CDC modules: Xilinx recommends that you remove these modules. 
 2) Xilinx IP that contains XPM_CDC modules: Verify the connections to the IP to determine whether you can safely ignore this message.
 [C:/Xilinx/Vivado/2023.1/data/ip/xpm/xpm_cdc/tcl/xpm_cdc_handshake.tcl:19]
WARNING: [XPM_CDC_HANDSHAKE: TCL-1000] The source and destination clocks are the same. 
     Instance: top_i/mipi_csi2_rx_subsyst_0/inst/rx/inst/AXI_LITE.isr_cdc/HSC2R_CDC[3].hsc2r_bus_cdc 
  This will add unnecessary latency to the design. Please check the design for the following: 
 1) Manually instantiated XPM_CDC modules: Xilinx recommends that you remove these modules. 
 2) Xilinx IP that contains XPM_CDC modules: Verify the connections to the IP to determine whether you can safely ignore this message.
 [C:/Xilinx/Vivado/2023.1/data/ip/xpm/xpm_cdc/tcl/xpm_cdc_handshake.tcl:19]
WARNING: [XPM_CDC_HANDSHAKE: TCL-1000] The source and destination clocks are the same. 
     Instance: top_i/mipi_csi2_rx_subsyst_0/inst/rx/inst/AXI_LITE.isr_cdc/HSC2R_CDC[39].hsc2r_bus_cdc 
  This will add unnecessary latency to the design. Please check the design for the following: 
 1) Manually instantiated XPM_CDC modules: Xilinx recommends that you remove these modules. 
 2) Xilinx IP that contains XPM_CDC modules: Verify the connections to the IP to determine whether you can safely ignore this message.
 [C:/Xilinx/Vivado/2023.1/data/ip/xpm/xpm_cdc/tcl/xpm_cdc_handshake.tcl:19]
WARNING: [XPM_CDC_HANDSHAKE: TCL-1000] The source and destination clocks are the same. 
     Instance: top_i/mipi_csi2_rx_subsyst_0/inst/rx/inst/AXI_LITE.isr_cdc/HSC2R_CDC[40].hsc2r_bus_cdc 
  This will add unnecessary latency to the design. Please check the design for the following: 
 1) Manually instantiated XPM_CDC modules: Xilinx recommends that you remove these modules. 
 2) Xilinx IP that contains XPM_CDC modules: Verify the connections to the IP to determine whether you can safely ignore this message.
 [C:/Xilinx/Vivado/2023.1/data/ip/xpm/xpm_cdc/tcl/xpm_cdc_handshake.tcl:19]
WARNING: [XPM_CDC_HANDSHAKE: TCL-1000] The source and destination clocks are the same. 
     Instance: top_i/mipi_csi2_rx_subsyst_0/inst/rx/inst/AXI_LITE.isr_cdc/HSC2R_CDC[41].hsc2r_bus_cdc 
  This will add unnecessary latency to the design. Please check the design for the following: 
 1) Manually instantiated XPM_CDC modules: Xilinx recommends that you remove these modules. 
 2) Xilinx IP that contains XPM_CDC modules: Verify the connections to the IP to determine whether you can safely ignore this message.
 [C:/Xilinx/Vivado/2023.1/data/ip/xpm/xpm_cdc/tcl/xpm_cdc_handshake.tcl:19]
WARNING: [XPM_CDC_HANDSHAKE: TCL-1000] The source and destination clocks are the same. 
     Instance: top_i/mipi_csi2_rx_subsyst_0/inst/rx/inst/AXI_LITE.isr_cdc/HSC2R_CDC[42].hsc2r_bus_cdc 
  This will add unnecessary latency to the design. Please check the design for the following: 
 1) Manually instantiated XPM_CDC modules: Xilinx recommends that you remove these modules. 
 2) Xilinx IP that contains XPM_CDC modules: Verify the connections to the IP to determine whether you can safely ignore this message.
 [C:/Xilinx/Vivado/2023.1/data/ip/xpm/xpm_cdc/tcl/xpm_cdc_handshake.tcl:19]
WARNING: [XPM_CDC_HANDSHAKE: TCL-1000] The source and destination clocks are the same. 
     Instance: top_i/mipi_csi2_rx_subsyst_0/inst/rx/inst/AXI_LITE.isr_cdc/HSC2R_CDC[43].hsc2r_bus_cdc 
  This will add unnecessary latency to the design. Please check the design for the following: 
 1) Manually instantiated XPM_CDC modules: Xilinx recommends that you remove these modules. 
 2) Xilinx IP that contains XPM_CDC modules: Verify the connections to the IP to determine whether you can safely ignore this message.
 [C:/Xilinx/Vivado/2023.1/data/ip/xpm/xpm_cdc/tcl/xpm_cdc_handshake.tcl:19]
WARNING: [XPM_CDC_HANDSHAKE: TCL-1000] The source and destination clocks are the same. 
     Instance: top_i/mipi_csi2_rx_subsyst_0/inst/rx/inst/AXI_LITE.isr_cdc/HSC2R_CDC[4].hsc2r_bus_cdc 
  This will add unnecessary latency to the design. Please check the design for the following: 
 1) Manually instantiated XPM_CDC modules: Xilinx recommends that you remove these modules. 
 2) Xilinx IP that contains XPM_CDC modules: Verify the connections to the IP to determine whether you can safely ignore this message.
 [C:/Xilinx/Vivado/2023.1/data/ip/xpm/xpm_cdc/tcl/xpm_cdc_handshake.tcl:19]
WARNING: [XPM_CDC_HANDSHAKE: TCL-1000] The source and destination clocks are the same. 
     Instance: top_i/mipi_csi2_rx_subsyst_0/inst/rx/inst/AXI_LITE.isr_cdc/HSC2R_CDC[5].hsc2r_bus_cdc 
  This will add unnecessary latency to the design. Please check the design for the following: 
 1) Manually instantiated XPM_CDC modules: Xilinx recommends that you remove these modules. 
 2) Xilinx IP that contains XPM_CDC modules: Verify the connections to the IP to determine whether you can safely ignore this message.
 [C:/Xilinx/Vivado/2023.1/data/ip/xpm/xpm_cdc/tcl/xpm_cdc_handshake.tcl:19]
WARNING: [XPM_CDC_HANDSHAKE: TCL-1000] The source and destination clocks are the same. 
     Instance: top_i/mipi_csi2_rx_subsyst_0/inst/rx/inst/AXI_LITE.isr_cdc/HSC2R_CDC[6].hsc2r_bus_cdc 
  This will add unnecessary latency to the design. Please check the design for the following: 
 1) Manually instantiated XPM_CDC modules: Xilinx recommends that you remove these modules. 
 2) Xilinx IP that contains XPM_CDC modules: Verify the connections to the IP to determine whether you can safely ignore this message.
 [C:/Xilinx/Vivado/2023.1/data/ip/xpm/xpm_cdc/tcl/xpm_cdc_handshake.tcl:19]
WARNING: [XPM_CDC_HANDSHAKE: TCL-1000] The source and destination clocks are the same. 
     Instance: top_i/mipi_csi2_rx_subsyst_0/inst/rx/inst/AXI_LITE.isr_cdc/HSC2R_CDC[7].hsc2r_bus_cdc 
  This will add unnecessary latency to the design. Please check the design for the following: 
 1) Manually instantiated XPM_CDC modules: Xilinx recommends that you remove these modules. 
 2) Xilinx IP that contains XPM_CDC modules: Verify the connections to the IP to determine whether you can safely ignore this message.
 [C:/Xilinx/Vivado/2023.1/data/ip/xpm/xpm_cdc/tcl/xpm_cdc_handshake.tcl:19]
WARNING: [XPM_CDC_HANDSHAKE: TCL-1000] The source and destination clocks are the same. 
     Instance: top_i/mipi_csi2_rx_subsyst_0/inst/rx/inst/AXI_LITE.isr_cdc/HSC2R_CDC[8].hsc2r_bus_cdc 
  This will add unnecessary latency to the design. Please check the design for the following: 
 1) Manually instantiated XPM_CDC modules: Xilinx recommends that you remove these modules. 
 2) Xilinx IP that contains XPM_CDC modules: Verify the connections to the IP to determine whether you can safely ignore this message.
 [C:/Xilinx/Vivado/2023.1/data/ip/xpm/xpm_cdc/tcl/xpm_cdc_handshake.tcl:19]
WARNING: [XPM_CDC_SINGLE: TCL-1000] The source and destination clocks are the same. 
     Instance: top_i/mipi_csi2_rx_subsyst_0/inst/rx/inst/AXI_LITE.reg_inf/xpm_single_05 
  This will add unnecessary latency to the design. Please check the design for the following: 
 1) Manually instantiated XPM_CDC modules: Xilinx recommends that you remove these modules. 
 2) Xilinx IP that contains XPM_CDC modules: Verify the connections to the IP to determine whether you can safely ignore this message.
 [C:/Xilinx/Vivado/2023.1/data/ip/xpm/xpm_cdc/tcl/xpm_cdc_single.tcl:5]
WARNING: [XPM_CDC_SINGLE: TCL-1000] The source and destination clocks are the same. 
     Instance: top_i/mipi_csi2_rx_subsyst_0/inst/rx/inst/AXI_LITE.reg_inf/xpm_single_02 
  This will add unnecessary latency to the design. Please check the design for the following: 
 1) Manually instantiated XPM_CDC modules: Xilinx recommends that you remove these modules. 
 2) Xilinx IP that contains XPM_CDC modules: Verify the connections to the IP to determine whether you can safely ignore this message.
 [C:/Xilinx/Vivado/2023.1/data/ip/xpm/xpm_cdc/tcl/xpm_cdc_single.tcl:5]
WARNING: [XPM_CDC_SINGLE: TCL-1000] The source and destination clocks are the same. 
     Instance: top_i/mipi_csi2_rx_subsyst_0/inst/rx/inst/AXI_LITE.reg_inf/xpm_single_vfb_01 
  This will add unnecessary latency to the design. Please check the design for the following: 
 1) Manually instantiated XPM_CDC modules: Xilinx recommends that you remove these modules. 
 2) Xilinx IP that contains XPM_CDC modules: Verify the connections to the IP to determine whether you can safely ignore this message.
 [C:/Xilinx/Vivado/2023.1/data/ip/xpm/xpm_cdc/tcl/xpm_cdc_single.tcl:5]
INFO: [Project 1-1714] 215 XPM XDC files have been applied to the design.
INFO: [Opt 31-138] Pushed 0 inverter(s) to 0 load pin(s).
Netlist sorting complete. Time (s): cpu = 00:00:00 ; elapsed = 00:00:00.014 . Memory (MB): peak = 1961.195 ; gain = 0.000
INFO: [Project 1-111] Unisim Transformation Summary:
  A total of 310 instances were transformed.
  CFGLUT5 => CFGLUT5 (SRL16E, SRLC32E): 256 instances
  IOBUF => IOBUF (IBUF, OBUFT): 2 instances
  RAM32M => RAM32M (RAMD32(x6), RAMS32(x2)): 19 instances
  RAM32X1D => RAM32X1D (RAMD32(x2)): 2 instances
  RAM64X1S => RAM64X1S (RAMS64E): 31 instances

57 Infos, 64 Warnings, 101 Critical Warnings and 0 Errors encountered.
link_design completed successfully
link_design: Time (s): cpu = 00:00:08 ; elapsed = 00:00:20 . Memory (MB): peak = 1961.195 ; gain = 1336.754
INFO: [Common 17-600] The following parameters have non-default value.
tcl.collectionResultDisplayLimit
Command: opt_design
Attempting to get a license for feature 'Implementation' and/or device 'xc7z010'
INFO: [Common 17-349] Got license for feature 'Implementation' and/or device 'xc7z010'
Running DRC as a precondition to command opt_design

Starting DRC Task
INFO: [DRC 23-27] Running DRC with 2 threads
INFO: [Project 1-461] DRC finished with 0 Errors
INFO: [Project 1-462] Please refer to the DRC report (report_drc) for more information.

Time (s): cpu = 00:00:00 ; elapsed = 00:00:00.715 . Memory (MB): peak = 1961.195 ; gain = 0.000

Starting Cache Timing Information Task
INFO: [Timing 38-35] Done setting XDC timing constraints.
Ending Cache Timing Information Task | Checksum: 1a8ba72ac

Time (s): cpu = 00:00:01 ; elapsed = 00:00:00.732 . Memory (MB): peak = 1961.195 ; gain = 0.000

Starting Logic Optimization Task

Phase 1 Generate And Synthesize Debug Cores
INFO: [Chipscope 16-329] Generating Script for core instance : dbg_hub 
INFO: [IP_Flow 19-3806] Processing IP xilinx.com:ip:xsdbm:3.0 for cell dbg_hub_CV.
INFO: [Chipscope 16-469] Using cached IP synthesis design for IP xilinx.com:ip:xsdbm:3.0, cache-ID = 769f6e3be8d22b24.
Netlist sorting complete. Time (s): cpu = 00:00:00 ; elapsed = 00:00:00.036 . Memory (MB): peak = 2316.137 ; gain = 0.000
Phase 1 Generate And Synthesize Debug Cores | Checksum: 1985e1501

Time (s): cpu = 00:00:01 ; elapsed = 00:00:15 . Memory (MB): peak = 2316.137 ; gain = 19.980

Phase 2 Retarget
INFO: [Opt 31-1566] Pulled 19 inverters resulting in an inversion of 107 pins
INFO: [Opt 31-138] Pushed 13 inverter(s) to 38 load pin(s).
INFO: [Opt 31-49] Retargeted 0 cell(s).
Phase 2 Retarget | Checksum: 176600516

Time (s): cpu = 00:00:02 ; elapsed = 00:00:16 . Memory (MB): peak = 2326.398 ; gain = 30.242
INFO: [Opt 31-389] Phase Retarget created 361 cells and removed 1401 cells
INFO: [Opt 31-1021] In phase Retarget, 300 netlist objects are constrained preventing optimization. Please run opt_design with -debug_log to get more detail. 

Phase 3 Constant propagation
INFO: [Opt 31-138] Pushed 3 inverter(s) to 12 load pin(s).
Phase 3 Constant propagation | Checksum: 1495db328

Time (s): cpu = 00:00:02 ; elapsed = 00:00:16 . Memory (MB): peak = 2326.398 ; gain = 30.242
INFO: [Opt 31-389] Phase Constant propagation created 307 cells and removed 1168 cells
INFO: [Opt 31-1021] In phase Constant propagation, 215 netlist objects are constrained preventing optimization. Please run opt_design with -debug_log to get more detail. 

Phase 4 Sweep
Phase 4 Sweep | Checksum: 1cb57733c

Time (s): cpu = 00:00:02 ; elapsed = 00:00:17 . Memory (MB): peak = 2326.398 ; gain = 30.242
INFO: [Opt 31-389] Phase Sweep created 0 cells and removed 4160 cells
INFO: [Opt 31-1021] In phase Sweep, 3089 netlist objects are constrained preventing optimization. Please run opt_design with -debug_log to get more detail. 

Phase 5 BUFG optimization
INFO: [Opt 31-194] Inserted BUFG top_i/processing_system7_0/inst/FCLK_CLK1_BUFG_inst to drive 368 load(s) on clock net top_i/processing_system7_0/inst/FCLK_CLK1_BUFG
INFO: [Opt 31-194] Inserted BUFG data_clk_IBUF_BUFG_inst to drive 311 load(s) on clock net data_clk_IBUF_BUFG
INFO: [Opt 31-193] Inserted 2 BUFG(s) on clock nets
Phase 5 BUFG optimization | Checksum: 214226760

Time (s): cpu = 00:00:02 ; elapsed = 00:00:17 . Memory (MB): peak = 2326.398 ; gain = 30.242
INFO: [Opt 31-662] Phase BUFG optimization created 2 cells of which 2 are BUFGs and removed 0 cells.

Phase 6 Shift Register Optimization
INFO: [Opt 31-1064] SRL Remap converted 0 SRLs to 0 registers and converted 0 registers of register chains to 0 SRLs
Phase 6 Shift Register Optimization | Checksum: 21f79a1f4

Time (s): cpu = 00:00:03 ; elapsed = 00:00:18 . Memory (MB): peak = 2326.398 ; gain = 30.242
INFO: [Opt 31-389] Phase Shift Register Optimization created 1 cells and removed 3 cells

Phase 7 Post Processing Netlist
Phase 7 Post Processing Netlist | Checksum: 15ddf4faa

Time (s): cpu = 00:00:03 ; elapsed = 00:00:18 . Memory (MB): peak = 2326.398 ; gain = 30.242
INFO: [Opt 31-389] Phase Post Processing Netlist created 0 cells and removed 0 cells
INFO: [Opt 31-1021] In phase Post Processing Netlist, 213 netlist objects are constrained preventing optimization. Please run opt_design with -debug_log to get more detail. 
Opt_design Change Summary
=========================


-------------------------------------------------------------------------------------------------------------------------
|  Phase                        |  #Cells created  |  #Cells Removed  |  #Constrained objects preventing optimizations  |
-------------------------------------------------------------------------------------------------------------------------
|  Retarget                     |             361  |            1401  |                                            300  |
|  Constant propagation         |             307  |            1168  |                                            215  |
|  Sweep                        |               0  |            4160  |                                           3089  |
|  BUFG optimization            |               2  |               0  |                                              0  |
|  Shift Register Optimization  |               1  |               3  |                                              0  |
|  Post Processing Netlist      |               0  |               0  |                                            213  |
-------------------------------------------------------------------------------------------------------------------------



Starting Connectivity Check Task

Time (s): cpu = 00:00:00 ; elapsed = 00:00:00.029 . Memory (MB): peak = 2326.398 ; gain = 0.000
Ending Logic Optimization Task | Checksum: 17ad58815

Time (s): cpu = 00:00:03 ; elapsed = 00:00:18 . Memory (MB): peak = 2326.398 ; gain = 30.242

Starting Power Optimization Task
INFO: [Pwropt 34-132] Skipping clock gating for clocks with a period < 2.00 ns.
INFO: [Timing 38-35] Done setting XDC timing constraints.
INFO: [Pwropt 34-9] Applying IDT optimizations ...
INFO: [Pwropt 34-10] Applying ODC optimizations ...
Running Vector-less Activity Propagation...

Finished Running Vector-less Activity Propagation


Starting PowerOpt Patch Enables Task
INFO: [Pwropt 34-162] WRITE_MODE attribute of 3 BRAM(s) out of a total of 28 has been updated to save power. Run report_power_opt to get a complete listing of the BRAMs updated.
INFO: [Pwropt 34-201] Structural ODC has moved 0 WE to EN ports
Number of BRAM Ports augmented: 26 newly gated: 0 Total Ports: 56
Number of Flops added for Enable Generation: 2

Ending PowerOpt Patch Enables Task | Checksum: 24715d290

Time (s): cpu = 00:00:00 ; elapsed = 00:00:00.130 . Memory (MB): peak = 2697.484 ; gain = 0.000
Ending Power Optimization Task | Checksum: 24715d290

Time (s): cpu = 00:00:03 ; elapsed = 00:00:04 . Memory (MB): peak = 2697.484 ; gain = 371.086

Starting Final Cleanup Task

Starting Logic Optimization Task
INFO: [Timing 38-35] Done setting XDC timing constraints.
Ending Logic Optimization Task | Checksum: 15c100bd9

Time (s): cpu = 00:00:01 ; elapsed = 00:00:01 . Memory (MB): peak = 2697.484 ; gain = 0.000
Ending Final Cleanup Task | Checksum: 15c100bd9

Time (s): cpu = 00:00:02 ; elapsed = 00:00:03 . Memory (MB): peak = 2697.484 ; gain = 0.000

Starting Netlist Obfuscation Task
Netlist sorting complete. Time (s): cpu = 00:00:00 ; elapsed = 00:00:00.011 . Memory (MB): peak = 2697.484 ; gain = 0.000
Ending Netlist Obfuscation Task | Checksum: 15c100bd9

Time (s): cpu = 00:00:00 ; elapsed = 00:00:00.015 . Memory (MB): peak = 2697.484 ; gain = 0.000
INFO: [Common 17-83] Releasing license: Implementation
95 Infos, 64 Warnings, 101 Critical Warnings and 0 Errors encountered.
opt_design completed successfully
opt_design: Time (s): cpu = 00:00:09 ; elapsed = 00:00:28 . Memory (MB): peak = 2697.484 ; gain = 736.289
INFO: [Common 17-600] The following parameters have non-default value.
tcl.collectionResultDisplayLimit
INFO: [runtcl-4] Executing : report_drc -file top_wrapper_drc_opted.rpt -pb top_wrapper_drc_opted.pb -rpx top_wrapper_drc_opted.rpx
Command: report_drc -file top_wrapper_drc_opted.rpt -pb top_wrapper_drc_opted.pb -rpx top_wrapper_drc_opted.rpx
INFO: [IP_Flow 19-1839] IP Catalog is up to date.
INFO: [DRC 23-27] Running DRC with 2 threads
INFO: [Vivado_Tcl 2-168] The results of DRC are in file C:/FPGA/NanoVTX/NanoVTX.runs/impl_1/top_wrapper_drc_opted.rpt.
report_drc completed successfully
INFO: [Timing 38-35] Done setting XDC timing constraints.
INFO: [Timing 38-480] Writing timing data to binary archive.
Writing XDEF routing.
Writing XDEF routing logical nets.
Writing XDEF routing special nets.
Write XDEF Complete: Time (s): cpu = 00:00:00 ; elapsed = 00:00:00.067 . Memory (MB): peak = 2697.484 ; gain = 0.000
INFO: [Common 17-1381] The checkpoint 'C:/FPGA/NanoVTX/NanoVTX.runs/impl_1/top_wrapper_opt.dcp' has been generated.
INFO: [Chipscope 16-240] Debug cores have already been implemented
Command: place_design
Attempting to get a license for feature 'Implementation' and/or device 'xc7z010'
INFO: [Common 17-349] Got license for feature 'Implementation' and/or device 'xc7z010'
INFO: [DRC 23-27] Running DRC with 2 threads
INFO: [Vivado_Tcl 4-198] DRC finished with 0 Errors
INFO: [Vivado_Tcl 4-199] Please refer to the DRC report (report_drc) for more information.
Running DRC as a precondition to command place_design
INFO: [DRC 23-27] Running DRC with 2 threads
INFO: [Vivado_Tcl 4-198] DRC finished with 0 Errors
INFO: [Vivado_Tcl 4-199] Please refer to the DRC report (report_drc) for more information.

Starting Placer Task
INFO: [Place 30-611] Multithreading enabled for place_design using a maximum of 2 CPUs

Phase 1 Placer Initialization

Phase 1.1 Placer Initialization Netlist Sorting
Netlist sorting complete. Time (s): cpu = 00:00:00 ; elapsed = 00:00:00.013 . Memory (MB): peak = 2697.484 ; gain = 0.000
Phase 1.1 Placer Initialization Netlist Sorting | Checksum: 13460a92c

Time (s): cpu = 00:00:00 ; elapsed = 00:00:00.022 . Memory (MB): peak = 2697.484 ; gain = 0.000
Netlist sorting complete. Time (s): cpu = 00:00:00 ; elapsed = 00:00:00.011 . Memory (MB): peak = 2697.484 ; gain = 0.000

Phase 1.2 IO Placement/ Clock Placement/ Build Placer Device
Phase 1.2 IO Placement/ Clock Placement/ Build Placer Device | Checksum: eefda84c

Time (s): cpu = 00:00:01 ; elapsed = 00:00:01 . Memory (MB): peak = 2697.484 ; gain = 0.000

Phase 1.3 Build Placer Netlist Model
Phase 1.3 Build Placer Netlist Model | Checksum: 19eb4e33a

Time (s): cpu = 00:00:02 ; elapsed = 00:00:04 . Memory (MB): peak = 2697.484 ; gain = 0.000

Phase 1.4 Constrain Clocks/Macros
Phase 1.4 Constrain Clocks/Macros | Checksum: 19eb4e33a

Time (s): cpu = 00:00:02 ; elapsed = 00:00:04 . Memory (MB): peak = 2697.484 ; gain = 0.000
Phase 1 Placer Initialization | Checksum: 19eb4e33a

Time (s): cpu = 00:00:02 ; elapsed = 00:00:04 . Memory (MB): peak = 2697.484 ; gain = 0.000

Phase 2 Global Placement

Phase 2.1 Floorplanning
Phase 2.1 Floorplanning | Checksum: 16500cc85

Time (s): cpu = 00:00:02 ; elapsed = 00:00:04 . Memory (MB): peak = 2697.484 ; gain = 0.000

Phase 2.2 Update Timing before SLR Path Opt
Phase 2.2 Update Timing before SLR Path Opt | Checksum: 13b286d55

Time (s): cpu = 00:00:03 ; elapsed = 00:00:05 . Memory (MB): peak = 2697.484 ; gain = 0.000

Phase 2.3 Post-Processing in Floorplanning
Phase 2.3 Post-Processing in Floorplanning | Checksum: 13b286d55

Time (s): cpu = 00:00:03 ; elapsed = 00:00:05 . Memory (MB): peak = 2697.484 ; gain = 0.000

Phase 2.4 Global Placement Core

Phase 2.4.1 UpdateTiming Before Physical Synthesis
Phase 2.4.1 UpdateTiming Before Physical Synthesis | Checksum: f4797b84

Time (s): cpu = 00:00:08 ; elapsed = 00:00:11 . Memory (MB): peak = 2697.484 ; gain = 0.000

Phase 2.4.2 Physical Synthesis In Placer
INFO: [Physopt 32-1035] Found 0 LUTNM shape to break, 824 LUT instances to create LUTNM shape
INFO: [Physopt 32-1044] Break lutnm for timing: one critical 0, two critical 0, total 0, new lutff created 0
INFO: [Physopt 32-1138] End 1 Pass. Optimized 331 nets or LUTs. Breaked 0 LUT, combined 331 existing LUTs and moved 0 existing LUT
INFO: [Physopt 32-65] No nets found for high-fanout optimization.
INFO: [Physopt 32-232] Optimized 0 net. Created 0 new instance.
INFO: [Physopt 32-775] End 1 Pass. Optimized 0 net or cell. Created 0 new cell, deleted 0 existing cell and moved 0 existing cell
INFO: [Physopt 32-670] No setup violation found.  DSP Register Optimization was not performed.
INFO: [Physopt 32-670] No setup violation found.  Shift Register to Pipeline Optimization was not performed.
INFO: [Physopt 32-670] No setup violation found.  Shift Register Optimization was not performed.
INFO: [Physopt 32-670] No setup violation found.  BRAM Register Optimization was not performed.
INFO: [Physopt 32-670] No setup violation found.  URAM Register Optimization was not performed.
INFO: [Physopt 32-949] No candidate nets found for dynamic/static region interface net replication
INFO: [Physopt 32-775] End 1 Pass. Optimized 0 net or cell. Created 0 new cell, deleted 0 existing cell and moved 0 existing cell
Netlist sorting complete. Time (s): cpu = 00:00:00 ; elapsed = 00:00:00.013 . Memory (MB): peak = 2697.484 ; gain = 0.000

Summary of Physical Synthesis Optimizations
============================================


-----------------------------------------------------------------------------------------------------------------------------------------------------------
|  Optimization                                     |  Added Cells  |  Removed Cells  |  Optimized Cells/Nets  |  Dont Touch  |  Iterations  |  Elapsed   |
-----------------------------------------------------------------------------------------------------------------------------------------------------------
|  LUT Combining                                    |            0  |            331  |                   331  |           0  |           1  |  00:00:00  |
|  Retime                                           |            0  |              0  |                     0  |           0  |           1  |  00:00:00  |
|  Very High Fanout                                 |            0  |              0  |                     0  |           0  |           1  |  00:00:00  |
|  DSP Register                                     |            0  |              0  |                     0  |           0  |           0  |  00:00:00  |
|  Shift Register to Pipeline                       |            0  |              0  |                     0  |           0  |           0  |  00:00:00  |
|  Shift Register                                   |            0  |              0  |                     0  |           0  |           0  |  00:00:00  |
|  BRAM Register                                    |            0  |              0  |                     0  |           0  |           0  |  00:00:00  |
|  URAM Register                                    |            0  |              0  |                     0  |           0  |           0  |  00:00:00  |
|  Dynamic/Static Region Interface Net Replication  |            0  |              0  |                     0  |           0  |           1  |  00:00:00  |
|  Total                                            |            0  |            331  |                   331  |           0  |           4  |  00:00:00  |
-----------------------------------------------------------------------------------------------------------------------------------------------------------


Phase 2.4.2 Physical Synthesis In Placer | Checksum: c5a5e57d

Time (s): cpu = 00:00:08 ; elapsed = 00:00:12 . Memory (MB): peak = 2697.484 ; gain = 0.000
Phase 2.4 Global Placement Core | Checksum: 14003a411

Time (s): cpu = 00:00:08 ; elapsed = 00:00:12 . Memory (MB): peak = 2697.484 ; gain = 0.000
Phase 2 Global Placement | Checksum: 14003a411

Time (s): cpu = 00:00:08 ; elapsed = 00:00:12 . Memory (MB): peak = 2697.484 ; gain = 0.000

Phase 3 Detail Placement

Phase 3.1 Commit Multi Column Macros
Phase 3.1 Commit Multi Column Macros | Checksum: 10f892f37

Time (s): cpu = 00:00:08 ; elapsed = 00:00:13 . Memory (MB): peak = 2697.484 ; gain = 0.000

Phase 3.2 Commit Most Macros & LUTRAMs
Phase 3.2 Commit Most Macros & LUTRAMs | Checksum: 1145d6358

Time (s): cpu = 00:00:09 ; elapsed = 00:00:14 . Memory (MB): peak = 2697.484 ; gain = 0.000

Phase 3.3 Area Swap Optimization
Phase 3.3 Area Swap Optimization | Checksum: e0a32e9b

Time (s): cpu = 00:00:09 ; elapsed = 00:00:15 . Memory (MB): peak = 2697.484 ; gain = 0.000

Phase 3.4 Pipeline Register Optimization
Phase 3.4 Pipeline Register Optimization | Checksum: b8e221cf

Time (s): cpu = 00:00:09 ; elapsed = 00:00:15 . Memory (MB): peak = 2697.484 ; gain = 0.000

Phase 3.5 Small Shape Detail Placement
Phase 3.5 Small Shape Detail Placement | Checksum: 9ffce46c

Time (s): cpu = 00:00:11 ; elapsed = 00:00:20 . Memory (MB): peak = 2697.484 ; gain = 0.000

Phase 3.6 Re-assign LUT pins
Phase 3.6 Re-assign LUT pins | Checksum: 17a59b06a

Time (s): cpu = 00:00:11 ; elapsed = 00:00:20 . Memory (MB): peak = 2697.484 ; gain = 0.000

Phase 3.7 Pipeline Register Optimization
Phase 3.7 Pipeline Register Optimization | Checksum: 15c147686

Time (s): cpu = 00:00:11 ; elapsed = 00:00:20 . Memory (MB): peak = 2697.484 ; gain = 0.000
Phase 3 Detail Placement | Checksum: 15c147686

Time (s): cpu = 00:00:11 ; elapsed = 00:00:20 . Memory (MB): peak = 2697.484 ; gain = 0.000

Phase 4 Post Placement Optimization and Clean-Up

Phase 4.1 Post Commit Optimization
INFO: [Timing 38-35] Done setting XDC timing constraints.

Phase 4.1.1 Post Placement Optimization
Post Placement Optimization Initialization | Checksum: b8f7829d

Phase 4.1.1.1 BUFG Insertion

Starting Physical Synthesis Task

Phase 1 Physical Synthesis Initialization
INFO: [Physopt 32-721] Multithreading enabled for phys_opt_design using a maximum of 2 CPUs
INFO: [Physopt 32-619] Estimated Timing Summary | WNS=0.363 | TNS=0.000 |
Phase 1 Physical Synthesis Initialization | Checksum: 90d7b9d4

Time (s): cpu = 00:00:00 ; elapsed = 00:00:00.705 . Memory (MB): peak = 2697.484 ; gain = 0.000
INFO: [Place 46-33] Processed net top_i/xfft_1/U0/i_synth/axi_wrapper/ce_w2c, BUFG insertion was skipped due to placement/routing conflicts.
INFO: [Place 46-56] BUFG insertion identified 1 candidate nets. Inserted BUFG: 0, Replicated BUFG Driver: 0, Skipped due to Placement/Routing Conflicts: 1, Skipped due to Timing Degradation: 0, Skipped due to netlist editing failed: 0.
Ending Physical Synthesis Task | Checksum: 90d7b9d4

Time (s): cpu = 00:00:01 ; elapsed = 00:00:01 . Memory (MB): peak = 2697.484 ; gain = 0.000
Phase 4.1.1.1 BUFG Insertion | Checksum: b8f7829d

Time (s): cpu = 00:00:14 ; elapsed = 00:00:25 . Memory (MB): peak = 2697.484 ; gain = 0.000

Phase 4.1.1.2 Post Placement Timing Optimization
INFO: [Place 30-746] Post Placement Timing Summary WNS=0.544. For the most accurate timing information please run report_timing.
Phase 4.1.1.2 Post Placement Timing Optimization | Checksum: 2b4a78cc

Time (s): cpu = 00:00:14 ; elapsed = 00:00:25 . Memory (MB): peak = 2697.484 ; gain = 0.000

Time (s): cpu = 00:00:14 ; elapsed = 00:00:25 . Memory (MB): peak = 2697.484 ; gain = 0.000
Phase 4.1 Post Commit Optimization | Checksum: 2b4a78cc

Time (s): cpu = 00:00:14 ; elapsed = 00:00:25 . Memory (MB): peak = 2697.484 ; gain = 0.000

Phase 4.2 Post Placement Cleanup
Phase 4.2 Post Placement Cleanup | Checksum: 2b4a78cc

Time (s): cpu = 00:00:14 ; elapsed = 00:00:25 . Memory (MB): peak = 2697.484 ; gain = 0.000

Phase 4.3 Placer Reporting

Phase 4.3.1 Print Estimated Congestion
INFO: [Place 30-612] Post-Placement Estimated Congestion 
 ____________________________________________________
|           | Global Congestion | Short Congestion  |
| Direction | Region Size       | Region Size       |
|___________|___________________|___________________|
|      North|                1x1|                2x2|
|___________|___________________|___________________|
|      South|                1x1|                4x4|
|___________|___________________|___________________|
|       East|                1x1|                1x1|
|___________|___________________|___________________|
|       West|                1x1|                2x2|
|___________|___________________|___________________|

Phase 4.3.1 Print Estimated Congestion | Checksum: 2b4a78cc

Time (s): cpu = 00:00:14 ; elapsed = 00:00:25 . Memory (MB): peak = 2697.484 ; gain = 0.000
Phase 4.3 Placer Reporting | Checksum: 2b4a78cc

Time (s): cpu = 00:00:14 ; elapsed = 00:00:26 . Memory (MB): peak = 2697.484 ; gain = 0.000

Phase 4.4 Final Placement Cleanup
Netlist sorting complete. Time (s): cpu = 00:00:00 ; elapsed = 00:00:00.013 . Memory (MB): peak = 2697.484 ; gain = 0.000

Time (s): cpu = 00:00:14 ; elapsed = 00:00:26 . Memory (MB): peak = 2697.484 ; gain = 0.000
Phase 4 Post Placement Optimization and Clean-Up | Checksum: c93df28e

Time (s): cpu = 00:00:14 ; elapsed = 00:00:26 . Memory (MB): peak = 2697.484 ; gain = 0.000
Ending Placer Task | Checksum: bc2b63ea

Time (s): cpu = 00:00:14 ; elapsed = 00:00:26 . Memory (MB): peak = 2697.484 ; gain = 0.000
INFO: [Common 17-83] Releasing license: Implementation
133 Infos, 64 Warnings, 101 Critical Warnings and 0 Errors encountered.
place_design completed successfully
place_design: Time (s): cpu = 00:00:14 ; elapsed = 00:00:26 . Memory (MB): peak = 2697.484 ; gain = 0.000
INFO: [runtcl-4] Executing : report_io -file top_wrapper_io_placed.rpt
report_io: Time (s): cpu = 00:00:00 ; elapsed = 00:00:00.039 . Memory (MB): peak = 2697.484 ; gain = 0.000
INFO: [runtcl-4] Executing : report_utilization -file top_wrapper_utilization_placed.rpt -pb top_wrapper_utilization_placed.pb
INFO: [runtcl-4] Executing : report_control_sets -verbose -file top_wrapper_control_sets_placed.rpt
report_control_sets: Time (s): cpu = 00:00:00 ; elapsed = 00:00:00.061 . Memory (MB): peak = 2697.484 ; gain = 0.000
INFO: [Timing 38-480] Writing timing data to binary archive.
Writing XDEF routing.
Writing XDEF routing logical nets.
Writing XDEF routing special nets.
Write XDEF Complete: Time (s): cpu = 00:00:02 ; elapsed = 00:00:02 . Memory (MB): peak = 2697.484 ; gain = 0.000
INFO: [Common 17-1381] The checkpoint 'C:/FPGA/NanoVTX/NanoVTX.runs/impl_1/top_wrapper_placed.dcp' has been generated.
write_checkpoint: Time (s): cpu = 00:00:04 ; elapsed = 00:00:05 . Memory (MB): peak = 2697.484 ; gain = 0.000
Command: phys_opt_design
Attempting to get a license for feature 'Implementation' and/or device 'xc7z010'
INFO: [Common 17-349] Got license for feature 'Implementation' and/or device 'xc7z010'

Starting Initial Update Timing Task

Time (s): cpu = 00:00:02 ; elapsed = 00:00:02 . Memory (MB): peak = 2697.484 ; gain = 0.000
INFO: [Vivado_Tcl 4-383] Design worst setup slack (WNS) is greater than or equal to 0.000 ns. Skipping all physical synthesis optimizations.
INFO: [Vivado_Tcl 4-232] No setup violation found. The netlist was not modified.
INFO: [Common 17-83] Releasing license: Implementation
142 Infos, 64 Warnings, 101 Critical Warnings and 0 Errors encountered.
phys_opt_design completed successfully
INFO: [Timing 38-480] Writing timing data to binary archive.
Writing XDEF routing.
Writing XDEF routing logical nets.
Writing XDEF routing special nets.
Write XDEF Complete: Time (s): cpu = 00:00:01 ; elapsed = 00:00:02 . Memory (MB): peak = 2697.484 ; gain = 0.000
INFO: [Common 17-1381] The checkpoint 'C:/FPGA/NanoVTX/NanoVTX.runs/impl_1/top_wrapper_physopt.dcp' has been generated.
Command: route_design
Attempting to get a license for feature 'Implementation' and/or device 'xc7z010'
INFO: [Common 17-349] Got license for feature 'Implementation' and/or device 'xc7z010'
Running DRC as a precondition to command route_design
INFO: [DRC 23-27] Running DRC with 2 threads
INFO: [Vivado_Tcl 4-198] DRC finished with 0 Errors
INFO: [Vivado_Tcl 4-199] Please refer to the DRC report (report_drc) for more information.


Starting Routing Task
INFO: [Route 35-254] Multithreading enabled for route_design using a maximum of 2 CPUs

Phase 1 Build RT Design
Checksum: PlaceDB: f3f917 ConstDB: 0 ShapeSum: bb376ad3 RouteDB: 0
Post Restoration Checksum: NetGraph: f7e10040 | NumContArr: c1dba0ac | Constraints: 190a55ad | Timing: 0
Phase 1 Build RT Design | Checksum: 1d2c6f699

Time (s): cpu = 00:00:02 ; elapsed = 00:00:08 . Memory (MB): peak = 2711.586 ; gain = 14.102

Phase 2 Router Initialization

Phase 2.1 Fix Topology Constraints
Phase 2.1 Fix Topology Constraints | Checksum: 1d2c6f699

Time (s): cpu = 00:00:02 ; elapsed = 00:00:08 . Memory (MB): peak = 2711.586 ; gain = 14.102

Phase 2.2 Pre Route Cleanup
Phase 2.2 Pre Route Cleanup | Checksum: 1d2c6f699

Time (s): cpu = 00:00:02 ; elapsed = 00:00:08 . Memory (MB): peak = 2711.586 ; gain = 14.102
 Number of Nodes with overlaps = 0

Phase 2.3 Update Timing
Phase 2.3 Update Timing | Checksum: 23b1c6d99

Time (s): cpu = 00:00:04 ; elapsed = 00:00:12 . Memory (MB): peak = 2727.238 ; gain = 29.754
INFO: [Route 35-416] Intermediate Timing Summary | WNS=0.540  | TNS=0.000  | WHS=-0.372 | THS=-891.801|


Phase 2.4 Update Timing for Bus Skew

Phase 2.4.1 Update Timing
Phase 2.4.1 Update Timing | Checksum: 1bd150cd0

Time (s): cpu = 00:00:05 ; elapsed = 00:00:14 . Memory (MB): peak = 2794.371 ; gain = 96.887
INFO: [Route 35-416] Intermediate Timing Summary | WNS=0.540  | TNS=0.000  | WHS=N/A    | THS=N/A    |

Phase 2.4 Update Timing for Bus Skew | Checksum: 22124a16f

Time (s): cpu = 00:00:05 ; elapsed = 00:00:14 . Memory (MB): peak = 2802.457 ; gain = 104.973

Router Utilization Summary
  Global Vertical Routing Utilization    = 0 %
  Global Horizontal Routing Utilization  = 0 %
  Routable Net Status*
  *Does not include unroutable nets such as driverless and loadless.
  Run report_route_status for detailed report.
  Number of Failed Nets               = 28533
    (Failed Nets is the sum of unrouted and partially routed nets)
  Number of Unrouted Nets             = 28533
  Number of Partially Routed Nets     = 0
  Number of Node Overlaps             = 0

Phase 2 Router Initialization | Checksum: 23cf94c15

Time (s): cpu = 00:00:05 ; elapsed = 00:00:14 . Memory (MB): peak = 2802.457 ; gain = 104.973

Phase 3 Initial Routing

Phase 3.1 Global Routing
Phase 3.1 Global Routing | Checksum: 23cf94c15

Time (s): cpu = 00:00:05 ; elapsed = 00:00:14 . Memory (MB): peak = 2802.457 ; gain = 104.973
Phase 3 Initial Routing | Checksum: 13ccd788f

Time (s): cpu = 00:00:06 ; elapsed = 00:00:16 . Memory (MB): peak = 2802.457 ; gain = 104.973

Phase 4 Rip-up And Reroute

Phase 4.1 Global Iteration 0
 Number of Nodes with overlaps = 2231
 Number of Nodes with overlaps = 116
 Number of Nodes with overlaps = 31
 Number of Nodes with overlaps = 2
 Number of Nodes with overlaps = 0
INFO: [Route 35-416] Intermediate Timing Summary | WNS=0.373  | TNS=0.000  | WHS=N/A    | THS=N/A    |

Phase 4.1 Global Iteration 0 | Checksum: 1090d5a1d

Time (s): cpu = 00:00:08 ; elapsed = 00:00:21 . Memory (MB): peak = 2802.457 ; gain = 104.973
Phase 4 Rip-up And Reroute | Checksum: 1090d5a1d

Time (s): cpu = 00:00:08 ; elapsed = 00:00:21 . Memory (MB): peak = 2802.457 ; gain = 104.973

Phase 5 Delay and Skew Optimization

Phase 5.1 Delay CleanUp

Phase 5.1.1 Update Timing
Phase 5.1.1 Update Timing | Checksum: 1ae853322

Time (s): cpu = 00:00:09 ; elapsed = 00:00:22 . Memory (MB): peak = 2802.457 ; gain = 104.973
INFO: [Route 35-416] Intermediate Timing Summary | WNS=0.470  | TNS=0.000  | WHS=N/A    | THS=N/A    |

Phase 5.1 Delay CleanUp | Checksum: ea1b9a21

Time (s): cpu = 00:00:09 ; elapsed = 00:00:22 . Memory (MB): peak = 2802.457 ; gain = 104.973

Phase 5.2 Clock Skew Optimization
Phase 5.2 Clock Skew Optimization | Checksum: ea1b9a21

Time (s): cpu = 00:00:09 ; elapsed = 00:00:22 . Memory (MB): peak = 2802.457 ; gain = 104.973
Phase 5 Delay and Skew Optimization | Checksum: ea1b9a21

Time (s): cpu = 00:00:09 ; elapsed = 00:00:22 . Memory (MB): peak = 2802.457 ; gain = 104.973

Phase 6 Post Hold Fix

Phase 6.1 Hold Fix Iter

Phase 6.1.1 Update Timing
Phase 6.1.1 Update Timing | Checksum: 1b709febc

Time (s): cpu = 00:00:09 ; elapsed = 00:00:23 . Memory (MB): peak = 2802.457 ; gain = 104.973
INFO: [Route 35-416] Intermediate Timing Summary | WNS=0.470  | TNS=0.000  | WHS=0.031  | THS=0.000  |

Phase 6.1 Hold Fix Iter | Checksum: 13af0d126

Time (s): cpu = 00:00:09 ; elapsed = 00:00:23 . Memory (MB): peak = 2802.457 ; gain = 104.973
Phase 6 Post Hold Fix | Checksum: 13af0d126

Time (s): cpu = 00:00:09 ; elapsed = 00:00:23 . Memory (MB): peak = 2802.457 ; gain = 104.973

Phase 7 Route finalize

Router Utilization Summary
  Global Vertical Routing Utilization    = 14.9524 %
  Global Horizontal Routing Utilization  = 18.679 %
  Routable Net Status*
  *Does not include unroutable nets such as driverless and loadless.
  Run report_route_status for detailed report.
  Number of Failed Nets               = 0
    (Failed Nets is the sum of unrouted and partially routed nets)
  Number of Unrouted Nets             = 0
  Number of Partially Routed Nets     = 0
  Number of Node Overlaps             = 0

Phase 7 Route finalize | Checksum: 14186fc7e

Time (s): cpu = 00:00:09 ; elapsed = 00:00:23 . Memory (MB): peak = 2802.457 ; gain = 104.973

Phase 8 Verifying routed nets

 Verification completed successfully
Phase 8 Verifying routed nets | Checksum: 14186fc7e

Time (s): cpu = 00:00:09 ; elapsed = 00:00:23 . Memory (MB): peak = 2802.457 ; gain = 104.973

Phase 9 Depositing Routes
Phase 9 Depositing Routes | Checksum: 1548d443e

Time (s): cpu = 00:00:09 ; elapsed = 00:00:24 . Memory (MB): peak = 2802.457 ; gain = 104.973

Phase 10 Post Router Timing
INFO: [Route 35-57] Estimated Timing Summary | WNS=0.470  | TNS=0.000  | WHS=0.031  | THS=0.000  |

INFO: [Route 35-327] The final timing numbers are based on the router estimated timing analysis. For a complete and accurate timing signoff, please run report_timing_summary.
Phase 10 Post Router Timing | Checksum: 1548d443e

Time (s): cpu = 00:00:09 ; elapsed = 00:00:25 . Memory (MB): peak = 2802.457 ; gain = 104.973
INFO: [Route 35-16] Router Completed Successfully

Phase 11 Post-Route Event Processing
Phase 11 Post-Route Event Processing | Checksum: 1b1d7f1cf

Time (s): cpu = 00:00:09 ; elapsed = 00:00:25 . Memory (MB): peak = 2802.457 ; gain = 104.973

Time (s): cpu = 00:00:09 ; elapsed = 00:00:25 . Memory (MB): peak = 2802.457 ; gain = 104.973

Routing Is Done.
INFO: [Common 17-83] Releasing license: Implementation
158 Infos, 64 Warnings, 101 Critical Warnings and 0 Errors encountered.
route_design completed successfully
route_design: Time (s): cpu = 00:00:10 ; elapsed = 00:00:26 . Memory (MB): peak = 2802.457 ; gain = 104.973
INFO: [runtcl-4] Executing : report_drc -file top_wrapper_drc_routed.rpt -pb top_wrapper_drc_routed.pb -rpx top_wrapper_drc_routed.rpx
Command: report_drc -file top_wrapper_drc_routed.rpt -pb top_wrapper_drc_routed.pb -rpx top_wrapper_drc_routed.rpx
INFO: [IP_Flow 19-1839] IP Catalog is up to date.
INFO: [DRC 23-27] Running DRC with 2 threads
INFO: [Vivado_Tcl 2-168] The results of DRC are in file C:/FPGA/NanoVTX/NanoVTX.runs/impl_1/top_wrapper_drc_routed.rpt.
report_drc completed successfully
INFO: [runtcl-4] Executing : report_methodology -file top_wrapper_methodology_drc_routed.rpt -pb top_wrapper_methodology_drc_routed.pb -rpx top_wrapper_methodology_drc_routed.rpx
Command: report_methodology -file top_wrapper_methodology_drc_routed.rpt -pb top_wrapper_methodology_drc_routed.pb -rpx top_wrapper_methodology_drc_routed.rpx
INFO: [Timing 38-35] Done setting XDC timing constraints.
INFO: [DRC 23-133] Running Methodology with 2 threads
INFO: [Vivado_Tcl 2-1520] The results of Report Methodology are in file C:/FPGA/NanoVTX/NanoVTX.runs/impl_1/top_wrapper_methodology_drc_routed.rpt.
report_methodology completed successfully
INFO: [runtcl-4] Executing : report_power -file top_wrapper_power_routed.rpt -pb top_wrapper_power_summary_routed.pb -rpx top_wrapper_power_routed.rpx
Command: report_power -file top_wrapper_power_routed.rpt -pb top_wrapper_power_summary_routed.pb -rpx top_wrapper_power_routed.rpx
INFO: [Timing 38-35] Done setting XDC timing constraints.
Running Vector-less Activity Propagation...

Finished Running Vector-less Activity Propagation
WARNING: [Power 33-332] Found switching activity that implies high-fanout reset nets being asserted for excessive periods of time which may result in inaccurate power analysis.
Resolution: To review and fix problems, please run Power Constraints Advisor in the GUI from Tools > Power Constraints Advisor or run report_power with the -advisory option to generate a text report.
168 Infos, 65 Warnings, 101 Critical Warnings and 0 Errors encountered.
report_power completed successfully
INFO: [runtcl-4] Executing : report_route_status -file top_wrapper_route_status.rpt -pb top_wrapper_route_status.pb
INFO: [runtcl-4] Executing : report_timing_summary -max_paths 10 -report_unconstrained -file top_wrapper_timing_summary_routed.rpt -pb top_wrapper_timing_summary_routed.pb -rpx top_wrapper_timing_summary_routed.rpx -warn_on_violation 
INFO: [Timing 38-91] UpdateTimingParams: Speed grade: -2, Delay Type: min_max.
INFO: [Timing 38-191] Multithreading enabled for timing update using a maximum of 2 CPUs
WARNING: [Timing 38-436] There are set_bus_skew constraint(s) in this design. Please run report_bus_skew to ensure that bus skew requirements are met.
INFO: [runtcl-4] Executing : report_incremental_reuse -file top_wrapper_incremental_reuse_routed.rpt
INFO: [Vivado_Tcl 4-1062] Incremental flow is disabled. No incremental reuse Info to report.
INFO: [runtcl-4] Executing : report_clock_utilization -file top_wrapper_clock_utilization_routed.rpt
INFO: [runtcl-4] Executing : report_bus_skew -warn_on_violation -file top_wrapper_bus_skew_routed.rpt -pb top_wrapper_bus_skew_routed.pb -rpx top_wrapper_bus_skew_routed.rpx
INFO: [Timing 38-91] UpdateTimingParams: Speed grade: -2, Delay Type: min_max.
INFO: [Timing 38-191] Multithreading enabled for timing update using a maximum of 2 CPUs
INFO: [Timing 38-480] Writing timing data to binary archive.
Writing XDEF routing.
Writing XDEF routing logical nets.
Writing XDEF routing special nets.
Write XDEF Complete: Time (s): cpu = 00:00:02 ; elapsed = 00:00:02 . Memory (MB): peak = 2966.512 ; gain = 28.941
INFO: [Common 17-1381] The checkpoint 'C:/FPGA/NanoVTX/NanoVTX.runs/impl_1/top_wrapper_routed.dcp' has been generated.
INFO: [Memdata 28-167] Found XPM memory block top_i/mipi_csi2_rx_subsyst_0/inst/rx/inst/gen_pkt_fifo/pkt_fifo/gnuram_async_fifo.xpm_fifo_base_inst/gen_sdpram.xpm_memory_base_inst with a P_MEMORY_PRIMITIVE property set to distributed. A value of block is required. You will not be able to use the updatemem program to update the bitstream with new data for the top_i/mipi_csi2_rx_subsyst_0/inst/rx/inst/gen_pkt_fifo/pkt_fifo/gnuram_async_fifo.xpm_fifo_base_inst/gen_sdpram.xpm_memory_base_inst block.
INFO: [Memdata 28-208] The XPM instance: <top_i/mipi_csi2_rx_subsyst_0/inst/rx/inst/RX_1500M.line_buffer/line_buf/xpm_fifo_base_inst/gen_sdpram.xpm_memory_base_inst> is part of IP: <top_i/mipi_csi2_rx_subsyst_0/inst/rx>. This XPM instance will be excluded from the .mmi because updatemem is prohibited from making changes to an XPM that is part of an IP.
INFO: [Memdata 28-167] Found XPM memory block top_i/mipi_csi2_rx_subsyst_0/inst/rx/inst/LANE_2.ppi_fifo1/CSI_OPT3_OFF.ppi_fifo/xpm_fifo_base_inst/gen_sdpram.xpm_memory_base_inst with a P_MEMORY_PRIMITIVE property set to distributed. A value of block is required. You will not be able to use the updatemem program to update the bitstream with new data for the top_i/mipi_csi2_rx_subsyst_0/inst/rx/inst/LANE_2.ppi_fifo1/CSI_OPT3_OFF.ppi_fifo/xpm_fifo_base_inst/gen_sdpram.xpm_memory_base_inst block.
INFO: [Memdata 28-167] Found XPM memory block top_i/mipi_csi2_rx_subsyst_0/inst/rx/inst/LANE_1.ppi_fifo0/CSI_OPT3_OFF.ppi_fifo/xpm_fifo_base_inst/gen_sdpram.xpm_memory_base_inst with a P_MEMORY_PRIMITIVE property set to distributed. A value of block is required. You will not be able to use the updatemem program to update the bitstream with new data for the top_i/mipi_csi2_rx_subsyst_0/inst/rx/inst/LANE_1.ppi_fifo0/CSI_OPT3_OFF.ppi_fifo/xpm_fifo_base_inst/gen_sdpram.xpm_memory_base_inst block.
INFO: [Memdata 28-167] Found XPM memory block top_i/mipi_csi2_rx_subsyst_0/inst/rx/inst/AXI_LITE.reg_inf/gen_spkt_fifo/generic_pkt/gnuram_async_fifo.xpm_fifo_base_inst/gen_sdpram.xpm_memory_base_inst with a P_MEMORY_PRIMITIVE property set to distributed. A value of block is required. You will not be able to use the updatemem program to update the bitstream with new data for the top_i/mipi_csi2_rx_subsyst_0/inst/rx/inst/AXI_LITE.reg_inf/gen_spkt_fifo/generic_pkt/gnuram_async_fifo.xpm_fifo_base_inst/gen_sdpram.xpm_memory_base_inst block.
INFO: [Memdata 28-167] Found XPM memory block top_i/axi_dma_0/U0/I_PRMRY_DATAMOVER/GEN_S2MM_FULL.I_S2MM_FULL_WRAPPER/GEN_ENABLE_INDET_BTT_SF.I_INDET_BTT/I_XD_FIFO/NON_BLK_MEM.I_SYNC_FIFOGEN_FIFO/xpm_fifo_instance.xpm_fifo_sync_inst/xpm_fifo_base_inst/gen_sdpram.xpm_memory_base_inst with a P_MEMORY_PRIMITIVE property set to auto. A value of block is required. You will not be able to use the updatemem program to update the bitstream with new data for the top_i/axi_dma_0/U0/I_PRMRY_DATAMOVER/GEN_S2MM_FULL.I_S2MM_FULL_WRAPPER/GEN_ENABLE_INDET_BTT_SF.I_INDET_BTT/I_XD_FIFO/NON_BLK_MEM.I_SYNC_FIFOGEN_FIFO/xpm_fifo_instance.xpm_fifo_sync_inst/xpm_fifo_base_inst/gen_sdpram.xpm_memory_base_inst block.
INFO: [Memdata 28-208] The XPM instance: <top_i/axi_dma_0/U0/I_PRMRY_DATAMOVER/GEN_S2MM_FULL.I_S2MM_FULL_WRAPPER/GEN_ENABLE_INDET_BTT_SF.I_INDET_BTT/I_DATA_FIFO/BLK_MEM.I_SYNC_FIFOGEN_FIFO/xpm_fifo_instance.xpm_fifo_sync_inst/xpm_fifo_base_inst/gen_sdpram.xpm_memory_base_inst> is part of IP: <top_i/axi_dma_0>. This XPM instance will be excluded from the .mmi because updatemem is prohibited from making changes to an XPM that is part of an IP.
Command: write_bitstream -force top_wrapper.bit
Attempting to get a license for feature 'Implementation' and/or device 'xc7z010'
INFO: [Common 17-349] Got license for feature 'Implementation' and/or device 'xc7z010'
Running DRC as a precondition to command write_bitstream
INFO: [IP_Flow 19-1839] IP Catalog is up to date.
INFO: [DRC 23-27] Running DRC with 2 threads
WARNING: [DRC DPIP-1] Input pipelining: DSP top_i/output_mux_0/inst/prod1 input top_i/output_mux_0/inst/prod1/A[29:0] is not pipelined. Pipelining DSP48 input will improve performance.
WARNING: [DRC DPIP-1] Input pipelining: DSP top_i/output_mux_0/inst/prod1 input top_i/output_mux_0/inst/prod1/B[17:0] is not pipelined. Pipelining DSP48 input will improve performance.
WARNING: [DRC DPIP-1] Input pipelining: DSP top_i/output_mux_0/inst/prod1 input top_i/output_mux_0/inst/prod1/C[47:0] is not pipelined. Pipelining DSP48 input will improve performance.
WARNING: [DRC DPIP-1] Input pipelining: DSP top_i/output_mux_0/inst/prod10 input top_i/output_mux_0/inst/prod10/A[29:0] is not pipelined. Pipelining DSP48 input will improve performance.
WARNING: [DRC DPIP-1] Input pipelining: DSP top_i/output_mux_0/inst/prod10 input top_i/output_mux_0/inst/prod10/B[17:0] is not pipelined. Pipelining DSP48 input will improve performance.
WARNING: [DRC DPIP-1] Input pipelining: DSP top_i/output_mux_0/inst/prod2 input top_i/output_mux_0/inst/prod2/A[29:0] is not pipelined. Pipelining DSP48 input will improve performance.
WARNING: [DRC DPIP-1] Input pipelining: DSP top_i/output_mux_0/inst/prod2 input top_i/output_mux_0/inst/prod2/B[17:0] is not pipelined. Pipelining DSP48 input will improve performance.
WARNING: [DRC DPIP-1] Input pipelining: DSP top_i/output_mux_0/inst/prod2 input top_i/output_mux_0/inst/prod2/C[47:0] is not pipelined. Pipelining DSP48 input will improve performance.
WARNING: [DRC DPIP-1] Input pipelining: DSP top_i/output_mux_0/inst/prod20 input top_i/output_mux_0/inst/prod20/A[29:0] is not pipelined. Pipelining DSP48 input will improve performance.
WARNING: [DRC DPIP-1] Input pipelining: DSP top_i/output_mux_0/inst/prod20 input top_i/output_mux_0/inst/prod20/B[17:0] is not pipelined. Pipelining DSP48 input will improve performance.
WARNING: [DRC DPOP-1] PREG Output pipelining: DSP top_i/output_mux_0/inst/prod10 output top_i/output_mux_0/inst/prod10/P[47:0] is not pipelined (PREG=0). Pipelining the DSP48 output will improve performance and often saves power so it is suggested whenever possible to fully pipeline this function.  If this DSP48 function was inferred, it is suggested to describe an additional register stage after this function.  If the DSP48 was instantiated in the design, it is suggested to set the PREG attribute to 1.
WARNING: [DRC DPOP-1] PREG Output pipelining: DSP top_i/output_mux_0/inst/prod20 output top_i/output_mux_0/inst/prod20/P[47:0] is not pipelined (PREG=0). Pipelining the DSP48 output will improve performance and often saves power so it is suggested whenever possible to fully pipeline this function.  If this DSP48 function was inferred, it is suggested to describe an additional register stage after this function.  If the DSP48 was instantiated in the design, it is suggested to set the PREG attribute to 1.
WARNING: [DRC DPOP-2] MREG Output pipelining: DSP top_i/output_mux_0/inst/prod1 multiplier stage top_i/output_mux_0/inst/prod1/P[47:0] is not pipelined (MREG=0). Pipelining the multiplier function will improve performance and will save significant power so it is suggested whenever possible to fully pipeline this function.  If this multiplier was inferred, it is suggested to describe an additional register stage after this function.  If there is no registered adder/accumulator following the multiply function, two pipeline stages are suggested to allow both the MREG and PREG registers to be used.  If the DSP48 was instantiated in the design, it is suggested to set both the MREG and PREG attributes to 1 when performing multiply functions.
WARNING: [DRC DPOP-2] MREG Output pipelining: DSP top_i/output_mux_0/inst/prod10 multiplier stage top_i/output_mux_0/inst/prod10/P[47:0] is not pipelined (MREG=0). Pipelining the multiplier function will improve performance and will save significant power so it is suggested whenever possible to fully pipeline this function.  If this multiplier was inferred, it is suggested to describe an additional register stage after this function.  If there is no registered adder/accumulator following the multiply function, two pipeline stages are suggested to allow both the MREG and PREG registers to be used.  If the DSP48 was instantiated in the design, it is suggested to set both the MREG and PREG attributes to 1 when performing multiply functions.
WARNING: [DRC DPOP-2] MREG Output pipelining: DSP top_i/output_mux_0/inst/prod2 multiplier stage top_i/output_mux_0/inst/prod2/P[47:0] is not pipelined (MREG=0). Pipelining the multiplier function will improve performance and will save significant power so it is suggested whenever possible to fully pipeline this function.  If this multiplier was inferred, it is suggested to describe an additional register stage after this function.  If there is no registered adder/accumulator following the multiply function, two pipeline stages are suggested to allow both the MREG and PREG registers to be used.  If the DSP48 was instantiated in the design, it is suggested to set both the MREG and PREG attributes to 1 when performing multiply functions.
WARNING: [DRC DPOP-2] MREG Output pipelining: DSP top_i/output_mux_0/inst/prod20 multiplier stage top_i/output_mux_0/inst/prod20/P[47:0] is not pipelined (MREG=0). Pipelining the multiplier function will improve performance and will save significant power so it is suggested whenever possible to fully pipeline this function.  If this multiplier was inferred, it is suggested to describe an additional register stage after this function.  If there is no registered adder/accumulator following the multiply function, two pipeline stages are suggested to allow both the MREG and PREG registers to be used.  If the DSP48 was instantiated in the design, it is suggested to set both the MREG and PREG attributes to 1 when performing multiply functions.
WARNING: [DRC PDCN-1569] LUT equation term check: Used physical LUT pin 'A2' of cell top_i/axi_mem_intercon/s00_couplers/auto_pc/inst/gen_axi4_axi3.axi3_conv_inst/USE_WRITE.write_addr_inst/USE_B_CHANNEL.cmd_b_queue/inst/fifo_gen_inst/inst_fifo_gen/gconvfifo.rf/grf.rf/gntv_or_sync_fifo.gl0.rd/gr1.gr1_int.rfwft/gpregsm1.user_valid_i_1 (pin top_i/axi_mem_intercon/s00_couplers/auto_pc/inst/gen_axi4_axi3.axi3_conv_inst/USE_WRITE.write_addr_inst/USE_B_CHANNEL.cmd_b_queue/inst/fifo_gen_inst/inst_fifo_gen/gconvfifo.rf/grf.rf/gntv_or_sync_fifo.gl0.rd/gr1.gr1_int.rfwft/gpregsm1.user_valid_i_1/I1) is not included in the LUT equation: 'O6=(A6)+((~A6)*(~A5)*A4)'. If this cell is a user instantiated LUT in the design, please remove connectivity to the pin or change the equation and/or INIT string of the LUT to prevent this issue. If the cell is inferred or IP created LUT, please regenerate the IP and/or resynthesize the design to attempt to correct the issue.
WARNING: [DRC PDCN-1569] LUT equation term check: Used physical LUT pin 'A3' of cell dbg_hub/inst/BSCANID.u_xsdbm_id/SWITCH_N_EXT_BSCAN.id_state[0]_i_1 (pin dbg_hub/inst/BSCANID.u_xsdbm_id/SWITCH_N_EXT_BSCAN.id_state[0]_i_1/I0) is not included in the LUT equation: 'O6=(A6+~A6)*((A5))'. If this cell is a user instantiated LUT in the design, please remove connectivity to the pin or change the equation and/or INIT string of the LUT to prevent this issue. If the cell is inferred or IP created LUT, please regenerate the IP and/or resynthesize the design to attempt to correct the issue.
WARNING: [DRC PDCN-1569] LUT equation term check: Used physical LUT pin 'A3' of cell top_i/axi_mem_intercon/s00_couplers/auto_pc/inst/gen_axi4_axi3.axi3_conv_inst/USE_WRITE.write_addr_inst/USE_BURSTS.cmd_queue/inst/fifo_gen_inst/inst_fifo_gen/gconvfifo.rf/grf.rf/gntv_or_sync_fifo.gl0.rd/gr1.gr1_int.rfwft/gpregsm1.user_valid_i_1 (pin top_i/axi_mem_intercon/s00_couplers/auto_pc/inst/gen_axi4_axi3.axi3_conv_inst/USE_WRITE.write_addr_inst/USE_BURSTS.cmd_queue/inst/fifo_gen_inst/inst_fifo_gen/gconvfifo.rf/grf.rf/gntv_or_sync_fifo.gl0.rd/gr1.gr1_int.rfwft/gpregsm1.user_valid_i_1/I1) is not included in the LUT equation: 'O6=(A5)+((~A5)*(~A4)*A1)'. If this cell is a user instantiated LUT in the design, please remove connectivity to the pin or change the equation and/or INIT string of the LUT to prevent this issue. If the cell is inferred or IP created LUT, please regenerate the IP and/or resynthesize the design to attempt to correct the issue.
WARNING: [DRC PDCN-1569] LUT equation term check: Used physical LUT pin 'A4' of cell dbg_hub/inst/BSCANID.u_xsdbm_id/SWITCH_N_EXT_BSCAN.bscan_switch/temp_curid[31]_i_1 (pin dbg_hub/inst/BSCANID.u_xsdbm_id/SWITCH_N_EXT_BSCAN.bscan_switch/temp_curid[31]_i_1/I0) is not included in the LUT equation: 'O5=(A3*A2)+(A3*(~A2)*(~A1))+((~A3))'. If this cell is a user instantiated LUT in the design, please remove connectivity to the pin or change the equation and/or INIT string of the LUT to prevent this issue. If the cell is inferred or IP created LUT, please regenerate the IP and/or resynthesize the design to attempt to correct the issue.
WARNING: [DRC PDCN-1569] LUT equation term check: Used physical LUT pin 'A5' of cell dbg_hub/inst/BSCANID.u_xsdbm_id/SWITCH_N_EXT_BSCAN.bscan_switch/temp_curid[31]_i_1 (pin dbg_hub/inst/BSCANID.u_xsdbm_id/SWITCH_N_EXT_BSCAN.bscan_switch/temp_curid[31]_i_1/I1) is not included in the LUT equation: 'O5=(A3*A2)+(A3*(~A2)*(~A1))+((~A3))'. If this cell is a user instantiated LUT in the design, please remove connectivity to the pin or change the equation and/or INIT string of the LUT to prevent this issue. If the cell is inferred or IP created LUT, please regenerate the IP and/or resynthesize the design to attempt to correct the issue.
WARNING: [DRC RTSTAT-10] No routable loads: 92 net(s) have no routable loads. The problem bus(es) and/or net(s) are dbg_hub/inst/BSCANID.u_xsdbm_id/SWITCH_N_EXT_BSCAN.bscan_inst/TMS, top_i/axi_mem_intercon/s00_couplers/auto_pc/inst/gen_axi4_axi3.axi3_conv_inst/USE_WRITE.write_addr_inst/USE_BURSTS.cmd_queue/inst/fifo_gen_inst/inst_fifo_gen/gconvfifo.rf/grf.rf/gntv_or_sync_fifo.gl0.rd/gr1.gr1_int.rfwft/aempty_fwft_i, top_i/axi_mem_intercon/s00_couplers/auto_pc/inst/gen_axi4_axi3.axi3_conv_inst/USE_WRITE.write_addr_inst/USE_B_CHANNEL.cmd_b_queue/inst/fifo_gen_inst/inst_fifo_gen/gconvfifo.rf/grf.rf/gntv_or_sync_fifo.gl0.rd/gr1.gr1_int.rfwft/aempty_fwft_i, dbg_hub/inst/BSCANID.u_xsdbm_id/CORE_XSDB.UUT_MASTER/U_ICON_INTERFACE/U_CMD6_RD/U_RD_FIFO/SUBCORE_FIFO.xsdbm_v3_0_0_rdfifo_inst/inst_fifo_gen/gconvfifo.rf/grf.rf/gntv_or_sync_fifo.gl0.rd/gr1.gr1_int.rfwft/aempty_fwft_i, dbg_hub/inst/BSCANID.u_xsdbm_id/CORE_XSDB.UUT_MASTER/U_ICON_INTERFACE/U_CMD7_CTL/ctl_reg[2:0], dbg_hub/inst/BSCANID.u_xsdbm_id/CORE_XSDB.UUT_MASTER/U_ICON_INTERFACE/U_CMD7_CTL/ctl_reg_en_2[1], dbg_hub/inst/BSCANID.u_xsdbm_id/CORE_XSDB.UUT_MASTER/U_ICON_INTERFACE/U_CMD1/ctl_reg_en_2[1], top_i/mipi_csi2_rx_subsyst_0/inst/phy/inst/inst/bd_882f_phy_0_rx_support_i/slave_rx.dphy_rx_fab_top/gen_rx_data_lane[0].rx_data_lane_inst/fifo_rd_rst_t1_nxt, top_i/mipi_csi2_rx_subsyst_0/inst/phy/inst/inst/bd_882f_phy_0_rx_support_i/slave_rx.dphy_rx_fab_top/gen_rx_data_lane[1].rx_data_lane_inst/fifo_rd_rst_t1_nxt, top_i/mipi_csi2_rx_subsyst_0/inst/phy/inst/inst/bd_882f_phy_0_rx_support_i/slave_rx.dphy_rx_fab_top/gen_rx_data_lane[0].rx_data_lane_inst/fifo_rd_rst_t2, top_i/mipi_csi2_rx_subsyst_0/inst/phy/inst/inst/bd_882f_phy_0_rx_support_i/slave_rx.dphy_rx_fab_top/gen_rx_data_lane[1].rx_data_lane_inst/fifo_rd_rst_t2, dbg_hub/inst/BSCANID.u_xsdbm_id/SWITCH_N_EXT_BSCAN.bscan_switch/m_bscan_capture[0], dbg_hub/inst/BSCANID.u_xsdbm_id/SWITCH_N_EXT_BSCAN.bscan_switch/m_bscan_drck[0], dbg_hub/inst/BSCANID.u_xsdbm_id/SWITCH_N_EXT_BSCAN.bscan_switch/m_bscan_runtest[0], top_i/axi_mem_intercon/s00_couplers/auto_pc/inst/gen_axi4_axi3.axi3_conv_inst/USE_WRITE.write_addr_inst/USE_BURSTS.cmd_queue/inst/fifo_gen_inst/inst_fifo_gen/gconvfifo.rf/grf.rf/rstblk/ngwrdrst.grst.rd_rst_reg[2:0]... and (the first 15 of 76 listed).
INFO: [DRC REQP-165] writefirst: Synchronous clocking is detected for BRAM (top_i/xfft_1/U0/i_synth/xfft_inst/non_floating_point.arch_d.xfft_inst/pe_gen[0].natural_order_input.PE/FB_1.BF_1/MEM/blk_ram.use_bram_only.mem/depths_3to9.ram_loop[0].use_RAMB18.SDP_RAMB18E1_36x512) in SDP mode with WRITE_FIRST write-mode. This is the preferred mode for best power characteristics, however it may exhibit address collisions if the same address appears on both read and write ports resulting in unknown or corrupted read data. It is suggested to confirm via simulation that an address collision never occurs and if so it is suggested to try and avoid this situation. If address collisions cannot be avoided, the write-mode may be set to READ_FIRST which guarantees that the read data is the prior contents of the memory at the cost of additional power in the design. See the FPGA Memory Resources User Guide for additional information.
INFO: [DRC REQP-165] writefirst: Synchronous clocking is detected for BRAM (top_i/xfft_1/U0/i_synth/xfft_inst/non_floating_point.arch_d.xfft_inst/pe_gen[0].natural_order_input.PE/hasbf2.FB_2.BF_2/MEM/blk_ram.use_bram_only.mem/depths_3to9.ram_loop[0].use_RAMB18.SDP_RAMB18E1_36x512) in SDP mode with WRITE_FIRST write-mode. This is the preferred mode for best power characteristics, however it may exhibit address collisions if the same address appears on both read and write ports resulting in unknown or corrupted read data. It is suggested to confirm via simulation that an address collision never occurs and if so it is suggested to try and avoid this situation. If address collisions cannot be avoided, the write-mode may be set to READ_FIRST which guarantees that the read data is the prior contents of the memory at the cost of additional power in the design. See the FPGA Memory Resources User Guide for additional information.
INFO: [DRC REQP-165] writefirst: Synchronous clocking is detected for BRAM (top_i/xfft_1/U0/i_synth/xfft_inst/non_floating_point.arch_d.xfft_inst/pe_gen[1].natural_order_input.PE/FB_1.BF_1/MEM/blk_ram.use_bram_only.mem/depths_3to9.ram_loop[0].use_RAMB18.SDP_RAMB18E1_36x512) in SDP mode with WRITE_FIRST write-mode. This is the preferred mode for best power characteristics, however it may exhibit address collisions if the same address appears on both read and write ports resulting in unknown or corrupted read data. It is suggested to confirm via simulation that an address collision never occurs and if so it is suggested to try and avoid this situation. If address collisions cannot be avoided, the write-mode may be set to READ_FIRST which guarantees that the read data is the prior contents of the memory at the cost of additional power in the design. See the FPGA Memory Resources User Guide for additional information.
INFO: [DRC REQP-181] writefirst: Synchronous clocking is detected for BRAM (top_i/axi_dma_0/U0/I_PRMRY_DATAMOVER/GEN_S2MM_FULL.I_S2MM_FULL_WRAPPER/GEN_ENABLE_INDET_BTT_SF.I_INDET_BTT/I_DATA_FIFO/BLK_MEM.I_SYNC_FIFOGEN_FIFO/xpm_fifo_instance.xpm_fifo_sync_inst/xpm_fifo_base_inst/gen_sdpram.xpm_memory_base_inst/gen_wr_a.gen_word_narrow.mem_reg) in SDP mode with WRITE_FIRST write-mode. This is the preferred mode for best power characteristics, however it may exhibit address collisions if the same address appears on both read and write ports resulting in unknown or corrupted read data. It is suggested to confirm via simulation that an address collision never occurs and if so it is suggested to try and avoid this situation. If address collisions cannot be avoided, the write-mode may be set to READ_FIRST which guarantees that the read data is the prior contents of the memory at the cost of additional power in the design. See the FPGA Memory Resources User Guide for additional information.
INFO: [Vivado 12-3199] DRC finished with 0 Errors, 22 Warnings, 4 Advisories
INFO: [Vivado 12-3200] Please refer to the DRC report (report_drc) for more information.
INFO: [Designutils 20-2272] Running write_bitstream with 2 threads.
Loading data files...
Loading site data...
Loading route data...
Processing options...
Creating bitmap...
Creating bitstream...
Writing bitstream ./top_wrapper.bit...
INFO: [Vivado 12-1842] Bitgen Completed Successfully.
INFO: [Project 1-1876] WebTalk data collection is mandatory when using a ULT device. To see the specific WebTalk data collected for your design, open the usage_statistics_webtalk.html or usage_statistics_webtalk.xml file in the implementation directory.
INFO: [Common 17-83] Releasing license: Implementation
25 Infos, 22 Warnings, 0 Critical Warnings and 0 Errors encountered.
write_bitstream completed successfully
write_bitstream: Time (s): cpu = 00:00:07 ; elapsed = 00:00:13 . Memory (MB): peak = 3431.922 ; gain = 465.410
INFO: [Common 17-206] Exiting Vivado at Tue Sep 26 21:55:47 2023...
